--liquibase formatted sql

--changeset  abaquero:01
--comment: Adición de nuevos datos de Lion
-- 1220 número inicial de identificadores usados para el proceso 
insert into Parametro (prmNombre,prmValor) values ('FILE_DEFINITION_ID_AFILIACION_MULTIPLES', '1220');
Insert into FILEDEFINITIONLOADTYPE (ID,DESCRIPTION,NAME) values (1220,'Carga de archivo de solicitud de afiliación de múltiples trabajadores dependientes', 'Plantilla solicitud de afiliación de múltiples');
Insert into FILEDEFINITIONLOAD (ID,DECIMALSEPARATOR,NOMBRE,TENANTID,THOUSANDSSEPARATOR,EXCLUDELINES,REGISTERSREAD,SHEETNUMBERXLS,USECHARACTERS,FILEDEFINITIONTYPE_ID) values (1220,'.','Solicitud de afiliación de múltiples trabajadores dependientes',null,null,0,null,null,0,1220);
--Insert into LINELOADCATALOG (ID,CLASSNAME,DESCRIPTION,NAME,TENANTID,LINEORDER,LINESEPARATOR,TARGETENTITY) values (1220,'com.asopagos.afiliaciones.personas.web.load.TrabajadorDependientePersistLine','Titulo Información de la solicitud de afiliación del trabajador dependiente','Titulo',0,1,'|',null); 
--Insert into LINEDEFINITIONLOAD (ID,IDENTIFIER,NUMBERGROUP,REQUIRED,ROLLBACKORDER,FILEDEFINITION_ID,LINELOADCATALOG_ID) values (1220,'0',null,1,1,1220,1220);
Insert into LINELOADCATALOG (ID,CLASSNAME,DESCRIPTION,NAME,TENANTID,LINEORDER,LINESEPARATOR,TARGETENTITY) values (1221,'com.asopagos.afiliaciones.personas.web.load.TrabajadorDependientePersistLine','Información de la solicitud de afiliación del trabajador dependiente','Información del trabajador dependiente',0,1,'|',null); 
Insert into LINEDEFINITIONLOAD (ID,IDENTIFIER,NUMBERGROUP,REQUIRED,ROLLBACKORDER,FILEDEFINITION_ID,LINELOADCATALOG_ID) values (1221,'1',null,1,1,1220,1221);


-- No. Campo	Nombre del campo	Obligatorio
-- 1	Tipo de identificación				Si
Insert into FIELDLOADCATALOG (ID,DATATYPE,DESCRIPTION,MAXDECIMALSIZE,MINDECIMALSIZE,NAME,FIELDORDER,TENANTID) values 
(1221, 'STRING', 'Tipo de identificación', null, null, 'tipoIdentificacion', 1, 0);
Insert into FIELDDEFINITIONLOAD (ID,FINALPOSITION,FORMATDATE,INITIALPOSITION,LABEL,IDENTIFIERLINE,REMOVEFORMAT,REQUIRED,FIELDLOADCATALOG_ID,LINEDEFINITION_ID) values 
(1221, null, null, null, 'Tipo de identificación', 0, 0, 1, 1221, 1221);

-- 2			Número de identificación	Si
Insert into FIELDLOADCATALOG (ID,DATATYPE,DESCRIPTION,MAXDECIMALSIZE,MINDECIMALSIZE,NAME,FIELDORDER,TENANTID) values 
(1222, 'STRING', 'Número de identificación', null, null, 'numeroIdentificacion', 2, 0);
Insert into FIELDDEFINITIONLOAD (ID,FINALPOSITION,FORMATDATE,INITIALPOSITION,LABEL,IDENTIFIERLINE,REMOVEFORMAT,REQUIRED,FIELDLOADCATALOG_ID,LINEDEFINITION_ID) values 
(1222, null, null, null, 'Número de identificación', 0, 0, 1, 1222, 1221);

-- 3			Primer nombre				Si
Insert into FIELDLOADCATALOG (ID,DATATYPE,DESCRIPTION,MAXDECIMALSIZE,MINDECIMALSIZE,NAME,FIELDORDER,TENANTID) values 
(1223, 'STRING', 'Primer nombre', null, null, 'primerNombre', 3, 0);
Insert into FIELDDEFINITIONLOAD (ID,FINALPOSITION,FORMATDATE,INITIALPOSITION,LABEL,IDENTIFIERLINE,REMOVEFORMAT,REQUIRED,FIELDLOADCATALOG_ID,LINEDEFINITION_ID) values 
(1223, null, null, null, 'Primer nombre', 0, 0, 1, 1223, 1221);

-- 4			Segundo nombre				No
Insert into FIELDLOADCATALOG (ID,DATATYPE,DESCRIPTION,MAXDECIMALSIZE,MINDECIMALSIZE,NAME,FIELDORDER,TENANTID) values 
(1224, 'STRING', 'Segundo nombre', null, null, 'segundoNombre', 4, 0);
Insert into FIELDDEFINITIONLOAD (ID,FINALPOSITION,FORMATDATE,INITIALPOSITION,LABEL,IDENTIFIERLINE,REMOVEFORMAT,REQUIRED,FIELDLOADCATALOG_ID,LINEDEFINITION_ID) values 
(1224, null, null, null, 'Segundo nombre', 0, 0, 0, 1224, 1221);

-- 5			Primer apellido				Si
Insert into FIELDLOADCATALOG (ID,DATATYPE,DESCRIPTION,MAXDECIMALSIZE,MINDECIMALSIZE,NAME,FIELDORDER,TENANTID) values 
(1225, 'STRING', 'Primer apellido', null, null, 'primerApellido', 5, 0);
Insert into FIELDDEFINITIONLOAD (ID,FINALPOSITION,FORMATDATE,INITIALPOSITION,LABEL,IDENTIFIERLINE,REMOVEFORMAT,REQUIRED,FIELDLOADCATALOG_ID,LINEDEFINITION_ID) values 
(1225, null, null, null, 'Primer apellido', 0, 0, 1, 1225, 1221);

-- 6			Segundo apellido			No
Insert into FIELDLOADCATALOG (ID,DATATYPE,DESCRIPTION,MAXDECIMALSIZE,MINDECIMALSIZE,NAME,FIELDORDER,TENANTID) values 
(1226, 'STRING', 'Segundo apellido', null, null, 'segundoApellido', 6, 0);
Insert into FIELDDEFINITIONLOAD (ID,FINALPOSITION,FORMATDATE,INITIALPOSITION,LABEL,IDENTIFIERLINE,REMOVEFORMAT,REQUIRED,FIELDLOADCATALOG_ID,LINEDEFINITION_ID) values 
(1226, null, null, null, 'Segundo apellido', 0, 0, 0, 1226, 1221);

-- 7			Fecha de expedición de documento de identidad		No
Insert into FIELDLOADCATALOG (ID,DATATYPE,DESCRIPTION,MAXDECIMALSIZE,MINDECIMALSIZE,NAME,FIELDORDER,TENANTID) values 
(1227, 'DATE', 'Fecha de expedición de documento de identidad', null, null, 'fechaExpDocIdentidad', 7, 0);
Insert into FIELDDEFINITIONLOAD (ID,FINALPOSITION,FORMATDATE,INITIALPOSITION,LABEL,IDENTIFIERLINE,REMOVEFORMAT,REQUIRED,FIELDLOADCATALOG_ID,LINEDEFINITION_ID) values 
(1227, null, 'dd-MM-yyyy', null, 'Fecha de expedición de documento de identidad', 0, 0, 0, 1227, 1221);

-- 8			Género						Si
Insert into FIELDLOADCATALOG (ID,DATATYPE,DESCRIPTION,MAXDECIMALSIZE,MINDECIMALSIZE,NAME,FIELDORDER,TENANTID) values 
(1228, 'STRING', 'Género', null, null, 'genero', 8, 0);
Insert into FIELDDEFINITIONLOAD (ID,FINALPOSITION,FORMATDATE,INITIALPOSITION,LABEL,IDENTIFIERLINE,REMOVEFORMAT,REQUIRED,FIELDLOADCATALOG_ID,LINEDEFINITION_ID) values 
(1228, null, null, null, 'Género', 0, 0, 1, 1228, 1221);

-- 9			Fecha de nacimiento			Si
Insert into FIELDLOADCATALOG (ID,DATATYPE,DESCRIPTION,MAXDECIMALSIZE,MINDECIMALSIZE,NAME,FIELDORDER,TENANTID) values 
(1229, 'DATE', 'Fecha de nacimiento', null, null, 'fechaNacimiento', 9, 0);
Insert into FIELDDEFINITIONLOAD (ID,FINALPOSITION,FORMATDATE,INITIALPOSITION,LABEL,IDENTIFIERLINE,REMOVEFORMAT,REQUIRED,FIELDLOADCATALOG_ID,LINEDEFINITION_ID) values 
(1229, null, 'dd-MM-yyyy', null, 'Fecha de nacimiento', 0, 0, 1, 1229, 1221);

-- 10			Cabeza de hogar				Si
Insert into FIELDLOADCATALOG (ID,DATATYPE,DESCRIPTION,MAXDECIMALSIZE,MINDECIMALSIZE,NAME,FIELDORDER,TENANTID) values 
(1230, 'STRING', 'Cabeza de hogar', null, null, 'cabezaHogar', 10, 0);
Insert into FIELDDEFINITIONLOAD (ID,FINALPOSITION,FORMATDATE,INITIALPOSITION,LABEL,IDENTIFIERLINE,REMOVEFORMAT,REQUIRED,FIELDLOADCATALOG_ID,LINEDEFINITION_ID) values 
(1230, null, null, null, 'Cabeza de hogar', 0, 0, 1, 1230, 1221);

-- 11			Departamento				Si
Insert into FIELDLOADCATALOG (ID,DATATYPE,DESCRIPTION,MAXDECIMALSIZE,MINDECIMALSIZE,NAME,FIELDORDER,TENANTID) values 
(1231, 'LONG', 'Departamento', null, null, 'departamento', 11, 0);
Insert into FIELDDEFINITIONLOAD (ID,FINALPOSITION,FORMATDATE,INITIALPOSITION,LABEL,IDENTIFIERLINE,REMOVEFORMAT,REQUIRED,FIELDLOADCATALOG_ID,LINEDEFINITION_ID) values 
(1231, null, null, null, 'Departamento', 0, 0, 1, 1231, 1221);

-- 12			Municipio					Si
Insert into FIELDLOADCATALOG (ID,DATATYPE,DESCRIPTION,MAXDECIMALSIZE,MINDECIMALSIZE,NAME,FIELDORDER,TENANTID) values 
(1232, 'LONG', 'Municipio', null, null, 'municipio', 12, 0);
Insert into FIELDDEFINITIONLOAD (ID,FINALPOSITION,FORMATDATE,INITIALPOSITION,LABEL,IDENTIFIERLINE,REMOVEFORMAT,REQUIRED,FIELDLOADCATALOG_ID,LINEDEFINITION_ID) values 
(1232, null, null, null, 'Municipio', 0, 0, 1, 1232, 1221);

-- 13			Dirección de residencia		Si
Insert into FIELDLOADCATALOG (ID,DATATYPE,DESCRIPTION,MAXDECIMALSIZE,MINDECIMALSIZE,NAME,FIELDORDER,TENANTID) values 
(1233, 'STRING', 'Dirección de residencia', null, null, 'direccionResidencia', 13, 0);
Insert into FIELDDEFINITIONLOAD (ID,FINALPOSITION,FORMATDATE,INITIALPOSITION,LABEL,IDENTIFIERLINE,REMOVEFORMAT,REQUIRED,FIELDLOADCATALOG_ID,LINEDEFINITION_ID) values 
(1233, null, null, null, 'Dirección de residencia', 0, 0, 1, 1233, 1221);

-- 14			Teléfono fijo				No
Insert into FIELDLOADCATALOG (ID,DATATYPE,DESCRIPTION,MAXDECIMALSIZE,MINDECIMALSIZE,NAME,FIELDORDER,TENANTID) values 
(1234, 'STRING', 'Teléfono fijo', null, null, 'telefonoFijo', 14, 0);
Insert into FIELDDEFINITIONLOAD (ID,FINALPOSITION,FORMATDATE,INITIALPOSITION,LABEL,IDENTIFIERLINE,REMOVEFORMAT,REQUIRED,FIELDLOADCATALOG_ID,LINEDEFINITION_ID) values 
(1234, null, null, null, 'Teléfono fijo', 0, 0, 0, 1234, 1221);

-- 15			Teléfono celular			No
Insert into FIELDLOADCATALOG (ID,DATATYPE,DESCRIPTION,MAXDECIMALSIZE,MINDECIMALSIZE,NAME,FIELDORDER,TENANTID) values 
(1235, 'STRING', 'Teléfono celular', null, null, 'telefonoCelular', 15, 0);
Insert into FIELDDEFINITIONLOAD (ID,FINALPOSITION,FORMATDATE,INITIALPOSITION,LABEL,IDENTIFIERLINE,REMOVEFORMAT,REQUIRED,FIELDLOADCATALOG_ID,LINEDEFINITION_ID) values 
(1235, null, null, null, 'Teléfono celular', 0, 0, 0, 1235, 1221);

-- 16			Correo electrónico			No
Insert into FIELDLOADCATALOG (ID,DATATYPE,DESCRIPTION,MAXDECIMALSIZE,MINDECIMALSIZE,NAME,FIELDORDER,TENANTID) values 
(1236, 'STRING', 'Correo electrónico', null, null, 'correoElectronico', 16, 0);
Insert into FIELDDEFINITIONLOAD (ID,FINALPOSITION,FORMATDATE,INITIALPOSITION,LABEL,IDENTIFIERLINE,REMOVEFORMAT,REQUIRED,FIELDLOADCATALOG_ID,LINEDEFINITION_ID) values 
(1236, null, null, null, 'Correo electrónico', 0, 0, 0, 1236, 1221);

-- 17			Autorización de envío de correo electrónico		Si
Insert into FIELDLOADCATALOG (ID,DATATYPE,DESCRIPTION,MAXDECIMALSIZE,MINDECIMALSIZE,NAME,FIELDORDER,TENANTID) values 
(1237, 'STRING', 'Autorización de envío de correo electrónico', null, null, 'autorizacionEnvioCorreo', 17, 0);
Insert into FIELDDEFINITIONLOAD (ID,FINALPOSITION,FORMATDATE,INITIALPOSITION,LABEL,IDENTIFIERLINE,REMOVEFORMAT,REQUIRED,FIELDLOADCATALOG_ID,LINEDEFINITION_ID) values 
(1237, null, null, null, 'Autorización de envío de correo electrónico', 0, 0, 1, 1237, 1221);

-- 18			Autoriza utilización de datos personales		Si
Insert into FIELDLOADCATALOG (ID,DATATYPE,DESCRIPTION,MAXDECIMALSIZE,MINDECIMALSIZE,NAME,FIELDORDER,TENANTID) values 
(1238, 'STRING', 'Autoriza utilización de datos personales', null, null, 'autorizaUsoDatosPersonales', 18, 0);
Insert into FIELDDEFINITIONLOAD (ID,FINALPOSITION,FORMATDATE,INITIALPOSITION,LABEL,IDENTIFIERLINE,REMOVEFORMAT,REQUIRED,FIELDLOADCATALOG_ID,LINEDEFINITION_ID) values 
(1238, null, null, null, 'Autoriza utilización de datos personales', 0, 0, 1, 1238, 1221);

-- 19			Reside en sector rural?		Si
Insert into FIELDLOADCATALOG (ID,DATATYPE,DESCRIPTION,MAXDECIMALSIZE,MINDECIMALSIZE,NAME,FIELDORDER,TENANTID) values 
(1239, 'STRING', 'Reside en sector rural', null, null, 'resideSectorRural', 19, 0);
Insert into FIELDDEFINITIONLOAD (ID,FINALPOSITION,FORMATDATE,INITIALPOSITION,LABEL,IDENTIFIERLINE,REMOVEFORMAT,REQUIRED,FIELDLOADCATALOG_ID,LINEDEFINITION_ID) values 
(1239, null, null, null, 'Reside en sector rural', 0, 0, 1, 1239, 1221);

-- 20			Clase de trabajador			Si
Insert into FIELDLOADCATALOG (ID,DATATYPE,DESCRIPTION,MAXDECIMALSIZE,MINDECIMALSIZE,NAME,FIELDORDER,TENANTID) values 
(1240, 'STRING', 'Clase de trabajador', null, null, 'claseTrabajador', 20, 0);
Insert into FIELDDEFINITIONLOAD (ID,FINALPOSITION,FORMATDATE,INITIALPOSITION,LABEL,IDENTIFIERLINE,REMOVEFORMAT,REQUIRED,FIELDLOADCATALOG_ID,LINEDEFINITION_ID) values 
(1240, null, null, null, 'Clase de trabajador', 0, 0, 1, 1240, 1221);

-- 21			Fecha de inicio de labores con empleador		Si
Insert into FIELDLOADCATALOG (ID,DATATYPE,DESCRIPTION,MAXDECIMALSIZE,MINDECIMALSIZE,NAME,FIELDORDER,TENANTID) values 
(1241, 'DATE', 'Fecha de inicio de labores con empleador', null, null, 'fechaInicioLaboresConEmpleador', 21, 0);
Insert into FIELDDEFINITIONLOAD (ID,FINALPOSITION,FORMATDATE,INITIALPOSITION,LABEL,IDENTIFIERLINE,REMOVEFORMAT,REQUIRED,FIELDLOADCATALOG_ID,LINEDEFINITION_ID) values 
(1241, null, 'dd-MM-yyyy', null, 'Fecha de inicio de labores con empleador', 0, 0, 1, 1241, 1221);

-- 22			Valor salario mensual		Si
Insert into FIELDLOADCATALOG (ID,DATATYPE,DESCRIPTION,MAXDECIMALSIZE,MINDECIMALSIZE,NAME,FIELDORDER,TENANTID) values 
(1242, 'BIGDECIMAL', 'Valor salario mensual', null, null, 'valorSalarioMensual', 22, 0);
Insert into FIELDDEFINITIONLOAD (ID,FINALPOSITION,FORMATDATE,INITIALPOSITION,LABEL,IDENTIFIERLINE,REMOVEFORMAT,REQUIRED,FIELDLOADCATALOG_ID,LINEDEFINITION_ID) values 
(1242, null, null, null, 'Valor salario mensual', 0, 0, 1, 1242, 1221);

-- 23			Estado civil				Si
Insert into FIELDLOADCATALOG (ID,DATATYPE,DESCRIPTION,MAXDECIMALSIZE,MINDECIMALSIZE,NAME,FIELDORDER,TENANTID) values 
(1243, 'STRING', 'Estado civil', null, null, 'estadoCivil', 23, 0);
Insert into FIELDDEFINITIONLOAD (ID,FINALPOSITION,FORMATDATE,INITIALPOSITION,LABEL,IDENTIFIERLINE,REMOVEFORMAT,REQUIRED,FIELDLOADCATALOG_ID,LINEDEFINITION_ID) values 
(1243, null, null, null, 'Estado civil', 0, 0, 1, 1243, 1221);

Insert into VALIDATORCATALOG (ID,CLASSNAME,DESCRIPTION,NAME,SCOPE,TENANTID) values 
(1221,'com.asopagos.afiliaciones.personas.web.load.validator.TrabajadorDependienteLineValidator','validador de línea de carga múltiple de solicitud de afiliación de trabajadores dependientes','Validador línea carga múltiple','LINE',null);
Insert into VALIDATORDEFINITION (ID,EXCLUDELINE,STOPPROCESS,VALIDATORORDER,FIELDDEFINITION_ID,FILEDEFINITIONLOAD_ID,LINEDEFINITION_ID,VALIDATORCATALOG_ID) values 
(1221,1,0,1,null,null,1221,1221);

-- validadores de negocio


