{
    "providers": [
        "classpath:${jboss.home.dir}/providers/*",
		"module:com.asopagos.kc.keycloak-rest"
    ],

    "admin": {
        "realm": "master"
    },

    "eventsStore": {
        "provider": "jpa",
        "jpa": {
            "exclude-events": [ "REFRESH_TOKEN" ]
        }
    },

    "realm": {
        "provider": "jpa"
    },

    "user": {
        "provider": "jpa"
    },

    "userCache": {
        "default" : {
            "enabled": true
        }
    },

    "userSessionPersister": {
        "provider": "jpa"
    },

    "authorizationPersister": {
        "provider": "jpa"
    },

    "timer": {
        "provider": "basic"
    },

    "theme": {
        "staticMaxAge": 2592000,
        "cacheTemplates": true,
        "cacheThemes": true,
        "folder": {
          "dir": "${jboss.home.dir}/themes"
        }
    },

    "scheduled": {
        "interval": 900
    },

    "connectionsHttpClient": {
        "default": {}
    },

    "connectionsJpa": {
        "default": {
            "dataSource": "java:jboss/datasources/KeycloakDS",
            "databaseSchema": "update"
        }
    },

    "realmCache": {
        "default" : {
            "enabled": true
        }
    },

    "connectionsInfinispan": {
        "provider": "default",
        "default": {
            "cacheContainer" : "java:comp/env/infinispan/Keycloak"
        }
    }
}