--liquibase formatted sql

--changeset atoro:01
--comment: Inserción en la tabla RequisitoCajaClasificacion
-- 4 cambio de actividad economica principal presencial
INSERT RequisitoCajaClasificacion (rtsEstado,rtsClasificacion,rtsTipoTransaccion,rtsCajaCompensacion,rtsRequisito,rtsTextoAyuda) VALUES ('OBLIGATORIO','PERSONA_JURIDICA','CAMBIO_ACTIVIDAD_ECONOMICA_PRINCIPAL_WEB',1,(SELECT reqId FROM Requisito WHERE reqDescripcion='Copia del RUT'),'Se revisa:-Tipo y número de identificación del empleador,que deben coincidir con los demás documentos soporte -Razón social / Nombre del empleador,que debe coincidir con los demás documentos soporte -Actividad económica (Código CIIU),que debe coincidir con los demás documentos soporte');
INSERT RequisitoCajaClasificacion (rtsEstado,rtsClasificacion,rtsTipoTransaccion,rtsCajaCompensacion,rtsRequisito,rtsTextoAyuda) VALUES ('OBLIGATORIO','PERSONA_NATURAL','CAMBIO_ACTIVIDAD_ECONOMICA_PRINCIPAL_WEB',1,(SELECT reqId FROM Requisito WHERE reqDescripcion='Copia del RUT'),'Se revisa:-Tipo y número de identificación del empleador,que deben coincidir con los demás documentos soporte -Razón social / Nombre del empleador,que debe coincidir con los demás documentos soporte -Actividad económica (Código CIIU),que debe coincidir con los demás documentos soporte');
INSERT RequisitoCajaClasificacion (rtsEstado,rtsClasificacion,rtsTipoTransaccion,rtsCajaCompensacion,rtsRequisito,rtsTextoAyuda) VALUES ('OBLIGATORIO','COOPERATIVA_O_PRECOOPERATIVA_DE_TRABAJO_ASOCIADO','CAMBIO_ACTIVIDAD_ECONOMICA_PRINCIPAL_WEB',1,(SELECT reqId FROM Requisito WHERE reqDescripcion='Copia del RUT'),'Se revisa:-Tipo y número de identificación del empleador,que deben coincidir con los demás documentos soporte -Razón social / Nombre del empleador,que debe coincidir con los demás documentos soporte -Actividad económica (Código CIIU),que debe coincidir con los demás documentos soporte');
INSERT RequisitoCajaClasificacion (rtsEstado,rtsClasificacion,rtsTipoTransaccion,rtsCajaCompensacion,rtsRequisito,rtsTextoAyuda) VALUES ('OBLIGATORIO','ENTIDAD_SIN_ANIMO_DE_LUCRO','CAMBIO_ACTIVIDAD_ECONOMICA_PRINCIPAL_WEB',1,(SELECT reqId FROM Requisito WHERE reqDescripcion='Copia del RUT'),'Se revisa:-Tipo y número de identificación del empleador,que deben coincidir con los demás documentos soporte -Razón social / Nombre del empleador,que debe coincidir con los demás documentos soporte -Actividad económica (Código CIIU),que debe coincidir con los demás documentos soporte');
INSERT RequisitoCajaClasificacion (rtsEstado,rtsClasificacion,rtsTipoTransaccion,rtsCajaCompensacion,rtsRequisito,rtsTextoAyuda) VALUES ('OBLIGATORIO','ORGANIZACION_RELIGIOSA_O_PARROQUIA','CAMBIO_ACTIVIDAD_ECONOMICA_PRINCIPAL_WEB',1,(SELECT reqId FROM Requisito WHERE reqDescripcion='Copia del RUT'),'Se revisa:-Tipo y número de identificación del empleador,que deben coincidir con los demás documentos soporte -Razón social / Nombre del empleador,que debe coincidir con los demás documentos soporte -Actividad económica (Código CIIU),que debe coincidir con los demás documentos soporte');
INSERT RequisitoCajaClasificacion (rtsEstado,rtsClasificacion,rtsTipoTransaccion,rtsCajaCompensacion,rtsRequisito) VALUES ('OPCIONAL','COOPERATIVA_O_PRECOOPERATIVA_DE_TRABAJO_ASOCIADO','CAMBIO_ACTIVIDAD_ECONOMICA_PRINCIPAL_WEB',1,(SELECT reqId FROM Requisito WHERE reqDescripcion='Carta del Representante Legal dirigida a CCF solicitando el trámite de la novedad'));
INSERT RequisitoCajaClasificacion (rtsEstado,rtsClasificacion,rtsTipoTransaccion,rtsCajaCompensacion,rtsRequisito) VALUES ('OPCIONAL','EMPLEADOR_DE_SERVICIO_DOMESTICO','CAMBIO_ACTIVIDAD_ECONOMICA_PRINCIPAL_WEB',1,(SELECT reqId FROM Requisito WHERE reqDescripcion='Carta del Representante Legal dirigida a CCF solicitando el trámite de la novedad'));
INSERT RequisitoCajaClasificacion (rtsEstado,rtsClasificacion,rtsTipoTransaccion,rtsCajaCompensacion,rtsRequisito) VALUES ('OPCIONAL','ENTIDAD_SIN_ANIMO_DE_LUCRO','CAMBIO_ACTIVIDAD_ECONOMICA_PRINCIPAL_WEB',1,(SELECT reqId FROM Requisito WHERE reqDescripcion='Carta del Representante Legal dirigida a CCF solicitando el trámite de la novedad'));
INSERT RequisitoCajaClasificacion (rtsEstado,rtsClasificacion,rtsTipoTransaccion,rtsCajaCompensacion,rtsRequisito) VALUES ('OPCIONAL','ORGANIZACION_RELIGIOSA_O_PARROQUIA','CAMBIO_ACTIVIDAD_ECONOMICA_PRINCIPAL_WEB',1,(SELECT reqId FROM Requisito WHERE reqDescripcion='Carta del Representante Legal dirigida a CCF solicitando el trámite de la novedad'));
INSERT RequisitoCajaClasificacion (rtsEstado,rtsClasificacion,rtsTipoTransaccion,rtsCajaCompensacion,rtsRequisito) VALUES ('OPCIONAL','PERSONA_JURIDICA','CAMBIO_ACTIVIDAD_ECONOMICA_PRINCIPAL_WEB',1,(SELECT reqId FROM Requisito WHERE reqDescripcion='Carta del Representante Legal dirigida a CCF solicitando el trámite de la novedad'));
INSERT RequisitoCajaClasificacion (rtsEstado,rtsClasificacion,rtsTipoTransaccion,rtsCajaCompensacion,rtsRequisito) VALUES ('OPCIONAL','PERSONA_NATURAL','CAMBIO_ACTIVIDAD_ECONOMICA_PRINCIPAL_WEB',1,(SELECT reqId FROM Requisito WHERE reqDescripcion='Carta del Representante Legal dirigida a CCF solicitando el trámite de la novedad'));
INSERT RequisitoCajaClasificacion (rtsEstado,rtsClasificacion,rtsTipoTransaccion,rtsCajaCompensacion,rtsRequisito) VALUES ('OPCIONAL','PROPIEDAD_HORIZONTAL','CAMBIO_ACTIVIDAD_ECONOMICA_PRINCIPAL_WEB',1,(SELECT reqId FROM Requisito WHERE reqDescripcion='Carta del Representante Legal dirigida a CCF solicitando el trámite de la novedad'));
-- 6 actualizacion de datos contacto oficina principal
INSERT RequisitoCajaClasificacion (rtsEstado,rtsClasificacion,rtsTipoTransaccion,rtsCajaCompensacion,rtsRequisito) VALUES ('OPCIONAL','COOPERATIVA_O_PRECOOPERATIVA_DE_TRABAJO_ASOCIADO','ACTUALIZACION_DATOS_OFICINA_PRINCIPAL_WEB',1,(SELECT reqId FROM Requisito WHERE reqDescripcion='Carta del Representante Legal dirigida a CCF solicitando el trámite de la novedad'));
INSERT RequisitoCajaClasificacion (rtsEstado,rtsClasificacion,rtsTipoTransaccion,rtsCajaCompensacion,rtsRequisito) VALUES ('OPCIONAL','EMPLEADOR_DE_SERVICIO_DOMESTICO','ACTUALIZACION_DATOS_OFICINA_PRINCIPAL_WEB',1,(SELECT reqId FROM Requisito WHERE reqDescripcion='Carta del Representante Legal dirigida a CCF solicitando el trámite de la novedad'));
INSERT RequisitoCajaClasificacion (rtsEstado,rtsClasificacion,rtsTipoTransaccion,rtsCajaCompensacion,rtsRequisito) VALUES ('OPCIONAL','ENTIDAD_SIN_ANIMO_DE_LUCRO','ACTUALIZACION_DATOS_OFICINA_PRINCIPAL_WEB',1,(SELECT reqId FROM Requisito WHERE reqDescripcion='Carta del Representante Legal dirigida a CCF solicitando el trámite de la novedad'));
INSERT RequisitoCajaClasificacion (rtsEstado,rtsClasificacion,rtsTipoTransaccion,rtsCajaCompensacion,rtsRequisito) VALUES ('OPCIONAL','ORGANIZACION_RELIGIOSA_O_PARROQUIA','ACTUALIZACION_DATOS_OFICINA_PRINCIPAL_WEB',1,(SELECT reqId FROM Requisito WHERE reqDescripcion='Carta del Representante Legal dirigida a CCF solicitando el trámite de la novedad'));
INSERT RequisitoCajaClasificacion (rtsEstado,rtsClasificacion,rtsTipoTransaccion,rtsCajaCompensacion,rtsRequisito) VALUES ('OPCIONAL','PERSONA_JURIDICA','ACTUALIZACION_DATOS_OFICINA_PRINCIPAL_WEB',1,(SELECT reqId FROM Requisito WHERE reqDescripcion='Carta del Representante Legal dirigida a CCF solicitando el trámite de la novedad'));
INSERT RequisitoCajaClasificacion (rtsEstado,rtsClasificacion,rtsTipoTransaccion,rtsCajaCompensacion,rtsRequisito) VALUES ('OPCIONAL','PERSONA_NATURAL','ACTUALIZACION_DATOS_OFICINA_PRINCIPAL_WEB',1,(SELECT reqId FROM Requisito WHERE reqDescripcion='Carta del Representante Legal dirigida a CCF solicitando el trámite de la novedad'));
INSERT RequisitoCajaClasificacion (rtsEstado,rtsClasificacion,rtsTipoTransaccion,rtsCajaCompensacion,rtsRequisito) VALUES ('OPCIONAL','PROPIEDAD_HORIZONTAL','ACTUALIZACION_DATOS_OFICINA_PRINCIPAL_WEB',1,(SELECT reqId FROM Requisito WHERE reqDescripcion='Carta del Representante Legal dirigida a CCF solicitando el trámite de la novedad'));
-- 7 Actualización de datos de envio de correspondencia
INSERT RequisitoCajaClasificacion (rtsEstado,rtsClasificacion,rtsTipoTransaccion,rtsCajaCompensacion,rtsRequisito) VALUES ('OPCIONAL','COOPERATIVA_O_PRECOOPERATIVA_DE_TRABAJO_ASOCIADO','ACTUALIZACION_DATOS_ENVIO_CORRESPONDENCIA_WEB',1,(SELECT reqId FROM Requisito WHERE reqDescripcion='Carta del Representante Legal dirigida a CCF solicitando el trámite de la novedad'));
INSERT RequisitoCajaClasificacion (rtsEstado,rtsClasificacion,rtsTipoTransaccion,rtsCajaCompensacion,rtsRequisito) VALUES ('OPCIONAL','EMPLEADOR_DE_SERVICIO_DOMESTICO','ACTUALIZACION_DATOS_ENVIO_CORRESPONDENCIA_WEB',1,(SELECT reqId FROM Requisito WHERE reqDescripcion='Carta del Representante Legal dirigida a CCF solicitando el trámite de la novedad'));
INSERT RequisitoCajaClasificacion (rtsEstado,rtsClasificacion,rtsTipoTransaccion,rtsCajaCompensacion,rtsRequisito) VALUES ('OPCIONAL','ENTIDAD_SIN_ANIMO_DE_LUCRO','ACTUALIZACION_DATOS_ENVIO_CORRESPONDENCIA_WEB',1,(SELECT reqId FROM Requisito WHERE reqDescripcion='Carta del Representante Legal dirigida a CCF solicitando el trámite de la novedad'));
INSERT RequisitoCajaClasificacion (rtsEstado,rtsClasificacion,rtsTipoTransaccion,rtsCajaCompensacion,rtsRequisito) VALUES ('OPCIONAL','ORGANIZACION_RELIGIOSA_O_PARROQUIA','ACTUALIZACION_DATOS_ENVIO_CORRESPONDENCIA_WEB',1,(SELECT reqId FROM Requisito WHERE reqDescripcion='Carta del Representante Legal dirigida a CCF solicitando el trámite de la novedad'));
INSERT RequisitoCajaClasificacion (rtsEstado,rtsClasificacion,rtsTipoTransaccion,rtsCajaCompensacion,rtsRequisito) VALUES ('OPCIONAL','PERSONA_JURIDICA','ACTUALIZACION_DATOS_ENVIO_CORRESPONDENCIA_WEB',1,(SELECT reqId FROM Requisito WHERE reqDescripcion='Carta del Representante Legal dirigida a CCF solicitando el trámite de la novedad'));
INSERT RequisitoCajaClasificacion (rtsEstado,rtsClasificacion,rtsTipoTransaccion,rtsCajaCompensacion,rtsRequisito) VALUES ('OPCIONAL','PERSONA_NATURAL','ACTUALIZACION_DATOS_ENVIO_CORRESPONDENCIA_WEB',1,(SELECT reqId FROM Requisito WHERE reqDescripcion='Carta del Representante Legal dirigida a CCF solicitando el trámite de la novedad'));
INSERT RequisitoCajaClasificacion (rtsEstado,rtsClasificacion,rtsTipoTransaccion,rtsCajaCompensacion,rtsRequisito) VALUES ('OPCIONAL','PROPIEDAD_HORIZONTAL','ACTUALIZACION_DATOS_ENVIO_CORRESPONDENCIA_WEB',1,(SELECT reqId FROM Requisito WHERE reqDescripcion='Carta del Representante Legal dirigida a CCF solicitando el trámite de la novedad'));
-- 8 actualización direccion notificacion judicial
INSERT RequisitoCajaClasificacion (rtsEstado,rtsClasificacion,rtsTipoTransaccion,rtsCajaCompensacion,rtsRequisito,rtsTextoAyuda) VALUES ('OBLIGATORIO','PERSONA_JURIDICA','ACTUALIZACION_DIRECCION_NOTIFICACION_JUDICIAL_WEB',1,(SELECT reqId FROM Requisito WHERE reqDescripcion='Documento que acredite la existencia y/o representación legal'),'Se revisa: -Documento emitido por la entidad competente -Fecha de expedición no mayor a 90 días -Tipo y número de identificación del empleador,que deben coincidir con los demás documentos soporte -Razón social / Nombre del empleador,que debe coincidir con los demás documentos soporte -Fecha de constitución,que debe coincidir con los demás documentos soporte -Datos de identificación del representante legal,que deben coincidir con los demás documentos soporte -Objeto social -Si está acogido a los beneficios de Ley 1429 de 2010');
INSERT RequisitoCajaClasificacion (rtsEstado,rtsClasificacion,rtsTipoTransaccion,rtsCajaCompensacion,rtsRequisito,rtsTextoAyuda) VALUES ('OBLIGATORIO','PERSONA_NATURAL','ACTUALIZACION_DIRECCION_NOTIFICACION_JUDICIAL_WEB',1,(SELECT reqId FROM Requisito WHERE reqDescripcion='Documento que acredite la existencia y/o representación legal'),'Se revisa: -Documento emitido por la entidad competente -Fecha de expedición no mayor a 90 días -Tipo y número de identificación del empleador,que deben coincidir con los demás documentos soporte -Razón social / Nombre del empleador,que debe coincidir con los demás documentos soporte -Fecha de constitución,que debe coincidir con los demás documentos soporte -Datos de identificación del representante legal,que deben coincidir con los demás documentos soporte -Objeto social -Si está acogido a los beneficios de Ley 1429 de 2010');
INSERT RequisitoCajaClasificacion (rtsEstado,rtsClasificacion,rtsTipoTransaccion,rtsCajaCompensacion,rtsRequisito,rtsTextoAyuda) VALUES ('OBLIGATORIO','PROPIEDAD_HORIZONTAL','ACTUALIZACION_DIRECCION_NOTIFICACION_JUDICIAL_WEB',1,(SELECT reqId FROM Requisito WHERE reqDescripcion='Copia del documento que certifique la personería jurídica'),'Se revisa: -Documento emitido por la entidad competente -Fecha de expedición no mayor a 90 días -Tipo y número de identificación del empleador,que deben coincidir con los demás documentos soporte -Razón social / Nombre del empleador,que debe coincidir con los demás documentos soporte -Fecha de constitución,que debe coincidir con los demás documentos soporte -Datos de identificación del representante legal,que deben coincidir con los demás documentos soporte -Objeto social');
INSERT RequisitoCajaClasificacion (rtsEstado,rtsClasificacion,rtsTipoTransaccion,rtsCajaCompensacion,rtsRequisito,rtsTextoAyuda) VALUES ('OBLIGATORIO','COOPERATIVA_O_PRECOOPERATIVA_DE_TRABAJO_ASOCIADO','ACTUALIZACION_DIRECCION_NOTIFICACION_JUDICIAL_WEB',1,(SELECT reqId FROM Requisito WHERE reqDescripcion='Documento acredita existencia/representación legal o Personería Jurídica'),'Se revisa: -Documento emitido por la entidad competente -Fecha de expedición no mayor a 90 días -Tipo y número de identificación del empleador,que deben coincidir con los demás documentos soporte -Razón social / Nombre del empleador,que debe coincidir con los demás documentos soporte -Fecha de constitución,que debe coincidir con los demás documentos soporte -Datos de identificación del representante legal,que deben coincidir con los demás documentos soporte -Objeto social -Si está acogido a los beneficios de Ley 1429 de 2010');
INSERT RequisitoCajaClasificacion (rtsEstado,rtsClasificacion,rtsTipoTransaccion,rtsCajaCompensacion,rtsRequisito,rtsTextoAyuda) VALUES ('OBLIGATORIO','ENTIDAD_SIN_ANIMO_DE_LUCRO','ACTUALIZACION_DIRECCION_NOTIFICACION_JUDICIAL_WEB',1,(SELECT reqId FROM Requisito WHERE reqDescripcion='Documento acredita existencia/representación legal o Personería Jurídica'),'Se revisa: -Documento emitido por la entidad competente -Fecha de expedición no mayor a 90 días -Tipo y número de identificación del empleador,que deben coincidir con los demás documentos soporte -Razón social / Nombre del empleador,que debe coincidir con los demás documentos soporte -Fecha de constitución,que debe coincidir con los demás documentos soporte -Datos de identificación del representante legal,que deben coincidir con los demás documentos soporte -Objeto social -Si está acogido a los beneficios de Ley 1429 de 2010');
INSERT RequisitoCajaClasificacion (rtsEstado,rtsClasificacion,rtsTipoTransaccion,rtsCajaCompensacion,rtsRequisito) VALUES ('OPCIONAL','COOPERATIVA_O_PRECOOPERATIVA_DE_TRABAJO_ASOCIADO','ACTUALIZACION_DIRECCION_NOTIFICACION_JUDICIAL_WEB',1,(SELECT reqId FROM Requisito WHERE reqDescripcion='Carta del Representante Legal dirigida a CCF solicitando el trámite de la novedad'));
INSERT RequisitoCajaClasificacion (rtsEstado,rtsClasificacion,rtsTipoTransaccion,rtsCajaCompensacion,rtsRequisito) VALUES ('OPCIONAL','EMPLEADOR_DE_SERVICIO_DOMESTICO','ACTUALIZACION_DIRECCION_NOTIFICACION_JUDICIAL_WEB',1,(SELECT reqId FROM Requisito WHERE reqDescripcion='Carta del Representante Legal dirigida a CCF solicitando el trámite de la novedad'));
INSERT RequisitoCajaClasificacion (rtsEstado,rtsClasificacion,rtsTipoTransaccion,rtsCajaCompensacion,rtsRequisito) VALUES ('OPCIONAL','ENTIDAD_SIN_ANIMO_DE_LUCRO','ACTUALIZACION_DIRECCION_NOTIFICACION_JUDICIAL_WEB',1,(SELECT reqId FROM Requisito WHERE reqDescripcion='Carta del Representante Legal dirigida a CCF solicitando el trámite de la novedad'));
INSERT RequisitoCajaClasificacion (rtsEstado,rtsClasificacion,rtsTipoTransaccion,rtsCajaCompensacion,rtsRequisito) VALUES ('OPCIONAL','ORGANIZACION_RELIGIOSA_O_PARROQUIA','ACTUALIZACION_DIRECCION_NOTIFICACION_JUDICIAL_WEB',1,(SELECT reqId FROM Requisito WHERE reqDescripcion='Carta del Representante Legal dirigida a CCF solicitando el trámite de la novedad'));
INSERT RequisitoCajaClasificacion (rtsEstado,rtsClasificacion,rtsTipoTransaccion,rtsCajaCompensacion,rtsRequisito) VALUES ('OPCIONAL','PERSONA_JURIDICA','ACTUALIZACION_DIRECCION_NOTIFICACION_JUDICIAL_WEB',1,(SELECT reqId FROM Requisito WHERE reqDescripcion='Carta del Representante Legal dirigida a CCF solicitando el trámite de la novedad'));
INSERT RequisitoCajaClasificacion (rtsEstado,rtsClasificacion,rtsTipoTransaccion,rtsCajaCompensacion,rtsRequisito) VALUES ('OPCIONAL','PERSONA_NATURAL','ACTUALIZACION_DIRECCION_NOTIFICACION_JUDICIAL_WEB',1,(SELECT reqId FROM Requisito WHERE reqDescripcion='Carta del Representante Legal dirigida a CCF solicitando el trámite de la novedad'));
INSERT RequisitoCajaClasificacion (rtsEstado,rtsClasificacion,rtsTipoTransaccion,rtsCajaCompensacion,rtsRequisito) VALUES ('OPCIONAL','PROPIEDAD_HORIZONTAL','ACTUALIZACION_DIRECCION_NOTIFICACION_JUDICIAL_WEB',1,(SELECT reqId FROM Requisito WHERE reqDescripcion='Carta del Representante Legal dirigida a CCF solicitando el trámite de la novedad'));
-- 9 Cambios en representante legal,su suplente o socios
INSERT RequisitoCajaClasificacion (rtsEstado,rtsClasificacion,rtsTipoTransaccion,rtsCajaCompensacion,rtsRequisito,rtsTextoAyuda) VALUES ('OPCIONAL','PERSONA_JURIDICA','CAMBIOS_REPRESENTANTE_LEGAL_SUPLENTE_O_SOCIOS_WEB',1,(SELECT reqId FROM Requisito WHERE reqDescripcion='Copia documento identidad  representante legal/empleador'),'Se revisa: -Que sea legible la copia del documento -Sin tachones ni enmendaduras -Ampliada al 150% -Que el nombre y número de la cédula corresponda a la cédula del representante legal en el formulario y demás documentos soporte. -Si es cédula de extranjería que no esté vencida ni próxima a vencer');
INSERT RequisitoCajaClasificacion (rtsEstado,rtsClasificacion,rtsTipoTransaccion,rtsCajaCompensacion,rtsRequisito,rtsTextoAyuda) VALUES ('OPCIONAL','PERSONA_JURIDICA','CAMBIOS_REPRESENTANTE_LEGAL_SUPLENTE_O_SOCIOS_WEB',1,(SELECT reqId FROM Requisito WHERE reqDescripcion='Documento acredita existencia/representación legal o Personería Jurídica'),'Se revisa: -Documento emitido por la entidad competente -Fecha de expedición no mayor a 90 días -Tipo y número de identificación del empleador,que deben coincidir con los demás documentos soporte -Razón social / Nombre del empleador,que debe coincidir con los demás documentos soporte -Fecha de constitución,que debe coincidir con los demás documentos soporte -Datos de identificación del representante legal,que deben coincidir con los demás documentos soporte -Objeto social -Si está acogido a los beneficios de Ley 1429 de 2010');
INSERT RequisitoCajaClasificacion (rtsEstado,rtsClasificacion,rtsTipoTransaccion,rtsCajaCompensacion,rtsRequisito,rtsTextoAyuda) VALUES ('OPCIONAL','PERSONA_JURIDICA','CAMBIOS_REPRESENTANTE_LEGAL_SUPLENTE_O_SOCIOS_WEB',1,(SELECT reqId FROM Requisito WHERE reqDescripcion='Acta de posesión del representante legal'),'Se revisa: -Documento emitido por la entidad competente -Fecha de expedición no mayor a 90 días -Tipo y número de identificación del empleador,que deben coincidir con los demás documentos soporte -Razón social / Nombre del empleador,que debe coincidir con los demás documentos soporte -Fecha de constitución,que debe coincidir con los demás documentos soporte -Datos de identificación del representante legal,que deben coincidir con los demás documentos soporte -Objeto social -Si está acogido a los beneficios de Ley 1429 de 2010 Para el caso de entidades (públicas y privadas) cuyos representantes legales sean elegidos por voto popular,o acto administrativo de nombramiento,se solicita este documento y se revisa: -Documento emitido por la misma entidad o una entidad competente (según el caso) -Tipo y número de identificación del empleador,que deben coincidir con los demás documentos soporte -Razón social / Nombre del empleador,que debe coincidir con los demás documentos soporte -Tipo y número de identificación del representante legal,deben coincidir con los demás documentos soporte -Nombres y apellidos del representante legal,deben coincidir con los demás documentos soporte');
INSERT RequisitoCajaClasificacion (rtsEstado,rtsClasificacion,rtsTipoTransaccion,rtsCajaCompensacion,rtsRequisito,rtsTextoAyuda) VALUES ('OPCIONAL','PERSONA_NATURAL','CAMBIOS_REPRESENTANTE_LEGAL_SUPLENTE_O_SOCIOS_WEB',1,(SELECT reqId FROM Requisito WHERE reqDescripcion='Copia documento identidad  representante legal/empleador'),'Se revisa: -Que sea legible la copia del documento -Sin tachones ni enmendaduras -Ampliada al 150% -Que el nombre y número de la cédula corresponda a la cédula del representante legal en el formulario y demás documentos soporte. -Si es cédula de extranjería que no esté vencida ni próxima a vencer');
INSERT RequisitoCajaClasificacion (rtsEstado,rtsClasificacion,rtsTipoTransaccion,rtsCajaCompensacion,rtsRequisito,rtsTextoAyuda) VALUES ('OPCIONAL','PERSONA_NATURAL','CAMBIOS_REPRESENTANTE_LEGAL_SUPLENTE_O_SOCIOS_WEB',1,(SELECT reqId FROM Requisito WHERE reqDescripcion='Documento acredita existencia/representación legal o Personería Jurídica'),'Se revisa: -Documento emitido por la entidad competente -Fecha de expedición no mayor a 90 días -Tipo y número de identificación del empleador,que deben coincidir con los demás documentos soporte -Razón social / Nombre del empleador,que debe coincidir con los demás documentos soporte -Fecha de constitución,que debe coincidir con los demás documentos soporte -Datos de identificación del representante legal,que deben coincidir con los demás documentos soporte -Objeto social -Si está acogido a los beneficios de Ley 1429 de 2010');
INSERT RequisitoCajaClasificacion (rtsEstado,rtsClasificacion,rtsTipoTransaccion,rtsCajaCompensacion,rtsRequisito,rtsTextoAyuda) VALUES ('OPCIONAL','EMPLEADOR_DE_SERVICIO_DOMESTICO','CAMBIOS_REPRESENTANTE_LEGAL_SUPLENTE_O_SOCIOS_WEB',1,(SELECT reqId FROM Requisito WHERE reqDescripcion='Copia documento identidad  representante legal/empleador'),'Se revisa: -Que sea legible la copia del documento -Sin tachones ni enmendaduras -Ampliada al 150% -Que el nombre y número de la cédula corresponda a la cédula del representante legal en el formulario y demás documentos soporte. -Si es cédula de extranjería que no esté vencida ni próxima a vencer');
INSERT RequisitoCajaClasificacion (rtsEstado,rtsClasificacion,rtsTipoTransaccion,rtsCajaCompensacion,rtsRequisito,rtsTextoAyuda) VALUES ('OPCIONAL','PROPIEDAD_HORIZONTAL','CAMBIOS_REPRESENTANTE_LEGAL_SUPLENTE_O_SOCIOS_WEB',1,(SELECT reqId FROM Requisito WHERE reqDescripcion='Copia del documento que certifique la personería jurídica'),'Se revisa: -Documento emitido por la entidad competente -Fecha de expedición no mayor a 90 días -Tipo y número de identificación del empleador,que deben coincidir con los demás documentos soporte -Razón social / Nombre del empleador,que debe coincidir con los demás documentos soporte -Fecha de constitución,que debe coincidir con los demás documentos soporte -Datos de identificación del representante legal,que deben coincidir con los demás documentos soporte -Objeto social');
INSERT RequisitoCajaClasificacion (rtsEstado,rtsClasificacion,rtsTipoTransaccion,rtsCajaCompensacion,rtsRequisito,rtsTextoAyuda) VALUES ('OPCIONAL','PROPIEDAD_HORIZONTAL','CAMBIOS_REPRESENTANTE_LEGAL_SUPLENTE_O_SOCIOS_WEB',1,(SELECT reqId FROM Requisito WHERE reqDescripcion='Copia documento identidad  representante legal/empleador'),'Se revisa: -Que sea legible la copia del documento -Sin tachones ni enmendaduras -Ampliada al 150% -Que el nombre y número de la cédula corresponda a la cédula del representante legal en el formulario y demás documentos soporte. -Si es cédula de extranjería que no esté vencida ni próxima a vencer');
INSERT RequisitoCajaClasificacion (rtsEstado,rtsClasificacion,rtsTipoTransaccion,rtsCajaCompensacion,rtsRequisito,rtsTextoAyuda) VALUES ('OPCIONAL','COOPERATIVA_O_PRECOOPERATIVA_DE_TRABAJO_ASOCIADO','CAMBIOS_REPRESENTANTE_LEGAL_SUPLENTE_O_SOCIOS_WEB',1,(SELECT reqId FROM Requisito WHERE reqDescripcion='Documento acredita existencia/representación legal o Personería Jurídica'),'Se revisa: -Documento emitido por la entidad competente -Fecha de expedición no mayor a 90 días -Tipo y número de identificación del empleador,que deben coincidir con los demás documentos soporte -Razón social / Nombre del empleador,que debe coincidir con los demás documentos soporte -Fecha de constitución,que debe coincidir con los demás documentos soporte -Datos de identificación del representante legal,que deben coincidir con los demás documentos soporte -Objeto social -Si está acogido a los beneficios de Ley 1429 de 2010');
INSERT RequisitoCajaClasificacion (rtsEstado,rtsClasificacion,rtsTipoTransaccion,rtsCajaCompensacion,rtsRequisito,rtsTextoAyuda) VALUES ('OPCIONAL','ENTIDAD_SIN_ANIMO_DE_LUCRO','CAMBIOS_REPRESENTANTE_LEGAL_SUPLENTE_O_SOCIOS_WEB',1,(SELECT reqId FROM Requisito WHERE reqDescripcion='Copia documento identidad  representante legal/empleador'),'Se revisa: -Que sea legible la copia del documento -Sin tachones ni enmendaduras -Ampliada al 150% -Que el nombre y número de la cédula corresponda a la cédula del representante legal en el formulario y demás documentos soporte. -Si es cédula de extranjería que no esté vencida ni próxima a vencer');
INSERT RequisitoCajaClasificacion (rtsEstado,rtsClasificacion,rtsTipoTransaccion,rtsCajaCompensacion,rtsRequisito,rtsTextoAyuda) VALUES ('OPCIONAL','ENTIDAD_SIN_ANIMO_DE_LUCRO','CAMBIOS_REPRESENTANTE_LEGAL_SUPLENTE_O_SOCIOS_WEB',1,(SELECT reqId FROM Requisito WHERE reqDescripcion='Documento acredita existencia/representación legal o Personería Jurídica'),'Se revisa: -Documento emitido por la entidad competente -Fecha de expedición no mayor a 90 días -Tipo y número de identificación del empleador,que deben coincidir con los demás documentos soporte -Razón social / Nombre del empleador,que debe coincidir con los demás documentos soporte -Fecha de constitución,que debe coincidir con los demás documentos soporte -Datos de identificación del representante legal,que deben coincidir con los demás documentos soporte -Objeto social -Si está acogido a los beneficios de Ley 1429 de 2010');
INSERT RequisitoCajaClasificacion (rtsEstado,rtsClasificacion,rtsTipoTransaccion,rtsCajaCompensacion,rtsRequisito,rtsTextoAyuda) VALUES ('OPCIONAL','ORGANIZACION_RELIGIOSA_O_PARROQUIA','CAMBIOS_REPRESENTANTE_LEGAL_SUPLENTE_O_SOCIOS_WEB',1,(SELECT reqId FROM Requisito WHERE reqDescripcion='Copia documento identidad  representante legal/empleador'),'Se revisa: -Que sea legible la copia del documento -Sin tachones ni enmendaduras -Ampliada al 150% -Que el nombre y número de la cédula corresponda a la cédula del representante legal en el formulario y demás documentos soporte. -Si es cédula de extranjería que no esté vencida ni próxima a vencer');
INSERT RequisitoCajaClasificacion (rtsEstado,rtsClasificacion,rtsTipoTransaccion,rtsCajaCompensacion,rtsRequisito,rtsTextoAyuda) VALUES ('OPCIONAL','ORGANIZACION_RELIGIOSA_O_PARROQUIA','CAMBIOS_REPRESENTANTE_LEGAL_SUPLENTE_O_SOCIOS_WEB',1,(SELECT reqId FROM Requisito WHERE reqDescripcion='Documento acredita existencia/representación legal o Personería Jurídica'),'Se revisa: -Documento emitido por la entidad competente -Fecha de expedición no mayor a 90 días -Tipo y número de identificación del empleador,que deben coincidir con los demás documentos soporte -Razón social / Nombre del empleador,que debe coincidir con los demás documentos soporte -Fecha de constitución,que debe coincidir con los demás documentos soporte -Datos de identificación del representante legal,que deben coincidir con los demás documentos soporte -Objeto social -Si está acogido a los beneficios de Ley 1429 de 2010');
INSERT RequisitoCajaClasificacion (rtsEstado,rtsClasificacion,rtsTipoTransaccion,rtsCajaCompensacion,rtsRequisito) VALUES ('OPCIONAL','COOPERATIVA_O_PRECOOPERATIVA_DE_TRABAJO_ASOCIADO','CAMBIOS_REPRESENTANTE_LEGAL_SUPLENTE_O_SOCIOS_WEB',1,(SELECT reqId FROM Requisito WHERE reqDescripcion='Carta del Representante Legal dirigida a CCF solicitando el trámite de la novedad'));
INSERT RequisitoCajaClasificacion (rtsEstado,rtsClasificacion,rtsTipoTransaccion,rtsCajaCompensacion,rtsRequisito) VALUES ('OPCIONAL','EMPLEADOR_DE_SERVICIO_DOMESTICO','CAMBIOS_REPRESENTANTE_LEGAL_SUPLENTE_O_SOCIOS_WEB',1,(SELECT reqId FROM Requisito WHERE reqDescripcion='Carta del Representante Legal dirigida a CCF solicitando el trámite de la novedad'));
INSERT RequisitoCajaClasificacion (rtsEstado,rtsClasificacion,rtsTipoTransaccion,rtsCajaCompensacion,rtsRequisito) VALUES ('OPCIONAL','ENTIDAD_SIN_ANIMO_DE_LUCRO','CAMBIOS_REPRESENTANTE_LEGAL_SUPLENTE_O_SOCIOS_WEB',1,(SELECT reqId FROM Requisito WHERE reqDescripcion='Carta del Representante Legal dirigida a CCF solicitando el trámite de la novedad'));
INSERT RequisitoCajaClasificacion (rtsEstado,rtsClasificacion,rtsTipoTransaccion,rtsCajaCompensacion,rtsRequisito) VALUES ('OPCIONAL','ORGANIZACION_RELIGIOSA_O_PARROQUIA','CAMBIOS_REPRESENTANTE_LEGAL_SUPLENTE_O_SOCIOS_WEB',1,(SELECT reqId FROM Requisito WHERE reqDescripcion='Carta del Representante Legal dirigida a CCF solicitando el trámite de la novedad'));
INSERT RequisitoCajaClasificacion (rtsEstado,rtsClasificacion,rtsTipoTransaccion,rtsCajaCompensacion,rtsRequisito) VALUES ('OPCIONAL','PERSONA_JURIDICA','CAMBIOS_REPRESENTANTE_LEGAL_SUPLENTE_O_SOCIOS_WEB',1,(SELECT reqId FROM Requisito WHERE reqDescripcion='Carta del Representante Legal dirigida a CCF solicitando el trámite de la novedad'));
INSERT RequisitoCajaClasificacion (rtsEstado,rtsClasificacion,rtsTipoTransaccion,rtsCajaCompensacion,rtsRequisito) VALUES ('OPCIONAL','PERSONA_NATURAL','CAMBIOS_REPRESENTANTE_LEGAL_SUPLENTE_O_SOCIOS_WEB',1,(SELECT reqId FROM Requisito WHERE reqDescripcion='Carta del Representante Legal dirigida a CCF solicitando el trámite de la novedad'));
INSERT RequisitoCajaClasificacion (rtsEstado,rtsClasificacion,rtsTipoTransaccion,rtsCajaCompensacion,rtsRequisito) VALUES ('OPCIONAL','PROPIEDAD_HORIZONTAL','CAMBIOS_REPRESENTANTE_LEGAL_SUPLENTE_O_SOCIOS_WEB',1,(SELECT reqId FROM Requisito WHERE reqDescripcion='Carta del Representante Legal dirigida a CCF solicitando el trámite de la novedad'));
INSERT RequisitoCajaClasificacion (rtsEstado,rtsClasificacion,rtsTipoTransaccion,rtsCajaCompensacion,rtsRequisito,rtsTextoAyuda) VALUES ('OPCIONAL','COOPERATIVA_O_PRECOOPERATIVA_DE_TRABAJO_ASOCIADO','CAMBIOS_REPRESENTANTE_LEGAL_SUPLENTE_O_SOCIOS_WEB',1,(SELECT reqId FROM Requisito WHERE reqDescripcion='Copia documento identidad  representante legal/empleador'),'Se revisa: -Que sea legible la copia del documento -Sin tachones ni enmendaduras -Ampliada al 150% -Que el nombre y número de la cédula corresponda a la cédula del representante legal en el formulario y demás documentos soporte. -Si es cédula de extranjería que no esté vencida ni próxima a vencer');
-- 10 cambio de medio de pago empleador
INSERT RequisitoCajaClasificacion (rtsEstado,rtsClasificacion,rtsTipoTransaccion,rtsCajaCompensacion,rtsRequisito) VALUES ('OBLIGATORIO','COOPERATIVA_O_PRECOOPERATIVA_DE_TRABAJO_ASOCIADO','CAMBIO_MEDIO_PAGO_EMPLEADOR_WEB',1,(SELECT reqId FROM Requisito WHERE reqDescripcion='Carta del Representante Legal dirigida a CCF solicitando el trámite de la novedad'));
INSERT RequisitoCajaClasificacion (rtsEstado,rtsClasificacion,rtsTipoTransaccion,rtsCajaCompensacion,rtsRequisito) VALUES ('OBLIGATORIO','EMPLEADOR_DE_SERVICIO_DOMESTICO','CAMBIO_MEDIO_PAGO_EMPLEADOR_WEB',1,(SELECT reqId FROM Requisito WHERE reqDescripcion='Carta del Representante Legal dirigida a CCF solicitando el trámite de la novedad'));
INSERT RequisitoCajaClasificacion (rtsEstado,rtsClasificacion,rtsTipoTransaccion,rtsCajaCompensacion,rtsRequisito) VALUES ('OBLIGATORIO','ENTIDAD_SIN_ANIMO_DE_LUCRO','CAMBIO_MEDIO_PAGO_EMPLEADOR_WEB',1,(SELECT reqId FROM Requisito WHERE reqDescripcion='Carta del Representante Legal dirigida a CCF solicitando el trámite de la novedad'));
INSERT RequisitoCajaClasificacion (rtsEstado,rtsClasificacion,rtsTipoTransaccion,rtsCajaCompensacion,rtsRequisito) VALUES ('OBLIGATORIO','ORGANIZACION_RELIGIOSA_O_PARROQUIA','CAMBIO_MEDIO_PAGO_EMPLEADOR_WEB',1,(SELECT reqId FROM Requisito WHERE reqDescripcion='Carta del Representante Legal dirigida a CCF solicitando el trámite de la novedad'));
INSERT RequisitoCajaClasificacion (rtsEstado,rtsClasificacion,rtsTipoTransaccion,rtsCajaCompensacion,rtsRequisito) VALUES ('OBLIGATORIO','PERSONA_JURIDICA','CAMBIO_MEDIO_PAGO_EMPLEADOR_WEB',1,(SELECT reqId FROM Requisito WHERE reqDescripcion='Carta del Representante Legal dirigida a CCF solicitando el trámite de la novedad'));
INSERT RequisitoCajaClasificacion (rtsEstado,rtsClasificacion,rtsTipoTransaccion,rtsCajaCompensacion,rtsRequisito) VALUES ('OBLIGATORIO','PERSONA_NATURAL','CAMBIO_MEDIO_PAGO_EMPLEADOR_WEB',1,(SELECT reqId FROM Requisito WHERE reqDescripcion='Carta del Representante Legal dirigida a CCF solicitando el trámite de la novedad'));
INSERT RequisitoCajaClasificacion (rtsEstado,rtsClasificacion,rtsTipoTransaccion,rtsCajaCompensacion,rtsRequisito) VALUES ('OBLIGATORIO','PROPIEDAD_HORIZONTAL','CAMBIO_MEDIO_PAGO_EMPLEADOR_WEB',1,(SELECT reqId FROM Requisito WHERE reqDescripcion='Carta del Representante Legal dirigida a CCF solicitando el trámite de la novedad'));
-- 11 cambio codigo o nombre de sucursal
INSERT RequisitoCajaClasificacion (rtsEstado,rtsClasificacion,rtsTipoTransaccion,rtsCajaCompensacion,rtsRequisito) VALUES ('OPCIONAL','COOPERATIVA_O_PRECOOPERATIVA_DE_TRABAJO_ASOCIADO','CAMBIO_CODIGO_NOMBRE_SUCURSAL_WEB',1,(SELECT reqId FROM Requisito WHERE reqDescripcion='Carta del Representante Legal dirigida a CCF solicitando el trámite de la novedad'));
INSERT RequisitoCajaClasificacion (rtsEstado,rtsClasificacion,rtsTipoTransaccion,rtsCajaCompensacion,rtsRequisito) VALUES ('OPCIONAL','EMPLEADOR_DE_SERVICIO_DOMESTICO','CAMBIO_CODIGO_NOMBRE_SUCURSAL_WEB',1,(SELECT reqId FROM Requisito WHERE reqDescripcion='Carta del Representante Legal dirigida a CCF solicitando el trámite de la novedad'));
INSERT RequisitoCajaClasificacion (rtsEstado,rtsClasificacion,rtsTipoTransaccion,rtsCajaCompensacion,rtsRequisito) VALUES ('OPCIONAL','ENTIDAD_SIN_ANIMO_DE_LUCRO','CAMBIO_CODIGO_NOMBRE_SUCURSAL_WEB',1,(SELECT reqId FROM Requisito WHERE reqDescripcion='Carta del Representante Legal dirigida a CCF solicitando el trámite de la novedad'));
INSERT RequisitoCajaClasificacion (rtsEstado,rtsClasificacion,rtsTipoTransaccion,rtsCajaCompensacion,rtsRequisito) VALUES ('OPCIONAL','ORGANIZACION_RELIGIOSA_O_PARROQUIA','CAMBIO_CODIGO_NOMBRE_SUCURSAL_WEB',1,(SELECT reqId FROM Requisito WHERE reqDescripcion='Carta del Representante Legal dirigida a CCF solicitando el trámite de la novedad'));
INSERT RequisitoCajaClasificacion (rtsEstado,rtsClasificacion,rtsTipoTransaccion,rtsCajaCompensacion,rtsRequisito) VALUES ('OPCIONAL','PERSONA_JURIDICA','CAMBIO_CODIGO_NOMBRE_SUCURSAL_WEB',1,(SELECT reqId FROM Requisito WHERE reqDescripcion='Carta del Representante Legal dirigida a CCF solicitando el trámite de la novedad'));
INSERT RequisitoCajaClasificacion (rtsEstado,rtsClasificacion,rtsTipoTransaccion,rtsCajaCompensacion,rtsRequisito) VALUES ('OPCIONAL','PERSONA_NATURAL','CAMBIO_CODIGO_NOMBRE_SUCURSAL_WEB',1,(SELECT reqId FROM Requisito WHERE reqDescripcion='Carta del Representante Legal dirigida a CCF solicitando el trámite de la novedad'));
INSERT RequisitoCajaClasificacion (rtsEstado,rtsClasificacion,rtsTipoTransaccion,rtsCajaCompensacion,rtsRequisito) VALUES ('OPCIONAL','PROPIEDAD_HORIZONTAL','CAMBIO_CODIGO_NOMBRE_SUCURSAL_WEB',1,(SELECT reqId FROM Requisito WHERE reqDescripcion='Carta del Representante Legal dirigida a CCF solicitando el trámite de la novedad'));
-- 12 cambio de datos sucursal
INSERT RequisitoCajaClasificacion (rtsEstado,rtsClasificacion,rtsTipoTransaccion,rtsCajaCompensacion,rtsRequisito) VALUES ('OPCIONAL','COOPERATIVA_O_PRECOOPERATIVA_DE_TRABAJO_ASOCIADO','CAMBIO_DATOS_SUCURSAL_WEB',1,(SELECT reqId FROM Requisito WHERE reqDescripcion='Carta del Representante Legal dirigida a CCF solicitando el trámite de la novedad'));
INSERT RequisitoCajaClasificacion (rtsEstado,rtsClasificacion,rtsTipoTransaccion,rtsCajaCompensacion,rtsRequisito) VALUES ('OPCIONAL','EMPLEADOR_DE_SERVICIO_DOMESTICO','CAMBIO_DATOS_SUCURSAL_WEB',1,(SELECT reqId FROM Requisito WHERE reqDescripcion='Carta del Representante Legal dirigida a CCF solicitando el trámite de la novedad'));
INSERT RequisitoCajaClasificacion (rtsEstado,rtsClasificacion,rtsTipoTransaccion,rtsCajaCompensacion,rtsRequisito) VALUES ('OPCIONAL','ENTIDAD_SIN_ANIMO_DE_LUCRO','CAMBIO_DATOS_SUCURSAL_WEB',1,(SELECT reqId FROM Requisito WHERE reqDescripcion='Carta del Representante Legal dirigida a CCF solicitando el trámite de la novedad'));
INSERT RequisitoCajaClasificacion (rtsEstado,rtsClasificacion,rtsTipoTransaccion,rtsCajaCompensacion,rtsRequisito) VALUES ('OPCIONAL','ORGANIZACION_RELIGIOSA_O_PARROQUIA','CAMBIO_DATOS_SUCURSAL_WEB',1,(SELECT reqId FROM Requisito WHERE reqDescripcion='Carta del Representante Legal dirigida a CCF solicitando el trámite de la novedad'));
INSERT RequisitoCajaClasificacion (rtsEstado,rtsClasificacion,rtsTipoTransaccion,rtsCajaCompensacion,rtsRequisito) VALUES ('OPCIONAL','PERSONA_JURIDICA','CAMBIO_DATOS_SUCURSAL_WEB',1,(SELECT reqId FROM Requisito WHERE reqDescripcion='Carta del Representante Legal dirigida a CCF solicitando el trámite de la novedad'));
INSERT RequisitoCajaClasificacion (rtsEstado,rtsClasificacion,rtsTipoTransaccion,rtsCajaCompensacion,rtsRequisito) VALUES ('OPCIONAL','PERSONA_NATURAL','CAMBIO_DATOS_SUCURSAL_WEB',1,(SELECT reqId FROM Requisito WHERE reqDescripcion='Carta del Representante Legal dirigida a CCF solicitando el trámite de la novedad'));
INSERT RequisitoCajaClasificacion (rtsEstado,rtsClasificacion,rtsTipoTransaccion,rtsCajaCompensacion,rtsRequisito) VALUES ('OPCIONAL','PROPIEDAD_HORIZONTAL','CAMBIO_DATOS_SUCURSAL_WEB',1,(SELECT reqId FROM Requisito WHERE reqDescripcion='Carta del Representante Legal dirigida a CCF solicitando el trámite de la novedad'));
-- 13 cambio de actividad economica sucursal
INSERT RequisitoCajaClasificacion (rtsEstado,rtsClasificacion,rtsTipoTransaccion,rtsCajaCompensacion,rtsRequisito,rtsTextoAyuda) VALUES ('OBLIGATORIO','PERSONA_JURIDICA','CAMBIO_ACTIVIDAD_ECONOMICA_SUCURSAL_WEB',1,(SELECT reqId FROM Requisito WHERE reqDescripcion='Copia del RUT'),'Se revisa:-Tipo y número de identificación del empleador,que deben coincidir con los demás documentos soporte -Razón social / Nombre del empleador,que debe coincidir con los demás documentos soporte -Actividad económica (Código CIIU),que debe coincidir con los demás documentos soporte');
INSERT RequisitoCajaClasificacion (rtsEstado,rtsClasificacion,rtsTipoTransaccion,rtsCajaCompensacion,rtsRequisito,rtsTextoAyuda) VALUES ('OBLIGATORIO','PERSONA_NATURAL','CAMBIO_ACTIVIDAD_ECONOMICA_SUCURSAL_WEB',1,(SELECT reqId FROM Requisito WHERE reqDescripcion='Copia del RUT'),'Se revisa:-Tipo y número de identificación del empleador,que deben coincidir con los demás documentos soporte -Razón social / Nombre del empleador,que debe coincidir con los demás documentos soporte -Actividad económica (Código CIIU),que debe coincidir con los demás documentos soporte');
INSERT RequisitoCajaClasificacion (rtsEstado,rtsClasificacion,rtsTipoTransaccion,rtsCajaCompensacion,rtsRequisito,rtsTextoAyuda) VALUES ('OBLIGATORIO','COOPERATIVA_O_PRECOOPERATIVA_DE_TRABAJO_ASOCIADO','CAMBIO_ACTIVIDAD_ECONOMICA_SUCURSAL_WEB',1,(SELECT reqId FROM Requisito WHERE reqDescripcion='Copia del RUT'),'Se revisa:-Tipo y número de identificación del empleador,que deben coincidir con los demás documentos soporte -Razón social / Nombre del empleador,que debe coincidir con los demás documentos soporte -Actividad económica (Código CIIU),que debe coincidir con los demás documentos soporte');
INSERT RequisitoCajaClasificacion (rtsEstado,rtsClasificacion,rtsTipoTransaccion,rtsCajaCompensacion,rtsRequisito,rtsTextoAyuda) VALUES ('OBLIGATORIO','ENTIDAD_SIN_ANIMO_DE_LUCRO','CAMBIO_ACTIVIDAD_ECONOMICA_SUCURSAL_WEB',1,(SELECT reqId FROM Requisito WHERE reqDescripcion='Copia del RUT'),'Se revisa:-Tipo y número de identificación del empleador,que deben coincidir con los demás documentos soporte -Razón social / Nombre del empleador,que debe coincidir con los demás documentos soporte -Actividad económica (Código CIIU),que debe coincidir con los demás documentos soporte');
INSERT RequisitoCajaClasificacion (rtsEstado,rtsClasificacion,rtsTipoTransaccion,rtsCajaCompensacion,rtsRequisito,rtsTextoAyuda) VALUES ('OBLIGATORIO','ORGANIZACION_RELIGIOSA_O_PARROQUIA','CAMBIO_ACTIVIDAD_ECONOMICA_SUCURSAL_WEB',1,(SELECT reqId FROM Requisito WHERE reqDescripcion='Copia del RUT'),'Se revisa:-Tipo y número de identificación del empleador,que deben coincidir con los demás documentos soporte -Razón social / Nombre del empleador,que debe coincidir con los demás documentos soporte -Actividad económica (Código CIIU),que debe coincidir con los demás documentos soporte');
INSERT RequisitoCajaClasificacion (rtsEstado,rtsClasificacion,rtsTipoTransaccion,rtsCajaCompensacion,rtsRequisito) VALUES ('OPCIONAL','COOPERATIVA_O_PRECOOPERATIVA_DE_TRABAJO_ASOCIADO','CAMBIO_ACTIVIDAD_ECONOMICA_SUCURSAL_WEB',1,(SELECT reqId FROM Requisito WHERE reqDescripcion='Carta del Representante Legal dirigida a CCF solicitando el trámite de la novedad'));
INSERT RequisitoCajaClasificacion (rtsEstado,rtsClasificacion,rtsTipoTransaccion,rtsCajaCompensacion,rtsRequisito) VALUES ('OPCIONAL','ENTIDAD_SIN_ANIMO_DE_LUCRO','CAMBIO_ACTIVIDAD_ECONOMICA_SUCURSAL_WEB',1,(SELECT reqId FROM Requisito WHERE reqDescripcion='Carta del Representante Legal dirigida a CCF solicitando el trámite de la novedad'));
INSERT RequisitoCajaClasificacion (rtsEstado,rtsClasificacion,rtsTipoTransaccion,rtsCajaCompensacion,rtsRequisito) VALUES ('OPCIONAL','ORGANIZACION_RELIGIOSA_O_PARROQUIA','CAMBIO_ACTIVIDAD_ECONOMICA_SUCURSAL_WEB',1,(SELECT reqId FROM Requisito WHERE reqDescripcion='Carta del Representante Legal dirigida a CCF solicitando el trámite de la novedad'));
INSERT RequisitoCajaClasificacion (rtsEstado,rtsClasificacion,rtsTipoTransaccion,rtsCajaCompensacion,rtsRequisito) VALUES ('OPCIONAL','PERSONA_JURIDICA','CAMBIO_ACTIVIDAD_ECONOMICA_SUCURSAL_WEB',1,(SELECT reqId FROM Requisito WHERE reqDescripcion='Carta del Representante Legal dirigida a CCF solicitando el trámite de la novedad'));
INSERT RequisitoCajaClasificacion (rtsEstado,rtsClasificacion,rtsTipoTransaccion,rtsCajaCompensacion,rtsRequisito) VALUES ('OPCIONAL','PERSONA_NATURAL','CAMBIO_ACTIVIDAD_ECONOMICA_SUCURSAL_WEB',1,(SELECT reqId FROM Requisito WHERE reqDescripcion='Carta del Representante Legal dirigida a CCF solicitando el trámite de la novedad'));
-- 14 Cambio de medio de pago sucursal
INSERT RequisitoCajaClasificacion (rtsEstado,rtsClasificacion,rtsTipoTransaccion,rtsCajaCompensacion,rtsRequisito) VALUES ('OBLIGATORIO','COOPERATIVA_O_PRECOOPERATIVA_DE_TRABAJO_ASOCIADO','CAMBIO_MEDIO_PAGO_SUCURSAL_WEB',1,(SELECT reqId FROM Requisito WHERE reqDescripcion='Carta del Representante Legal dirigida a CCF solicitando el trámite de la novedad'));
INSERT RequisitoCajaClasificacion (rtsEstado,rtsClasificacion,rtsTipoTransaccion,rtsCajaCompensacion,rtsRequisito) VALUES ('OBLIGATORIO','EMPLEADOR_DE_SERVICIO_DOMESTICO','CAMBIO_MEDIO_PAGO_SUCURSAL_WEB',1,(SELECT reqId FROM Requisito WHERE reqDescripcion='Carta del Representante Legal dirigida a CCF solicitando el trámite de la novedad'));
INSERT RequisitoCajaClasificacion (rtsEstado,rtsClasificacion,rtsTipoTransaccion,rtsCajaCompensacion,rtsRequisito) VALUES ('OBLIGATORIO','ENTIDAD_SIN_ANIMO_DE_LUCRO','CAMBIO_MEDIO_PAGO_SUCURSAL_WEB',1,(SELECT reqId FROM Requisito WHERE reqDescripcion='Carta del Representante Legal dirigida a CCF solicitando el trámite de la novedad'));
INSERT RequisitoCajaClasificacion (rtsEstado,rtsClasificacion,rtsTipoTransaccion,rtsCajaCompensacion,rtsRequisito) VALUES ('OBLIGATORIO','ORGANIZACION_RELIGIOSA_O_PARROQUIA','CAMBIO_MEDIO_PAGO_SUCURSAL_WEB',1,(SELECT reqId FROM Requisito WHERE reqDescripcion='Carta del Representante Legal dirigida a CCF solicitando el trámite de la novedad'));
INSERT RequisitoCajaClasificacion (rtsEstado,rtsClasificacion,rtsTipoTransaccion,rtsCajaCompensacion,rtsRequisito) VALUES ('OBLIGATORIO','PERSONA_JURIDICA','CAMBIO_MEDIO_PAGO_SUCURSAL_WEB',1,(SELECT reqId FROM Requisito WHERE reqDescripcion='Carta del Representante Legal dirigida a CCF solicitando el trámite de la novedad'));
INSERT RequisitoCajaClasificacion (rtsEstado,rtsClasificacion,rtsTipoTransaccion,rtsCajaCompensacion,rtsRequisito) VALUES ('OBLIGATORIO','PERSONA_NATURAL','CAMBIO_MEDIO_PAGO_SUCURSAL_WEB',1,(SELECT reqId FROM Requisito WHERE reqDescripcion='Carta del Representante Legal dirigida a CCF solicitando el trámite de la novedad'));
INSERT RequisitoCajaClasificacion (rtsEstado,rtsClasificacion,rtsTipoTransaccion,rtsCajaCompensacion,rtsRequisito) VALUES ('OBLIGATORIO','PROPIEDAD_HORIZONTAL','CAMBIO_MEDIO_PAGO_SUCURSAL_WEB',1,(SELECT reqId FROM Requisito WHERE reqDescripcion='Carta del Representante Legal dirigida a CCF solicitando el trámite de la novedad'));
-- 18 Cambios en roles de contacto
INSERT RequisitoCajaClasificacion (rtsEstado,rtsClasificacion,rtsTipoTransaccion,rtsCajaCompensacion,rtsRequisito) VALUES ('OPCIONAL','COOPERATIVA_O_PRECOOPERATIVA_DE_TRABAJO_ASOCIADO','CAMBIOS_ROLES_CONTACTO_WEB',1,(SELECT reqId FROM Requisito WHERE reqDescripcion='Carta del Representante Legal dirigida a CCF solicitando el trámite de la novedad'));
INSERT RequisitoCajaClasificacion (rtsEstado,rtsClasificacion,rtsTipoTransaccion,rtsCajaCompensacion,rtsRequisito) VALUES ('OPCIONAL','EMPLEADOR_DE_SERVICIO_DOMESTICO','CAMBIOS_ROLES_CONTACTO_WEB',1,(SELECT reqId FROM Requisito WHERE reqDescripcion='Carta del Representante Legal dirigida a CCF solicitando el trámite de la novedad'));
INSERT RequisitoCajaClasificacion (rtsEstado,rtsClasificacion,rtsTipoTransaccion,rtsCajaCompensacion,rtsRequisito) VALUES ('OPCIONAL','ENTIDAD_SIN_ANIMO_DE_LUCRO','CAMBIOS_ROLES_CONTACTO_WEB',1,(SELECT reqId FROM Requisito WHERE reqDescripcion='Carta del Representante Legal dirigida a CCF solicitando el trámite de la novedad'));
INSERT RequisitoCajaClasificacion (rtsEstado,rtsClasificacion,rtsTipoTransaccion,rtsCajaCompensacion,rtsRequisito) VALUES ('OPCIONAL','ORGANIZACION_RELIGIOSA_O_PARROQUIA','CAMBIOS_ROLES_CONTACTO_WEB',1,(SELECT reqId FROM Requisito WHERE reqDescripcion='Carta del Representante Legal dirigida a CCF solicitando el trámite de la novedad'));
INSERT RequisitoCajaClasificacion (rtsEstado,rtsClasificacion,rtsTipoTransaccion,rtsCajaCompensacion,rtsRequisito) VALUES ('OPCIONAL','PERSONA_JURIDICA','CAMBIOS_ROLES_CONTACTO_WEB',1,(SELECT reqId FROM Requisito WHERE reqDescripcion='Carta del Representante Legal dirigida a CCF solicitando el trámite de la novedad'));
INSERT RequisitoCajaClasificacion (rtsEstado,rtsClasificacion,rtsTipoTransaccion,rtsCajaCompensacion,rtsRequisito) VALUES ('OPCIONAL','PERSONA_NATURAL','CAMBIOS_ROLES_CONTACTO_WEB',1,(SELECT reqId FROM Requisito WHERE reqDescripcion='Carta del Representante Legal dirigida a CCF solicitando el trámite de la novedad'));
INSERT RequisitoCajaClasificacion (rtsEstado,rtsClasificacion,rtsTipoTransaccion,rtsCajaCompensacion,rtsRequisito) VALUES ('OPCIONAL','PROPIEDAD_HORIZONTAL','CAMBIOS_ROLES_CONTACTO_WEB',1,(SELECT reqId FROM Requisito WHERE reqDescripcion='Carta del Representante Legal dirigida a CCF solicitando el trámite de la novedad'));
-- 20 Activar beneficios de ley 1420 de 2010
INSERT RequisitoCajaClasificacion (rtsEstado,rtsClasificacion,rtsTipoTransaccion,rtsCajaCompensacion,rtsRequisito,rtsTextoAyuda) VALUES ('OPCIONAL','PERSONA_JURIDICA','ACTIVAR_BENEFICIOS_LEY_1429_2010_WEB',1,(SELECT reqId FROM Requisito WHERE reqDescripcion='Documento acredita existencia/representación legal o Personería Jurídica'),'Se revisa: -Documento emitido por la entidad competente -Fecha de expedición no mayor a 90 días -Tipo y número de identificación del empleador,que deben coincidir con los demás documentos soporte -Razón social / Nombre del empleador,que debe coincidir con los demás documentos soporte -Fecha de constitución,que debe coincidir con los demás documentos soporte -Datos de identificación del representante legal,que deben coincidir con los demás documentos soporte -Objeto social -Si está acogido a los beneficios de Ley 1429 de 2010');
INSERT RequisitoCajaClasificacion (rtsEstado,rtsClasificacion,rtsTipoTransaccion,rtsCajaCompensacion,rtsRequisito) VALUES ('OPCIONAL','PERSONA_JURIDICA','ACTIVAR_BENEFICIOS_LEY_1429_2010_WEB',1,(SELECT reqId FROM Requisito WHERE reqDescripcion='Carta del Representante Legal dirigida a CCF solicitando el trámite de la novedad'));
-- 21 Inactivar beneficios de ley 1420 de 2010
INSERT RequisitoCajaClasificacion (rtsEstado,rtsClasificacion,rtsTipoTransaccion,rtsCajaCompensacion,rtsRequisito,rtsTextoAyuda) VALUES ('OPCIONAL','PERSONA_JURIDICA','INACTIVAR_BENEFICIOS_LEY_1429_2010_WEB',1,(SELECT reqId FROM Requisito WHERE reqDescripcion='Documento acredita existencia/representación legal o Personería Jurídica'),'Se revisa: -Documento emitido por la entidad competente -Fecha de expedición no mayor a 90 días -Tipo y número de identificación del empleador,que deben coincidir con los demás documentos soporte -Razón social / Nombre del empleador,que debe coincidir con los demás documentos soporte -Fecha de constitución,que debe coincidir con los demás documentos soporte -Datos de identificación del representante legal,que deben coincidir con los demás documentos soporte -Objeto social -Si está acogido a los beneficios de Ley 1429 de 2010');
INSERT RequisitoCajaClasificacion (rtsEstado,rtsClasificacion,rtsTipoTransaccion,rtsCajaCompensacion,rtsRequisito) VALUES ('OPCIONAL','PERSONA_JURIDICA','INACTIVAR_BENEFICIOS_LEY_1429_2010_WEB',1,(SELECT reqId FROM Requisito WHERE reqDescripcion='Carta del Representante Legal dirigida a CCF solicitando el trámite de la novedad'));
-- 22 Activar beneficios de ley 590 de 2000
INSERT RequisitoCajaClasificacion (rtsEstado,rtsClasificacion,rtsTipoTransaccion,rtsCajaCompensacion,rtsRequisito,rtsTextoAyuda) VALUES ('OPCIONAL','PERSONA_JURIDICA','ACTIVAR_BENEFICIOS_LEY_590_2000_WEB',1,(SELECT reqId FROM Requisito WHERE reqDescripcion='Copia del RUT'),'Se revisa:-Tipo y número de identificación del empleador,que deben coincidir con los demás documentos soporte -Razón social / Nombre del empleador,que debe coincidir con los demás documentos soporte -Actividad económica (Código CIIU),que debe coincidir con los demás documentos soporte');
INSERT RequisitoCajaClasificacion (rtsEstado,rtsClasificacion,rtsTipoTransaccion,rtsCajaCompensacion,rtsRequisito) VALUES ('OPCIONAL','PERSONA_JURIDICA','ACTIVAR_BENEFICIOS_LEY_590_2000_WEB',1,(SELECT reqId FROM Requisito WHERE reqDescripcion='Carta del Representante Legal dirigida a CCF solicitando el trámite de la novedad'));
INSERT RequisitoCajaClasificacion (rtsEstado,rtsClasificacion,rtsTipoTransaccion,rtsCajaCompensacion,rtsRequisito,rtsTextoAyuda) VALUES ('OPCIONAL','PERSONA_JURIDICA','ACTIVAR_BENEFICIOS_LEY_590_2000_WEB',1,(SELECT reqId FROM Requisito WHERE reqDescripcion='Copia memorial DIAN manifestando intención de acogerse a beneficios Ley 590'),'Copia del memorial entregado a la DIAN Después de 2009: RUT');
-- 23 Inactivar beneficios de ley 590 de 2000
INSERT RequisitoCajaClasificacion (rtsEstado,rtsClasificacion,rtsTipoTransaccion,rtsCajaCompensacion,rtsRequisito) VALUES ('OPCIONAL','PERSONA_JURIDICA','INACTIVAR_BENEFICIOS_LEY_590_2000_WEB',1,(SELECT reqId FROM Requisito WHERE reqDescripcion='Carta del Representante Legal dirigida a CCF solicitando el trámite de la novedad'));

--changeset jusanchez:02
--comment: Inserción de Validador Registros Encontrados HU-496
INSERT Parametro (prmNombre,prmValor) VALUES ('FILE_DEFINITION_ID_ARCHIVO_SUPERVIVENCIA_ENCONTRADO_RNEC','1222');

INSERT FILEDEFINITIONLOADTYPE (ID,DESCRIPTION,NAME) VALUES (1222,'Archivo de supervivencia registros encontrado RNEC','Plantilla archivos de supervivencia registros encontrados RNEC');

INSERT FILEDEFINITIONLOAD (ID,DECIMALSEPARATOR,NOMBRE,TENANTID,THOUSANDSSEPARATOR,EXCLUDELINES,REGISTERSREAD,SHEETNUMBERXLS,USECHARACTERS,FILEDEFINITIONTYPE_ID) VALUES (1222,'.','Carga archivos de supervivencia encontrado',null,null,0,null,null,1,1222);

INSERT LINELOADCATALOG (ID,CLASSNAME,DESCRIPTION,NAME,TENANTID,LINEORDER,LINESEPARATOR,TARGETENTITY) VALUES (1223,'com.asopagos.novedades.personas.web.load.SupervivenciaRegistroEncontradoRNECPersistLine','Estructura del archivo de respuesta de la consulta con los registros encontrados – RNEC','Estructura de respuesta con los registros encontrados – RNEC',null,1,',',null);
INSERT LINELOADCATALOG (ID,CLASSNAME,DESCRIPTION,NAME,TENANTID,LINEORDER,LINESEPARATOR,TARGETENTITY) VALUES (1224,'com.asopagos.novedades.personas.web.load.SupervivenciaRegistroEncontradoRNECPersistLine','Estructura del archivo de respuesta de la consulta con los registros encontrados – RNEC','Estructura de respuesta con los registros encontrados – RNEC',null,2,',',null);
INSERT LINELOADCATALOG (ID,CLASSNAME,DESCRIPTION,NAME,TENANTID,LINEORDER,LINESEPARATOR,TARGETENTITY) VALUES (1225,'com.asopagos.novedades.personas.web.load.SupervivenciaRegistroEncontradoRNECPersistLine','Estructura del archivo de respuesta de la consulta con los registros encontrados – RNEC','Estructura de respuesta con los registros encontrados – RNEC',null,3,',',null);

INSERT LINEDEFINITIONLOAD (ID,IDENTIFIER,NUMBERGROUP,REQUIRED,REQUIREDINGROUP,ROLLBACKORDER,FILEDEFINITION_ID,LINELOADCATALOG_ID) VALUES (1223,'1',1,1,null,1,1222,1223);
INSERT LINEDEFINITIONLOAD (ID,IDENTIFIER,NUMBERGROUP,REQUIRED,REQUIREDINGROUP,ROLLBACKORDER,FILEDEFINITION_ID,LINELOADCATALOG_ID) VALUES (1224,'2',2,1,null,1,1222,1224);
INSERT LINEDEFINITIONLOAD (ID,IDENTIFIER,NUMBERGROUP,REQUIRED,REQUIREDINGROUP,ROLLBACKORDER,FILEDEFINITION_ID,LINELOADCATALOG_ID) VALUES (1225,'3',2,1,null,1,1222,1225);

INSERT VALIDATORCATALOG (ID,CLASSNAME,DESCRIPTION,NAME,SCOPE,TENANTID) VALUES (1223,'com.asopagos.novedades.personas.web.load.validator.SupervivenciaEncontradoRNECLineValidator','validador de línea de carga múltiple archivo supervivencia','Validador línea carga múltiple archivo supervivencia','LINE',null);

INSERT VALIDATORDEFINITION (ID,EXCLUDELINE,STOPPROCESS,VALIDATORORDER,FIELDDEFINITION_ID,FILEDEFINITIONLOAD_ID,LINEDEFINITION_ID,VALIDATORCATALOG_ID) VALUES (1223,1,0,1,null,null,1223,1223);
INSERT VALIDATORDEFINITION (ID,EXCLUDELINE,STOPPROCESS,VALIDATORORDER,FIELDDEFINITION_ID,FILEDEFINITIONLOAD_ID,LINEDEFINITION_ID,VALIDATORCATALOG_ID) VALUES (1224,1,0,1,null,null,1224,1223);
INSERT VALIDATORDEFINITION (ID,EXCLUDELINE,STOPPROCESS,VALIDATORORDER,FIELDDEFINITION_ID,FILEDEFINITIONLOAD_ID,LINEDEFINITION_ID,VALIDATORCATALOG_ID) VALUES (1225,1,0,1,null,null,1225,1223);
  
INSERT FieldLoadCatalog (id,dataType,description,maxDecimalSize,minDecimalSize,name,fieldOrder,tenantId) VALUES (1266,'STRING','Tipo de Registro',NULL,NULL,'tipoRegistroUno',1,0);
INSERT FieldLoadCatalog (id,dataType,description,maxDecimalSize,minDecimalSize,name,fieldOrder,tenantId) VALUES (1267,'STRING','Código de la entidad',NULL,NULL,'codEntidad',1,0);
INSERT FieldLoadCatalog (id,dataType,description,maxDecimalSize,minDecimalSize,name,fieldOrder,tenantId) VALUES (1268,'STRING','Fecha inicial del período de la información',NULL,NULL,'fechaInicialPeriodo',1,0);
INSERT FieldLoadCatalog (id,dataType,description,maxDecimalSize,minDecimalSize,name,fieldOrder,tenantId) VALUES (1269,'STRING','Fecha final del período de la información',NULL,NULL,'fechaFinalPeriodo',1,0);
INSERT FieldLoadCatalog (id,dataType,description,maxDecimalSize,minDecimalSize,name,fieldOrder,tenantId) VALUES (1270,'STRING','Total de registros relacionados en el archivo de consulta',NULL,NULL,'totalRegistroConsulta',1,0);
INSERT FieldLoadCatalog (id,dataType,description,maxDecimalSize,minDecimalSize,name,fieldOrder,tenantId) VALUES (1271,'STRING','Fecha de procesamiento de la información',NULL,NULL,'fechaProcesamiento',1,0);
INSERT FieldLoadCatalog (id,dataType,description,maxDecimalSize,minDecimalSize,name,fieldOrder,tenantId) VALUES (1272,'STRING','Total de registros relacionados en el archivo de respuesta',NULL,NULL,'totalRegistroRespuesta',1,0);
INSERT FieldLoadCatalog (id,dataType,description,maxDecimalSize,minDecimalSize,name,fieldOrder,tenantId) VALUES (1273,'STRING','Nombre del Archivo de Respuesta (Sin extensión .TXT)',NULL,NULL,'nombreArchivoRespuesta',1,0);
INSERT FieldLoadCatalog (id,dataType,description,maxDecimalSize,minDecimalSize,name,fieldOrder,tenantId) VALUES (1274,'STRING','Tipo de Registro ',NULL,NULL,'tipoRegistroDos',2,0);
INSERT FieldLoadCatalog (id,dataType,description,maxDecimalSize,minDecimalSize,name,fieldOrder,tenantId) VALUES (1275,'STRING','Tipo de identificación de la persona a consultar',NULL,NULL,'tipoIdentConsultarDos',2,0);
INSERT FieldLoadCatalog (id,dataType,description,maxDecimalSize,minDecimalSize,name,fieldOrder,tenantId) VALUES (1276,'STRING','Número de identificación de la persona a consultar',NULL,NULL,'numIdentConsultarDos',2,0);
INSERT FieldLoadCatalog (id,dataType,description,maxDecimalSize,minDecimalSize,name,fieldOrder,tenantId) VALUES (1277,'STRING','Serial',NULL,NULL,'serial',2,0);
INSERT FieldLoadCatalog (id,dataType,description,maxDecimalSize,minDecimalSize,name,fieldOrder,tenantId) VALUES (1278,'STRING','Fecha de expedición del registro civil de defunción',NULL,NULL,'fechaExpRegistroCivil',2,0);
INSERT FieldLoadCatalog (id,dataType,description,maxDecimalSize,minDecimalSize,name,fieldOrder,tenantId) VALUES (1279,'STRING','Descripción clase tipo de oficina',NULL,NULL,'descTipoOficina',2,0);
INSERT FieldLoadCatalog (id,dataType,description,maxDecimalSize,minDecimalSize,name,fieldOrder,tenantId) VALUES (1280,'STRING','Descripción código de la oficina',NULL,NULL,'descCodigoOficina',2,0);
INSERT FieldLoadCatalog (id,dataType,description,maxDecimalSize,minDecimalSize,name,fieldOrder,tenantId) VALUES (1281,'STRING','Tipo de identificación encontrado en RCDefuncion',NULL,NULL,'tipoIdentRCDefuncion',2,0);
INSERT FieldLoadCatalog (id,dataType,description,maxDecimalSize,minDecimalSize,name,fieldOrder,tenantId) VALUES (1282,'STRING','Número de identificación encontrado en RCDefuncion',NULL,NULL,'numIdentRCDefuncion',2,0);
INSERT FieldLoadCatalog (id,dataType,description,maxDecimalSize,minDecimalSize,name,fieldOrder,tenantId) VALUES (1283,'STRING','Primer apellido encontrado en RCDefuncion',NULL,NULL,'primerApellidoRCDefuncion',2,0);
INSERT FieldLoadCatalog (id,dataType,description,maxDecimalSize,minDecimalSize,name,fieldOrder,tenantId) VALUES (1284,'STRING','Segundo apellido encontrado en RCDefuncion',NULL,NULL,'segundoApellidoRCDefuncion',2,0);
INSERT FieldLoadCatalog (id,dataType,description,maxDecimalSize,minDecimalSize,name,fieldOrder,tenantId) VALUES (1285,'STRING','Primer nombre encontrado en RCDefuncion',NULL,NULL,'primerNombreRCDefuncion',2,0);
INSERT FieldLoadCatalog (id,dataType,description,maxDecimalSize,minDecimalSize,name,fieldOrder,tenantId) VALUES (1286,'STRING','Segundo nombre encontrado en RCDefuncion',NULL,NULL,'segundoNombreRCDefuncion',2,0);
INSERT FieldLoadCatalog (id,dataType,description,maxDecimalSize,minDecimalSize,name,fieldOrder,tenantId) VALUES (1287,'STRING','Fecha de nacimiento encontrada en RCDefuncion',NULL,NULL,'descnacimiento enRcdefuncon',2,0);
INSERT FieldLoadCatalog (id,dataType,description,maxDecimalSize,minDecimalSize,name,fieldOrder,tenantId) VALUES (1288,'STRING','Sexo',NULL,NULL,'sexo',2,0);
INSERT FieldLoadCatalog (id,dataType,description,maxDecimalSize,minDecimalSize,name,fieldOrder,tenantId) VALUES (1289,'STRING','Descripción del país de defunción',NULL,NULL,'descPaisDefuncion',2,0);
INSERT FieldLoadCatalog (id,dataType,description,maxDecimalSize,minDecimalSize,name,fieldOrder,tenantId) VALUES (1290,'STRING','Descripción del Departamento de la defunción',NULL,NULL,'descDepartDefuncion',2,0);
INSERT FieldLoadCatalog (id,dataType,description,maxDecimalSize,minDecimalSize,name,fieldOrder,tenantId) VALUES (1291,'STRING','Descripción del Municipio de la defunción',NULL,NULL,'descMuniDefuncion',2,0);
INSERT FieldLoadCatalog (id,dataType,description,maxDecimalSize,minDecimalSize,name,fieldOrder,tenantId) VALUES (1292,'STRING','Fecha de la defunción',NULL,NULL,'fechaDefuncion',2,0);
INSERT FieldLoadCatalog (id,dataType,description,maxDecimalSize,minDecimalSize,name,fieldOrder,tenantId) VALUES (1293,'STRING','Estado en RCDefuncion',NULL,NULL,'estadoRcdefuncion',2,0);
INSERT FieldLoadCatalog (id,dataType,description,maxDecimalSize,minDecimalSize,name,fieldOrder,tenantId) VALUES (1294,'STRING','Origen de la información de Registraduría Nacional del Estado Civil RNEC',NULL,NULL,'origenRNECDos',2,0);
INSERT FieldLoadCatalog (id,dataType,description,maxDecimalSize,minDecimalSize,name,fieldOrder,tenantId) VALUES (1295,'STRING','Tipo de Registro',NULL,NULL,'tipoRegistroTres',3,0);
INSERT FieldLoadCatalog (id,dataType,description,maxDecimalSize,minDecimalSize,name,fieldOrder,tenantId) VALUES (1296,'STRING','Tipo de identificación de la persona a consultar',NULL,NULL,'tipoIdentConsultarTres',3,0);
INSERT FieldLoadCatalog (id,dataType,description,maxDecimalSize,minDecimalSize,name,fieldOrder,tenantId) VALUES (1297,'STRING','Número de identificación de la persona a consultar',NULL,NULL,'numIdentConsultarTres',3,0);
INSERT FieldLoadCatalog (id,dataType,description,maxDecimalSize,minDecimalSize,name,fieldOrder,tenantId) VALUES (1298,'STRING','NUIP',NULL,NULL,'nuip',3,0);
INSERT FieldLoadCatalog (id,dataType,description,maxDecimalSize,minDecimalSize,name,fieldOrder,tenantId) VALUES (1299,'STRING','Primer apellido encontrado en ANI',NULL,NULL,'primerApellidoANI',3,0);
INSERT FieldLoadCatalog (id,dataType,description,maxDecimalSize,minDecimalSize,name,fieldOrder,tenantId) VALUES (1300,'STRING','Descripción de la partícula del nombre',NULL,NULL,'descParticulaNombre',3,0);
INSERT FieldLoadCatalog (id,dataType,description,maxDecimalSize,minDecimalSize,name,fieldOrder,tenantId) VALUES (1301,'STRING','Segundo apellido encontrado en ANI',NULL,NULL,'segundoApellidoANI',3,0);
INSERT FieldLoadCatalog (id,dataType,description,maxDecimalSize,minDecimalSize,name,fieldOrder,tenantId) VALUES (1302,'STRING','Primer nombre encontrado en ANI',NULL,NULL,'primerNombreANI',3,0);
INSERT FieldLoadCatalog (id,dataType,description,maxDecimalSize,minDecimalSize,name,fieldOrder,tenantId) VALUES (1303,'STRING','Segundo nombre encontrado en ANI',NULL,NULL,'segundoNombreANI',3,0);
INSERT FieldLoadCatalog (id,dataType,description,maxDecimalSize,minDecimalSize,name,fieldOrder,tenantId) VALUES (1304,'STRING','Nombre del lugar de expedición',NULL,NULL,'nombreLugarExp',3,0);
INSERT FieldLoadCatalog (id,dataType,description,maxDecimalSize,minDecimalSize,name,fieldOrder,tenantId) VALUES (1305,'STRING','Fecha de expedición',NULL,NULL,'fechaExp',3,0);
INSERT FieldLoadCatalog (id,dataType,description,maxDecimalSize,minDecimalSize,name,fieldOrder,tenantId) VALUES (1306,'STRING','Estado en ANI',NULL,NULL,'estadoEnANI',3,0);
INSERT FieldLoadCatalog (id,dataType,description,maxDecimalSize,minDecimalSize,name,fieldOrder,tenantId) VALUES (1307,'STRING','Fecha de defunción',NULL,NULL,'fechaDefuncion',3,0);
INSERT FieldLoadCatalog (id,dataType,description,maxDecimalSize,minDecimalSize,name,fieldOrder,tenantId) VALUES (1308,'STRING','Número de la resolución',NULL,NULL,'numResolucion',3,0);
INSERT FieldLoadCatalog (id,dataType,description,maxDecimalSize,minDecimalSize,name,fieldOrder,tenantId) VALUES (1309,'STRING','Fecha de expedición de la resolución',NULL,NULL,'fechaExpResolucion',3,0);
INSERT FieldLoadCatalog (id,dataType,description,maxDecimalSize,minDecimalSize,name,fieldOrder,tenantId) VALUES (1310,'STRING','Origen de la información de Registraduría Nacional del Estado Civil RNEC',NULL,NULL,'origenRNECTres',3,0);

INSERT FieldDefinitionLoad (id,finalPosition,formatDate,initialPosition,label,identifierLine,removeFormat,required,fieldLoadCatalog_id,lineDefinition_id) VALUES (1266,NULL,NULL,NULL,'Tipo de Registro',1,0,0,1266,1223 );
INSERT FieldDefinitionLoad (id,finalPosition,formatDate,initialPosition,label,identifierLine,removeFormat,required,fieldLoadCatalog_id,lineDefinition_id) VALUES (1267,NULL,NULL,NULL,'Código de la entidad',0,0,0,1267,1223 );
INSERT FieldDefinitionLoad (id,finalPosition,formatDate,initialPosition,label,identifierLine,removeFormat,required,fieldLoadCatalog_id,lineDefinition_id) VALUES (1268,NULL,NULL,NULL,'Fecha inicial del período de la información',0,0,0,1268,1223 );
INSERT FieldDefinitionLoad (id,finalPosition,formatDate,initialPosition,label,identifierLine,removeFormat,required,fieldLoadCatalog_id,lineDefinition_id) VALUES (1269,NULL,NULL,NULL,'Fecha final del período de la información',0,0,0,1269,1223 );
INSERT FieldDefinitionLoad (id,finalPosition,formatDate,initialPosition,label,identifierLine,removeFormat,required,fieldLoadCatalog_id,lineDefinition_id) VALUES (1270,NULL,NULL,NULL,'Total de registros relacionados en el archivo de consulta',0,0,0,1270,1223 );
INSERT FieldDefinitionLoad (id,finalPosition,formatDate,initialPosition,label,identifierLine,removeFormat,required,fieldLoadCatalog_id,lineDefinition_id) VALUES (1271,NULL,NULL,NULL,'Fecha de procesamiento de la información',0,0,0,1271,1223 );
INSERT FieldDefinitionLoad (id,finalPosition,formatDate,initialPosition,label,identifierLine,removeFormat,required,fieldLoadCatalog_id,lineDefinition_id) VALUES (1272,NULL,NULL,NULL,'Total de registros relacionados en el archivo de respuesta',0,0,0,1272,1223 );
INSERT FieldDefinitionLoad (id,finalPosition,formatDate,initialPosition,label,identifierLine,removeFormat,required,fieldLoadCatalog_id,lineDefinition_id) VALUES (1273,NULL,NULL,NULL,'Nombre del Archivo de Respuesta (Sin extensión .TXT)',0,0,0,1273,1223 );
INSERT FieldDefinitionLoad (id,finalPosition,formatDate,initialPosition,label,identifierLine,removeFormat,required,fieldLoadCatalog_id,lineDefinition_id) VALUES (1274,NULL,NULL,NULL,'Tipo de Registro ',1,0,0,1274,1224 );
INSERT FieldDefinitionLoad (id,finalPosition,formatDate,initialPosition,label,identifierLine,removeFormat,required,fieldLoadCatalog_id,lineDefinition_id) VALUES (1275,NULL,NULL,NULL,'Tipo de identificación de la persona a consultar',0,0,0,1275,1224 );
INSERT FieldDefinitionLoad (id,finalPosition,formatDate,initialPosition,label,identifierLine,removeFormat,required,fieldLoadCatalog_id,lineDefinition_id) VALUES (1276,NULL,NULL,NULL,'Número de identificación de la persona a consultar',0,0,0,1276,1224 );
INSERT FieldDefinitionLoad (id,finalPosition,formatDate,initialPosition,label,identifierLine,removeFormat,required,fieldLoadCatalog_id,lineDefinition_id) VALUES (1277,NULL,NULL,NULL,'Serial',0,0,0,1277,1224 );
INSERT FieldDefinitionLoad (id,finalPosition,formatDate,initialPosition,label,identifierLine,removeFormat,required,fieldLoadCatalog_id,lineDefinition_id) VALUES (1278,NULL,NULL,NULL,'Fecha de expedición del registro civil de defunción',0,0,0,1278,1224 );
INSERT FieldDefinitionLoad (id,finalPosition,formatDate,initialPosition,label,identifierLine,removeFormat,required,fieldLoadCatalog_id,lineDefinition_id) VALUES (1279,NULL,NULL,NULL,'Descripción clase tipo de oficina',0,0,0,1279,1224 );
INSERT FieldDefinitionLoad (id,finalPosition,formatDate,initialPosition,label,identifierLine,removeFormat,required,fieldLoadCatalog_id,lineDefinition_id) VALUES (1280,NULL,NULL,NULL,'Descripción código de la oficina',0,0,0,1280,1224 );
INSERT FieldDefinitionLoad (id,finalPosition,formatDate,initialPosition,label,identifierLine,removeFormat,required,fieldLoadCatalog_id,lineDefinition_id) VALUES (1281,NULL,NULL,NULL,'Tipo de identificación encontrado en RCDefuncion',0,0,0,1281,1224 );
INSERT FieldDefinitionLoad (id,finalPosition,formatDate,initialPosition,label,identifierLine,removeFormat,required,fieldLoadCatalog_id,lineDefinition_id) VALUES (1282,NULL,NULL,NULL,'Número de identificación encontrado en RCDefuncion',0,0,0,1282,1224 );
INSERT FieldDefinitionLoad (id,finalPosition,formatDate,initialPosition,label,identifierLine,removeFormat,required,fieldLoadCatalog_id,lineDefinition_id) VALUES (1283,NULL,NULL,NULL,'Primer apellido encontrado en RCDefuncion',0,0,0,1283,1224 );
INSERT FieldDefinitionLoad (id,finalPosition,formatDate,initialPosition,label,identifierLine,removeFormat,required,fieldLoadCatalog_id,lineDefinition_id) VALUES (1284,NULL,NULL,NULL,'Segundo apellido encontrado en RCDefuncion',0,0,0,1284,1224 );
INSERT FieldDefinitionLoad (id,finalPosition,formatDate,initialPosition,label,identifierLine,removeFormat,required,fieldLoadCatalog_id,lineDefinition_id) VALUES (1285,NULL,NULL,NULL,'Primer nombre encontrado en RCDefuncion',0,0,0,1285,1224 );
INSERT FieldDefinitionLoad (id,finalPosition,formatDate,initialPosition,label,identifierLine,removeFormat,required,fieldLoadCatalog_id,lineDefinition_id) VALUES (1286,NULL,NULL,NULL,'Segundo nombre encontrado en RCDefuncion',0,0,0,1286,1224 );
INSERT FieldDefinitionLoad (id,finalPosition,formatDate,initialPosition,label,identifierLine,removeFormat,required,fieldLoadCatalog_id,lineDefinition_id) VALUES (1287,NULL,NULL,NULL,'Fecha de nacimiento encontrada en RCDefuncion',0,0,0,1287,1224 );
INSERT FieldDefinitionLoad (id,finalPosition,formatDate,initialPosition,label,identifierLine,removeFormat,required,fieldLoadCatalog_id,lineDefinition_id) VALUES (1288,NULL,NULL,NULL,'Sexo',0,0,0,1288,1224 );
INSERT FieldDefinitionLoad (id,finalPosition,formatDate,initialPosition,label,identifierLine,removeFormat,required,fieldLoadCatalog_id,lineDefinition_id) VALUES (1289,NULL,NULL,NULL,'Descripción del país de defunción',0,0,0,1289,1224 );
INSERT FieldDefinitionLoad (id,finalPosition,formatDate,initialPosition,label,identifierLine,removeFormat,required,fieldLoadCatalog_id,lineDefinition_id) VALUES (1290,NULL,NULL,NULL,'Descripción del Departamento de la defunción',0,0,0,1290,1224 );
INSERT FieldDefinitionLoad (id,finalPosition,formatDate,initialPosition,label,identifierLine,removeFormat,required,fieldLoadCatalog_id,lineDefinition_id) VALUES (1291,NULL,NULL,NULL,'Descripción del Municipio de la defunción',0,0,0,1291,1224 );
INSERT FieldDefinitionLoad (id,finalPosition,formatDate,initialPosition,label,identifierLine,removeFormat,required,fieldLoadCatalog_id,lineDefinition_id) VALUES (1292,NULL,NULL,NULL,'Fecha de la defunción',0,0,0,1292,1224 );
INSERT FieldDefinitionLoad (id,finalPosition,formatDate,initialPosition,label,identifierLine,removeFormat,required,fieldLoadCatalog_id,lineDefinition_id) VALUES (1293,NULL,NULL,NULL,'Estado en RCDefuncion',0,0,0,1293,1224 );
INSERT FieldDefinitionLoad (id,finalPosition,formatDate,initialPosition,label,identifierLine,removeFormat,required,fieldLoadCatalog_id,lineDefinition_id) VALUES (1294,NULL,NULL,NULL,'Origen información de Registraduría Nacional del Estado Civil RNEC',0,0,0,1294,1224 );
INSERT FieldDefinitionLoad (id,finalPosition,formatDate,initialPosition,label,identifierLine,removeFormat,required,fieldLoadCatalog_id,lineDefinition_id) VALUES (1295,NULL,NULL,NULL,'Tipo de Registro',1,0,0,1295,1225 );
INSERT FieldDefinitionLoad (id,finalPosition,formatDate,initialPosition,label,identifierLine,removeFormat,required,fieldLoadCatalog_id,lineDefinition_id) VALUES (1296,NULL,NULL,NULL,'Tipo de identificación de la persona a consultar',0,0,0,1296,1225 );
INSERT FieldDefinitionLoad (id,finalPosition,formatDate,initialPosition,label,identifierLine,removeFormat,required,fieldLoadCatalog_id,lineDefinition_id) VALUES (1297,NULL,NULL,NULL,'Número de identificación de la persona a consultar',0,0,0,1297,1225 );
INSERT FieldDefinitionLoad (id,finalPosition,formatDate,initialPosition,label,identifierLine,removeFormat,required,fieldLoadCatalog_id,lineDefinition_id) VALUES (1298,NULL,NULL,NULL,'NUIP',0,0,0,1298,1225 );
INSERT FieldDefinitionLoad (id,finalPosition,formatDate,initialPosition,label,identifierLine,removeFormat,required,fieldLoadCatalog_id,lineDefinition_id) VALUES (1299,NULL,NULL,NULL,'Primer apellido encontrado en ANI',0,0,0,1299,1225 );
INSERT FieldDefinitionLoad (id,finalPosition,formatDate,initialPosition,label,identifierLine,removeFormat,required,fieldLoadCatalog_id,lineDefinition_id) VALUES (1300,NULL,NULL,NULL,'Descripción de la partícula del nombre',0,0,0,1300,1225 );
INSERT FieldDefinitionLoad (id,finalPosition,formatDate,initialPosition,label,identifierLine,removeFormat,required,fieldLoadCatalog_id,lineDefinition_id) VALUES (1301,NULL,NULL,NULL,'Segundo apellido encontrado en ANI',0,0,0,1301,1225 );
INSERT FieldDefinitionLoad (id,finalPosition,formatDate,initialPosition,label,identifierLine,removeFormat,required,fieldLoadCatalog_id,lineDefinition_id) VALUES (1302,NULL,NULL,NULL,'Primer nombre encontrado en ANI',0,0,0,1302,1225 );
INSERT FieldDefinitionLoad (id,finalPosition,formatDate,initialPosition,label,identifierLine,removeFormat,required,fieldLoadCatalog_id,lineDefinition_id) VALUES (1303,NULL,NULL,NULL,'Segundo nombre encontrado en ANI',0,0,0,1303,1225 );
INSERT FieldDefinitionLoad (id,finalPosition,formatDate,initialPosition,label,identifierLine,removeFormat,required,fieldLoadCatalog_id,lineDefinition_id) VALUES (1304,NULL,NULL,NULL,'Nombre del lugar de expedición',0,0,0,1304,1225 );
INSERT FieldDefinitionLoad (id,finalPosition,formatDate,initialPosition,label,identifierLine,removeFormat,required,fieldLoadCatalog_id,lineDefinition_id) VALUES (1305,NULL,NULL,NULL,'Fecha de expedición',0,0,0,1305,1225 );
INSERT FieldDefinitionLoad (id,finalPosition,formatDate,initialPosition,label,identifierLine,removeFormat,required,fieldLoadCatalog_id,lineDefinition_id) VALUES (1306,NULL,NULL,NULL,'Estado en ANI',0,0,0,1306,1225 );
INSERT FieldDefinitionLoad (id,finalPosition,formatDate,initialPosition,label,identifierLine,removeFormat,required,fieldLoadCatalog_id,lineDefinition_id) VALUES (1307,NULL,NULL,NULL,'Fecha de defunción',0,0,0,1307,1225 ); 
INSERT FieldDefinitionLoad (id,finalPosition,formatDate,initialPosition,label,identifierLine,removeFormat,required,fieldLoadCatalog_id,lineDefinition_id) VALUES (1308,NULL,NULL,NULL,'Número de la resolución',0,0,0,1308,1225 );
INSERT FieldDefinitionLoad (id,finalPosition,formatDate,initialPosition,label,identifierLine,removeFormat,required,fieldLoadCatalog_id,lineDefinition_id) VALUES (1309,NULL,NULL,NULL,'Fecha de expedición de la resolución',0,0,0,1309,1225 );
INSERT FieldDefinitionLoad (id,finalPosition,formatDate,initialPosition,label,identifierLine,removeFormat,required,fieldLoadCatalog_id,lineDefinition_id) VALUES (1310,NULL,NULL,NULL,'Origen información de Registraduría Nacional del Estado Civil RNEC',0,0,0,1310,1225 );

--changeset jusanchez:03
--comment: Inserción de Validador Registros No Encontrados HU-496
INSERT Parametro (prmNombre,prmValor) VALUES ('FILE_DEFINITION_ID_ARCHIVO_SUPERVIVENCIA_NO_ENCONTRADO_RNEC','1223');

INSERT FILEDEFINITIONLOADTYPE (ID,DESCRIPTION,NAME) VALUES (1223,'Archivo de supervivencia registros no encontrado RNEC','Plantilla archivos de supervivencia registros no encontrados RNEC');
     
INSERT FILEDEFINITIONLOAD (ID,DECIMALSEPARATOR,NOMBRE,TENANTID,THOUSANDSSEPARATOR,EXCLUDELINES,REGISTERSREAD,SHEETNUMBERXLS,USECHARACTERS,FILEDEFINITIONTYPE_ID) VALUES (1223,'.','Carga archivos de supervivencia no encontrado',null,null,0,null,null,1,1223); 
     
INSERT LINELOADCATALOG (ID,CLASSNAME,DESCRIPTION,NAME,TENANTID,LINEORDER,LINESEPARATOR,TARGETENTITY) VALUES (1226,'com.asopagos.novedades.personas.web.load.SupervivenciaRegistroNoEncontradoRNECPersistLine','Estructura del archivo de respuesta de la consulta con los registros no encontrados – RNEC','Estructura de respuesta con los registros no encontrados – RNEC',null,1,',',null);
INSERT LINELOADCATALOG (ID,CLASSNAME,DESCRIPTION,NAME,TENANTID,LINEORDER,LINESEPARATOR,TARGETENTITY) VALUES (1227,'com.asopagos.novedades.personas.web.load.SupervivenciaRegistroNoEncontradoRNECPersistLine','Estructura del archivo de respuesta de la consulta con los registros no encontrados – RNEC','Estructura de respuesta con los registros no encontrados – RNEC',null,2,',',null);
 
INSERT LINEDEFINITIONLOAD (ID,IDENTIFIER,NUMBERGROUP,REQUIRED,REQUIREDINGROUP,ROLLBACKORDER,FILEDEFINITION_ID,LINELOADCATALOG_ID) VALUES (1226,'1',1,1,null,1,1223,1226);
INSERT LINEDEFINITIONLOAD (ID,IDENTIFIER,NUMBERGROUP,REQUIRED,REQUIREDINGROUP,ROLLBACKORDER,FILEDEFINITION_ID,LINELOADCATALOG_ID) VALUES (1227,'2',2,1,null,1,1223,1227); 
  
INSERT VALIDATORCATALOG (ID,CLASSNAME,DESCRIPTION,NAME,SCOPE,TENANTID) VALUES (1224,'com.asopagos.novedades.personas.web.load.validator.SupervivenciaNoEncontradoRNECLineValidator','validador de línea de carga múltiple archivo supervivencia','Validador línea carga múltiple archivo supervivencia','LINE',null);
			
INSERT VALIDATORDEFINITION (ID,EXCLUDELINE,STOPPROCESS,VALIDATORORDER,FIELDDEFINITION_ID,FILEDEFINITIONLOAD_ID,LINEDEFINITION_ID,VALIDATORCATALOG_ID) VALUES (1226,1,0,1,null,null,1226,1224);
INSERT VALIDATORDEFINITION (ID,EXCLUDELINE,STOPPROCESS,VALIDATORORDER,FIELDDEFINITION_ID,FILEDEFINITIONLOAD_ID,LINEDEFINITION_ID,VALIDATORCATALOG_ID) VALUES (1227,1,0,1,null,null,1227,1224);

INSERT FieldLoadCatalog (id,dataType,description,maxDecimalSize,minDecimalSize,name,fieldOrder,tenantId) VALUES (1311,'STRING','Tipo de registro',NULL,NULL,'tipoRegistroUnoArch',1,0);
INSERT FieldLoadCatalog (id,dataType,description,maxDecimalSize,minDecimalSize,name,fieldOrder,tenantId) VALUES (1312,'STRING','Código de entidad',NULL,NULL,'codEntidadUnoArch',1,0);
INSERT FieldLoadCatalog (id,dataType,description,maxDecimalSize,minDecimalSize,name,fieldOrder,tenantId) VALUES (1313,'STRING','Fecha inicial del período de la información',NULL,NULL,'fechaInicioPeriodoUnoArch',1,0);
INSERT FieldLoadCatalog (id,dataType,description,maxDecimalSize,minDecimalSize,name,fieldOrder,tenantId) VALUES (1314,'STRING','Fecha final del período de la información',NULL,NULL,'fechaFinalPeriodoUnoArch',1,0);
INSERT FieldLoadCatalog (id,dataType,description,maxDecimalSize,minDecimalSize,name,fieldOrder,tenantId) VALUES (1316,'STRING','Fecha de procesamiento de la información',NULL,NULL,'fechaProcesamientoUnoArch',1,0);
INSERT FieldLoadCatalog (id,dataType,description,maxDecimalSize,minDecimalSize,name,fieldOrder,tenantId) VALUES (1315,'STRING','Total de registros relacionados en el archivo de consulta',NULL,NULL,'totalRegisConsultaUnoArch',1,0);
INSERT FieldLoadCatalog (id,dataType,description,maxDecimalSize,minDecimalSize,name,fieldOrder,tenantId) VALUES (1317,'STRING','Total de registros relacionados en el archivo de respuesta',NULL,NULL,'totalRegisArchRespuestaUnoArch',1,0);
INSERT FieldLoadCatalog (id,dataType,description,maxDecimalSize,minDecimalSize,name,fieldOrder,tenantId) VALUES (1318,'STRING','Nombre del Archivo de Respuesta (Sin extensión .TXT)',NULL,NULL,'nombreArchivoRespUnoArch',1,0);
INSERT FieldLoadCatalog (id,dataType,description,maxDecimalSize,minDecimalSize,name,fieldOrder,tenantId) VALUES (1319,'STRING','Tipo de Registro',NULL,NULL,'tipoRegistroDosArch',2,0);
INSERT FieldLoadCatalog (id,dataType,description,maxDecimalSize,minDecimalSize,name,fieldOrder,tenantId) VALUES (1320,'STRING','Tipo de identificación de la persona a consultar',NULL,NULL,'tipoIdentiDosArch',2,0);
INSERT FieldLoadCatalog (id,dataType,description,maxDecimalSize,minDecimalSize,name,fieldOrder,tenantId) VALUES (1321,'STRING','Número de identificación de la persona a consultar',NULL,NULL,'numIdentiDosArch',2,0);
INSERT FieldLoadCatalog (id,dataType,description,maxDecimalSize,minDecimalSize,name,fieldOrder,tenantId) VALUES (1322,'STRING','Estado de los registros no encontrados',NULL,NULL,'estadoDosArch',2,0);
 
INSERT FieldDefinitionLoad (id,finalPosition,formatDate,initialPosition,label,identifierLine,removeFormat,required,fieldLoadCatalog_id,lineDefinition_id) VALUES (1311,NULL,NULL,NULL,'Tipo de registro',1,0,0,1311,1226 );
INSERT FieldDefinitionLoad (id,finalPosition,formatDate,initialPosition,label,identifierLine,removeFormat,required,fieldLoadCatalog_id,lineDefinition_id) VALUES (1312,NULL,NULL,NULL,'Código de entidad',0,0,0,1312,1226 );
INSERT FieldDefinitionLoad (id,finalPosition,formatDate,initialPosition,label,identifierLine,removeFormat,required,fieldLoadCatalog_id,lineDefinition_id) VALUES (1313,NULL,NULL,NULL,'Fecha inicial del período de la información',0,0,0,1313,1226 );
INSERT FieldDefinitionLoad (id,finalPosition,formatDate,initialPosition,label,identifierLine,removeFormat,required,fieldLoadCatalog_id,lineDefinition_id) VALUES (1314,NULL,NULL,NULL,'Fecha final del período de la información',0,0,0,1314,1226 );
INSERT FieldDefinitionLoad (id,finalPosition,formatDate,initialPosition,label,identifierLine,removeFormat,required,fieldLoadCatalog_id,lineDefinition_id) VALUES (1315,NULL,NULL,NULL,'Total de registros relacionados en el archivo de consulta',0,0,0,1315,1226 );
INSERT FieldDefinitionLoad (id,finalPosition,formatDate,initialPosition,label,identifierLine,removeFormat,required,fieldLoadCatalog_id,lineDefinition_id) VALUES (1316,NULL,NULL,NULL,'Fecha de procesamiento de la información',0,0,0,1316,1226 );
INSERT FieldDefinitionLoad (id,finalPosition,formatDate,initialPosition,label,identifierLine,removeFormat,required,fieldLoadCatalog_id,lineDefinition_id) VALUES (1317,NULL,NULL,NULL,'Total de registros relacionados en el archivo de respuesta',0,0,0,1317,1226 );
INSERT FieldDefinitionLoad (id,finalPosition,formatDate,initialPosition,label,identifierLine,removeFormat,required,fieldLoadCatalog_id,lineDefinition_id) VALUES (1318,NULL,NULL,NULL,'Nombre del Archivo de Respuesta (Sin extensión .TXT)',0,0,0,1318,1226 );
INSERT FieldDefinitionLoad (id,finalPosition,formatDate,initialPosition,label,identifierLine,removeFormat,required,fieldLoadCatalog_id,lineDefinition_id) VALUES (1319,NULL,NULL,NULL,'Tipo de Registro',1,0,0,1319,1227 );
INSERT FieldDefinitionLoad (id,finalPosition,formatDate,initialPosition,label,identifierLine,removeFormat,required,fieldLoadCatalog_id,lineDefinition_id) VALUES (1320,NULL,NULL,NULL,'Tipo de identificación de la persona a consultar',0,0,0,1320,1227 );
INSERT FieldDefinitionLoad (id,finalPosition,formatDate,initialPosition,label,identifierLine,removeFormat,required,fieldLoadCatalog_id,lineDefinition_id) VALUES (1321,NULL,NULL,NULL,'Número de identificación de la persona a consultar',0,0,0,1321,1227 );
INSERT FieldDefinitionLoad (id,finalPosition,formatDate,initialPosition,label,identifierLine,removeFormat,required,fieldLoadCatalog_id,lineDefinition_id) VALUES (1322,NULL,NULL,NULL,'Estado de los registros no encontrados',0,0,0,1322,1227 );

--changeset jusanchez:04
--comment: Inserción de proceso 122 Afiliación de personas web 
INSERT VALIDATORCATALOG (ID,CLASSNAME,DESCRIPTION,NAME,SCOPE,TENANTID) VALUES (1221,'com.asopagos.afiliaciones.personas.web.load.validator.TrabajadorDependienteLineValidator','validador de línea de carga múltiple de solicitud de afiliación de trabajadores dependientes','Validador línea carga múltiple','LINE',null);
INSERT VALIDATORDEFINITION (ID,EXCLUDELINE,STOPPROCESS,VALIDATORORDER,FIELDDEFINITION_ID,FILEDEFINITIONLOAD_ID,LINEDEFINITION_ID,VALIDATORCATALOG_ID) VALUES (1221,1,0,1,null,null,1221,1221);

--changeset jusanchez:05
--comment: Inserción de FieldDefinitionLoad
INSERT FieldDefinitionLoad (id,finalPosition,formatDate,initialPosition,label,identifierLine,removeFormat,required,fieldLoadCatalog_id,lineDefinition_id) VALUES (1227,NULL,NULL,NULL,'Fecha de expedición de documento de identidad',0,0,0,1227,1221);  


