--liquibase formatted sql

--changeset jocorrea:01
--comment: Creacion campo empRetencionSubsidioActiva,empMotivoRetencionSubsidio tabla Empleador
ALTER TABLE Empleador ADD empRetencionSubsidioActiva BIT,empMotivoRetencionSubsidio VARCHAR(24);

---changeset jocorrea:02
--comment: Creacion campo sueRetencionSubsidioActiva,sueMotivoRetencionSubsidio tabla SucursalEmpresa
ALTER TABLE SucursalEmpresa ADD sueRetencionSubsidioActiva BIT,sueMotivoRetencionSubsidio VARCHAR(24);

--changeset jocorrea:03
--comment: Creacion campo pedFechaDefuncion tabla PersonaDetalle
ALTER TABLE PersonaDetalle ADD pedFechaDefuncion DATE;

--changeset jocorrea:04
--comment: Delete tabla ValidacionProceso
DELETE FROM ValidacionProceso
WHERE vapValidacion = 'VALIDACION_HIJO_ACTIVO'
AND vapBloque IN (
'NOVEDAD_ACTUALIZACION_CERTIFICADO_ESTUDIOS_HIJO_BIOLOGICO_PRESENCIAL',
'NOVEDAD_ACTUALIZACION_CERTIFICADO_ESTUDIOS_HIJO_BIOLOGICO_WEB',
'NOVEDAD_ACTUALIZACION_CERTIFICADO_ESTUDIOS_HIJO_BIOLOGICO_DEPWEB',
'NOVEDAD_ACTUALIZACION_CERTIFICADO_ESTUDIOS_HIJASTRO_PRESENCIAL',
'NOVEDAD_ACTUALIZACION_CERTIFICADO_ESTUDIOS_HIJASTRO_WEB',
'NOVEDAD_ACTUALIZACION_CERTIFICADO_ESTUDIOS_HIJASTRO_DEPWEB',
'NOVEDAD_ACTUALIZACION_CERTIFICADO_ESTUDIOS_HERMANO_HUERFANO_PRESENCIAL',
'NOVEDAD_ACTUALIZACION_CERTIFICADO_ESTUDIOS_HERMANO_HUERFANO_WEB',
'NOVEDAD_ACTUALIZACION_CERTIFICADO_ESTUDIOS_HERMANO_HUERFANO_DEPWEB',
'NOVEDAD_ACTUALIZACION_CERTIFICADO_ESTUDIOS_HIJO_ADOTIVO_PRESENCIAL',
'NOVEDAD_ACTUALIZACION_CERTIFICADO_ESTUDIOS_HIJO_ADOTIVO_WEB',
'NOVEDAD_ACTUALIZACION_CERTIFICADO_ESTUDIOS_HIJO_ADOTIVO_DEPWEB',
'NOVEDAD_ACTUALIZACION_CERTIFICADO_ESTUDIOS_BENEFICIARIO_EN_CUSTODIA_PRESENCIAL',
'NOVEDAD_ACTUALIZACION_CERTIFICADO_ESTUDIOS_BENEFICIARIO_EN_CUSTODIA_WEB',
'NOVEDAD_ACTUALIZACION_CERTIFICADO_ESTUDIOS_BENEFICIARIO_EN_CUSTODIA_DEPWEB',
'NOVEDAD_ACTUALIZACION_ESCOLARIDAD_ESTUDIANTE_EDUCACION_BASICA_MEDIA_HIJO_BIOLOGICO_PRESENCIAL',
'NOVEDAD_ACTUALIZACION_ESCOLARIDAD_ESTUDIANTE_EDUCACION_BASICA_MEDIA_HIJO_BIOLOGICO_WEB',
'NOVEDAD_ACTUALIZACION_ESCOLARIDAD_ESTUDIANTE_EDUCACION_BASICA_MEDIA_HIJO_BIOLOGICO_DEPWEB',
'NOVEDAD_ACTUALIZACION_ESCOLARIDAD_ESTUDIANTE_EDUCACION_BASICA_MEDIA_HIJASTRO_PRESENCIAL',
'NOVEDAD_ACTUALIZACION_ESCOLARIDAD_ESTUDIANTE_EDUCACION_BASICA_MEDIA_HIJASTRO_WEB',
'NOVEDAD_ACTUALIZACION_ESCOLARIDAD_ESTUDIANTE_EDUCACION_BASICA_MEDIA_HIJASTRO_DEPWEB',
'NOVEDAD_ACTUALIZACION_ESCOLARIDAD_ESTUDIANTE_EDUCACION_BASICA_MEDIA_HERMANO_HUERFANO_PRESENCIAL',
'NOVEDAD_ACTUALIZACION_ESCOLARIDAD_ESTUDIANTE_EDUCACION_BASICA_MEDIA_HERMANO_HUERFANO_WEB',
'NOVEDAD_ACTUALIZACION_ESCOLARIDAD_ESTUDIANTE_EDUCACION_BASICA_MEDIA_HERMANO_HUERFANO_DEPWEB',
'NOVEDAD_ACTUALIZACION_ESCOLARIDAD_ESTUDIANTE_EDUCACION_BASICA_MEDIA_HIJO_ADOPTIVO_PRESENCIAL',
'NOVEDAD_ACTUALIZACION_ESCOLARIDAD_ESTUDIANTE_EDUCACION_BASICA_MEDIA_HIJO_ADOPTIVO_WEB',
'NOVEDAD_ACTUALIZACION_ESCOLARIDAD_ESTUDIANTE_EDUCACION_BASICA_MEDIA_HIJO_ADOPTIVO_DEPWEB',
'NOVEDAD_ACTUALIZACION_ESCOLARIDAD_ESTUDIANTE_EDUCACION_BASICA_MEDIA_BENEFICIARIO_EN_CUSTODIA_PRESENCIAL',
'NOVEDAD_ACTUALIZACION_ESCOLARIDAD_ESTUDIANTE_EDUCACION_BASICA_MEDIA_BENEFICIARIO_EN_CUSTODIA_WEB',
'NOVEDAD_ACTUALIZACION_ESCOLARIDAD_ESTUDIANTE_EDUCACION_BASICA_MEDIA_BENEFICIARIO_EN_CUSTODIA_DEPWEB');

--changeset jocorrea:05
--comment: Update tabla ValidacionProceso
UPDATE ValidacionProceso SET vapValidacion = 'VALIDACION_TIPO_DOCUMENTO_PERSONA'
WHERE vapValidacion = 'VALIDACION_TIPO_DOCUMENTO'
AND vapBloque IN ('CAMBIO_GENERO_CONYUGE',
'CAMBIO_GENERO_PADRE',
'CAMBIO_GENERO_MADRE',
'CAMBIO_GENERO_HIJO_BIOLOGICO',
'CAMBIO_GENERO_HIJASTRO',
'CAMBIO_GENERO_HERMANO_HUERFANO',
'CAMBIO_GENERO_HIJO_ADOPTIVO',
'CAMBIO_GENERO_BENEFICIARIO_EN_CUSTODIA');

UPDATE ValidacionProceso SET vapValidacion = 'VALIDACION_TIPO_DOCUMENTO_NIT'
WHERE vapValidacion = 'VALIDACION_TIPO_DOCUMENTO'
AND vapBloque IN ('NOVEDAD_CAMBIO_TIPO_NUMERO_DOCUMENTO','CAMBIO_TIPO_NUMERO_DOCUMENTO')
AND vapObjetoValidacion = 'PERSONA_NATURAL';

UPDATE ValidacionProceso SET vapValidacion = 'VALIDACION_PERSONA_ES_EMPLEADOR'
WHERE vapValidacion = 'VALIDACION_PERSONA_EMPLEADOR'
AND vapBloque = 'CAMBIO_TIPO_NUMERO_DOCUMENTO'
AND vapObjetoValidacion = 'PERSONA_NATURAL';

--changeset jocorrea:06
--comment: Insert tabla ValidacionProceso
INSERT ValidacionProceso (vapBloque, vapValidacion, vapProceso, vapEstadoProceso, vapOrden, vapObjetoValidacion, vapInversa) VALUES 
('NOVEDAD_CAMBIO_TIPO_NUMERO_DOCUMENTO', 'VALIDACION_ESTADO_AFILIACION', 'NOVEDADES_EMPRESAS_PRESENCIAL', 'ACTIVO', 1, 'EMPLEADOR_DE_SERVICIO_DOMESTICO', 0),
('NOVEDAD_CAMBIO_TIPO_NUMERO_DOCUMENTO', 'VALIDACION_TIPO_DOCUMENTO', 'NOVEDADES_EMPRESAS_PRESENCIAL', 'ACTIVO', 1, 'EMPLEADOR_DE_SERVICIO_DOMESTICO', 0),
('NOVEDAD_ACTIVAR_RETENCION_SUBSIDIO_EMPLEADOR', 'VALIDACION_RETENCION_SUBSIDIO_EMPLEADOR_ACTIVO', 'NOVEDADES_EMPRESAS_PRESENCIAL', 'ACTIVO', '1', 'PERSONA_JURIDICA', 1),
('NOVEDAD_ACTIVAR_RETENCION_SUBSIDIO_EMPLEADOR', 'VALIDACION_RETENCION_SUBSIDIO_EMPLEADOR_ACTIVO', 'NOVEDADES_EMPRESAS_PRESENCIAL', 'ACTIVO', '1', 'PERSONA_NATURAL', 1),
('NOVEDAD_ACTIVAR_RETENCION_SUBSIDIO_EMPLEADOR', 'VALIDACION_RETENCION_SUBSIDIO_EMPLEADOR_ACTIVO', 'NOVEDADES_EMPRESAS_PRESENCIAL', 'ACTIVO', '1', 'EMPLEADOR_DE_SERVICIO_DOMESTICO', 1),
('NOVEDAD_ACTIVAR_RETENCION_SUBSIDIO_EMPLEADOR', 'VALIDACION_RETENCION_SUBSIDIO_EMPLEADOR_ACTIVO', 'NOVEDADES_EMPRESAS_PRESENCIAL', 'ACTIVO', '1', 'PROPIEDAD_HORIZONTAL', 1),
('NOVEDAD_ACTIVAR_RETENCION_SUBSIDIO_EMPLEADOR', 'VALIDACION_RETENCION_SUBSIDIO_EMPLEADOR_ACTIVO', 'NOVEDADES_EMPRESAS_PRESENCIAL', 'ACTIVO', '1', 'COOPERATIVA_O_PRECOOPERATIVA_DE_TRABAJO_ASOCIADO', 1),
('NOVEDAD_ACTIVAR_RETENCION_SUBSIDIO_EMPLEADOR', 'VALIDACION_RETENCION_SUBSIDIO_EMPLEADOR_ACTIVO', 'NOVEDADES_EMPRESAS_PRESENCIAL', 'ACTIVO', '1', 'ENTIDAD_SIN_ANIMO_DE_LUCRO', 1),
('NOVEDAD_ACTIVAR_RETENCION_SUBSIDIO_EMPLEADOR', 'VALIDACION_RETENCION_SUBSIDIO_EMPLEADOR_ACTIVO', 'NOVEDADES_EMPRESAS_PRESENCIAL', 'ACTIVO', '1', 'ORGANIZACION_RELIGIOSA_O_PARROQUIA', 1),
('NOVEDAD_INACTIVAR_RETENCION_SUBSIDIO_EMPLEADOR', 'VALIDACION_RETENCION_SUBSIDIO_EMPLEADOR_ACTIVO', 'NOVEDADES_EMPRESAS_PRESENCIAL', 'ACTIVO', '1', 'PERSONA_JURIDICA', 0),
('NOVEDAD_INACTIVAR_RETENCION_SUBSIDIO_EMPLEADOR', 'VALIDACION_RETENCION_SUBSIDIO_EMPLEADOR_ACTIVO', 'NOVEDADES_EMPRESAS_PRESENCIAL', 'ACTIVO', '1', 'PERSONA_NATURAL', 0),
('NOVEDAD_INACTIVAR_RETENCION_SUBSIDIO_EMPLEADOR', 'VALIDACION_RETENCION_SUBSIDIO_EMPLEADOR_ACTIVO', 'NOVEDADES_EMPRESAS_PRESENCIAL', 'ACTIVO', '1', 'EMPLEADOR_DE_SERVICIO_DOMESTICO', 0),
('NOVEDAD_INACTIVAR_RETENCION_SUBSIDIO_EMPLEADOR', 'VALIDACION_RETENCION_SUBSIDIO_EMPLEADOR_ACTIVO', 'NOVEDADES_EMPRESAS_PRESENCIAL', 'ACTIVO', '1', 'PROPIEDAD_HORIZONTAL', 0),
('NOVEDAD_INACTIVAR_RETENCION_SUBSIDIO_EMPLEADOR', 'VALIDACION_RETENCION_SUBSIDIO_EMPLEADOR_ACTIVO', 'NOVEDADES_EMPRESAS_PRESENCIAL', 'ACTIVO', '1', 'COOPERATIVA_O_PRECOOPERATIVA_DE_TRABAJO_ASOCIADO', 0),
('NOVEDAD_INACTIVAR_RETENCION_SUBSIDIO_EMPLEADOR', 'VALIDACION_RETENCION_SUBSIDIO_EMPLEADOR_ACTIVO', 'NOVEDADES_EMPRESAS_PRESENCIAL', 'ACTIVO', '1', 'ENTIDAD_SIN_ANIMO_DE_LUCRO', 0),
('NOVEDAD_INACTIVAR_RETENCION_SUBSIDIO_EMPLEADOR', 'VALIDACION_RETENCION_SUBSIDIO_EMPLEADOR_ACTIVO', 'NOVEDADES_EMPRESAS_PRESENCIAL', 'ACTIVO', '1', 'ORGANIZACION_RELIGIOSA_O_PARROQUIA', 0),
('NOVEDAD_ACTIVAR_RETENCION_SUBSIDIO_SUCURSAL', 'VALIDACION_RETENCION_SUBSIDIO_SUCURSAL_ACTIVO', 'NOVEDADES_EMPRESAS_PRESENCIAL', 'ACTIVO', '1', 'PERSONA_JURIDICA', 1),
('NOVEDAD_ACTIVAR_RETENCION_SUBSIDIO_SUCURSAL', 'VALIDACION_RETENCION_SUBSIDIO_SUCURSAL_ACTIVO', 'NOVEDADES_EMPRESAS_PRESENCIAL', 'ACTIVO', '1', 'PERSONA_NATURAL', 1),
('NOVEDAD_ACTIVAR_RETENCION_SUBSIDIO_SUCURSAL', 'VALIDACION_RETENCION_SUBSIDIO_SUCURSAL_ACTIVO', 'NOVEDADES_EMPRESAS_PRESENCIAL', 'ACTIVO', '1', 'EMPLEADOR_DE_SERVICIO_DOMESTICO', 1),
('NOVEDAD_ACTIVAR_RETENCION_SUBSIDIO_SUCURSAL', 'VALIDACION_RETENCION_SUBSIDIO_SUCURSAL_ACTIVO', 'NOVEDADES_EMPRESAS_PRESENCIAL', 'ACTIVO', '1', 'PROPIEDAD_HORIZONTAL', 1),
('NOVEDAD_ACTIVAR_RETENCION_SUBSIDIO_SUCURSAL', 'VALIDACION_RETENCION_SUBSIDIO_SUCURSAL_ACTIVO', 'NOVEDADES_EMPRESAS_PRESENCIAL', 'ACTIVO', '1', 'COOPERATIVA_O_PRECOOPERATIVA_DE_TRABAJO_ASOCIADO', 1),
('NOVEDAD_ACTIVAR_RETENCION_SUBSIDIO_SUCURSAL', 'VALIDACION_RETENCION_SUBSIDIO_SUCURSAL_ACTIVO', 'NOVEDADES_EMPRESAS_PRESENCIAL', 'ACTIVO', '1', 'ENTIDAD_SIN_ANIMO_DE_LUCRO', 1),
('NOVEDAD_ACTIVAR_RETENCION_SUBSIDIO_SUCURSAL', 'VALIDACION_RETENCION_SUBSIDIO_SUCURSAL_ACTIVO', 'NOVEDADES_EMPRESAS_PRESENCIAL', 'ACTIVO', '1', 'ORGANIZACION_RELIGIOSA_O_PARROQUIA', 1),
('NOVEDAD_INACTIVAR_RETENCION_SUBSIDIO_SUCURSAL', 'VALIDACION_RETENCION_SUBSIDIO_SUCURSAL_ACTIVO', 'NOVEDADES_EMPRESAS_PRESENCIAL', 'ACTIVO', '1', 'PERSONA_JURIDICA', 0),
('NOVEDAD_INACTIVAR_RETENCION_SUBSIDIO_SUCURSAL', 'VALIDACION_RETENCION_SUBSIDIO_SUCURSAL_ACTIVO', 'NOVEDADES_EMPRESAS_PRESENCIAL', 'ACTIVO', '1', 'PERSONA_NATURAL', 0),
('NOVEDAD_INACTIVAR_RETENCION_SUBSIDIO_SUCURSAL', 'VALIDACION_RETENCION_SUBSIDIO_SUCURSAL_ACTIVO', 'NOVEDADES_EMPRESAS_PRESENCIAL', 'ACTIVO', '1', 'EMPLEADOR_DE_SERVICIO_DOMESTICO', 0),
('NOVEDAD_INACTIVAR_RETENCION_SUBSIDIO_SUCURSAL', 'VALIDACION_RETENCION_SUBSIDIO_SUCURSAL_ACTIVO', 'NOVEDADES_EMPRESAS_PRESENCIAL', 'ACTIVO', '1', 'PROPIEDAD_HORIZONTAL', 0),
('NOVEDAD_INACTIVAR_RETENCION_SUBSIDIO_SUCURSAL', 'VALIDACION_RETENCION_SUBSIDIO_SUCURSAL_ACTIVO', 'NOVEDADES_EMPRESAS_PRESENCIAL', 'ACTIVO', '1', 'COOPERATIVA_O_PRECOOPERATIVA_DE_TRABAJO_ASOCIADO', 0),
('NOVEDAD_INACTIVAR_RETENCION_SUBSIDIO_SUCURSAL', 'VALIDACION_RETENCION_SUBSIDIO_SUCURSAL_ACTIVO', 'NOVEDADES_EMPRESAS_PRESENCIAL', 'ACTIVO', '1', 'ENTIDAD_SIN_ANIMO_DE_LUCRO', 0),
('NOVEDAD_INACTIVAR_RETENCION_SUBSIDIO_SUCURSAL', 'VALIDACION_RETENCION_SUBSIDIO_SUCURSAL_ACTIVO', 'NOVEDADES_EMPRESAS_PRESENCIAL', 'ACTIVO', '1', 'ORGANIZACION_RELIGIOSA_O_PARROQUIA', 0),
('NOVEDAD_ACTUALIZACION_OPORTUNIDAD_PAGO_APORTES_INDEPENDIENTE_PRESENCIAL', 'VALIDACION_ESTADO_AFILIADO', 'NOVEDADES_PERSONAS_PRESENCIAL', 'ACTIVO', '1', 'TRABAJADOR_INDEPENDIENTE_2_POR_CIENTO', 0),
('NOVEDAD_ACTUALIZACION_OPORTUNIDAD_PAGO_APORTES_INDEPENDIENTE_PRESENCIAL', 'VALIDACION_ESTADO_AFILIADO', 'NOVEDADES_PERSONAS_PRESENCIAL', 'ACTIVO', '1', 'TRABAJADOR_INDEPENDIENTE_0_6_POR_CIENTO', 0),
('NOVEDAD_ACTUALIZACION_OPORTUNIDAD_PAGO_APORTES_INDEPENDIENTE_WEB', 'VALIDACION_ESTADO_AFILIADO', 'NOVEDADES_PERSONAS_WEB', 'ACTIVO', '1', 'TRABAJADOR_INDEPENDIENTE_2_POR_CIENTO', 0),
('NOVEDAD_ACTUALIZACION_OPORTUNIDAD_PAGO_APORTES_INDEPENDIENTE_WEB', 'VALIDACION_ESTADO_AFILIADO', 'NOVEDADES_PERSONAS_WEB', 'ACTIVO', '1', 'TRABAJADOR_INDEPENDIENTE_0_6_POR_CIENTO', 0);

--changeset jocorrea:07
--comment: Insert tabla ValidacionProceso
INSERT ValidacionProceso (vapBloque, vapValidacion, vapProceso, vapEstadoProceso, vapOrden, vapObjetoValidacion, vapInversa) VALUES
('CAMBIO_TIPO_NUMERO_DOCUMENTO', 'VALIDACION_ESTADO_AFILIACION', 'NOVEDADES_EMPRESAS_PRESENCIAL', 'ACTIVO', 1, 'EMPLEADOR_DE_SERVICIO_DOMESTICO', 0),
('CAMBIO_TIPO_NUMERO_DOCUMENTO', 'VALIDACION_TIPO_DOCUMENTO', 'NOVEDADES_EMPRESAS_PRESENCIAL', 'ACTIVO', 1, 'EMPLEADOR_DE_SERVICIO_DOMESTICO', 0),
('CAMBIO_TIPO_NUMERO_DOCUMENTO', 'VALIDACION_PERSONA_ES_EMPLEADOR', 'NOVEDADES_EMPRESAS_PRESENCIAL', 'ACTIVO', 1, 'EMPLEADOR_DE_SERVICIO_DOMESTICO', 0),
('ACTIVAR_RETENCION_SUBSIDIO_EMPLEADOR', 'VALIDACION_RETENCION_SUBSIDIO_EMPLEADOR_ACTIVO', 'NOVEDADES_EMPRESAS_PRESENCIAL', 'ACTIVO', '1', 'PERSONA_JURIDICA', 1),
('ACTIVAR_RETENCION_SUBSIDIO_EMPLEADOR', 'VALIDACION_RETENCION_SUBSIDIO_EMPLEADOR_ACTIVO', 'NOVEDADES_EMPRESAS_PRESENCIAL', 'ACTIVO', '1', 'PERSONA_NATURAL', 1),
('ACTIVAR_RETENCION_SUBSIDIO_EMPLEADOR', 'VALIDACION_RETENCION_SUBSIDIO_EMPLEADOR_ACTIVO', 'NOVEDADES_EMPRESAS_PRESENCIAL', 'ACTIVO', '1', 'EMPLEADOR_DE_SERVICIO_DOMESTICO', 1),
('ACTIVAR_RETENCION_SUBSIDIO_EMPLEADOR', 'VALIDACION_RETENCION_SUBSIDIO_EMPLEADOR_ACTIVO', 'NOVEDADES_EMPRESAS_PRESENCIAL', 'ACTIVO', '1', 'PROPIEDAD_HORIZONTAL', 1),
('ACTIVAR_RETENCION_SUBSIDIO_EMPLEADOR', 'VALIDACION_RETENCION_SUBSIDIO_EMPLEADOR_ACTIVO', 'NOVEDADES_EMPRESAS_PRESENCIAL', 'ACTIVO', '1', 'COOPERATIVA_O_PRECOOPERATIVA_DE_TRABAJO_ASOCIADO', 1),
('ACTIVAR_RETENCION_SUBSIDIO_EMPLEADOR', 'VALIDACION_RETENCION_SUBSIDIO_EMPLEADOR_ACTIVO', 'NOVEDADES_EMPRESAS_PRESENCIAL', 'ACTIVO', '1', 'ENTIDAD_SIN_ANIMO_DE_LUCRO', 1),
('ACTIVAR_RETENCION_SUBSIDIO_EMPLEADOR', 'VALIDACION_RETENCION_SUBSIDIO_EMPLEADOR_ACTIVO', 'NOVEDADES_EMPRESAS_PRESENCIAL', 'ACTIVO', '1', 'ORGANIZACION_RELIGIOSA_O_PARROQUIA', 1),
('INACTIVAR_RETENCION_SUBSIDIO_EMPLEADOR', 'VALIDACION_RETENCION_SUBSIDIO_EMPLEADOR_ACTIVO', 'NOVEDADES_EMPRESAS_PRESENCIAL', 'ACTIVO', '1', 'PERSONA_JURIDICA', 0),
('INACTIVAR_RETENCION_SUBSIDIO_EMPLEADOR', 'VALIDACION_RETENCION_SUBSIDIO_EMPLEADOR_ACTIVO', 'NOVEDADES_EMPRESAS_PRESENCIAL', 'ACTIVO', '1', 'PERSONA_NATURAL', 0),
('INACTIVAR_RETENCION_SUBSIDIO_EMPLEADOR', 'VALIDACION_RETENCION_SUBSIDIO_EMPLEADOR_ACTIVO', 'NOVEDADES_EMPRESAS_PRESENCIAL', 'ACTIVO', '1', 'EMPLEADOR_DE_SERVICIO_DOMESTICO', 0),
('INACTIVAR_RETENCION_SUBSIDIO_EMPLEADOR', 'VALIDACION_RETENCION_SUBSIDIO_EMPLEADOR_ACTIVO', 'NOVEDADES_EMPRESAS_PRESENCIAL', 'ACTIVO', '1', 'PROPIEDAD_HORIZONTAL', 0),
('INACTIVAR_RETENCION_SUBSIDIO_EMPLEADOR', 'VALIDACION_RETENCION_SUBSIDIO_EMPLEADOR_ACTIVO', 'NOVEDADES_EMPRESAS_PRESENCIAL', 'ACTIVO', '1', 'COOPERATIVA_O_PRECOOPERATIVA_DE_TRABAJO_ASOCIADO', 0),
('INACTIVAR_RETENCION_SUBSIDIO_EMPLEADOR', 'VALIDACION_RETENCION_SUBSIDIO_EMPLEADOR_ACTIVO', 'NOVEDADES_EMPRESAS_PRESENCIAL', 'ACTIVO', '1', 'ENTIDAD_SIN_ANIMO_DE_LUCRO', 0),
('INACTIVAR_RETENCION_SUBSIDIO_EMPLEADOR', 'VALIDACION_RETENCION_SUBSIDIO_EMPLEADOR_ACTIVO', 'NOVEDADES_EMPRESAS_PRESENCIAL', 'ACTIVO', '1', 'ORGANIZACION_RELIGIOSA_O_PARROQUIA', 0),
('ACTIVAR_RETENCION_SUBSIDIO_SUCURSAL', 'VALIDACION_RETENCION_SUBSIDIO_SUCURSAL_ACTIVO', 'NOVEDADES_EMPRESAS_PRESENCIAL', 'ACTIVO', '1', 'PERSONA_JURIDICA', 1),
('ACTIVAR_RETENCION_SUBSIDIO_SUCURSAL', 'VALIDACION_RETENCION_SUBSIDIO_SUCURSAL_ACTIVO', 'NOVEDADES_EMPRESAS_PRESENCIAL', 'ACTIVO', '1', 'PERSONA_NATURAL', 1),
('ACTIVAR_RETENCION_SUBSIDIO_SUCURSAL', 'VALIDACION_RETENCION_SUBSIDIO_SUCURSAL_ACTIVO', 'NOVEDADES_EMPRESAS_PRESENCIAL', 'ACTIVO', '1', 'EMPLEADOR_DE_SERVICIO_DOMESTICO', 1),
('ACTIVAR_RETENCION_SUBSIDIO_SUCURSAL', 'VALIDACION_RETENCION_SUBSIDIO_SUCURSAL_ACTIVO', 'NOVEDADES_EMPRESAS_PRESENCIAL', 'ACTIVO', '1', 'PROPIEDAD_HORIZONTAL', 1),
('ACTIVAR_RETENCION_SUBSIDIO_SUCURSAL', 'VALIDACION_RETENCION_SUBSIDIO_SUCURSAL_ACTIVO', 'NOVEDADES_EMPRESAS_PRESENCIAL', 'ACTIVO', '1', 'COOPERATIVA_O_PRECOOPERATIVA_DE_TRABAJO_ASOCIADO', 1),
('ACTIVAR_RETENCION_SUBSIDIO_SUCURSAL', 'VALIDACION_RETENCION_SUBSIDIO_SUCURSAL_ACTIVO', 'NOVEDADES_EMPRESAS_PRESENCIAL', 'ACTIVO', '1', 'ENTIDAD_SIN_ANIMO_DE_LUCRO', 1),
('ACTIVAR_RETENCION_SUBSIDIO_SUCURSAL', 'VALIDACION_RETENCION_SUBSIDIO_SUCURSAL_ACTIVO', 'NOVEDADES_EMPRESAS_PRESENCIAL', 'ACTIVO', '1', 'ORGANIZACION_RELIGIOSA_O_PARROQUIA', 1),
('INACTIVAR_RETENCION_SUBSIDIO_SUCURSAL', 'VALIDACION_RETENCION_SUBSIDIO_SUCURSAL_ACTIVO', 'NOVEDADES_EMPRESAS_PRESENCIAL', 'ACTIVO', '1', 'PERSONA_JURIDICA', 0),
('INACTIVAR_RETENCION_SUBSIDIO_SUCURSAL', 'VALIDACION_RETENCION_SUBSIDIO_SUCURSAL_ACTIVO', 'NOVEDADES_EMPRESAS_PRESENCIAL', 'ACTIVO', '1', 'PERSONA_NATURAL', 0),
('INACTIVAR_RETENCION_SUBSIDIO_SUCURSAL', 'VALIDACION_RETENCION_SUBSIDIO_SUCURSAL_ACTIVO', 'NOVEDADES_EMPRESAS_PRESENCIAL', 'ACTIVO', '1', 'EMPLEADOR_DE_SERVICIO_DOMESTICO', 0),
('INACTIVAR_RETENCION_SUBSIDIO_SUCURSAL', 'VALIDACION_RETENCION_SUBSIDIO_SUCURSAL_ACTIVO', 'NOVEDADES_EMPRESAS_PRESENCIAL', 'ACTIVO', '1', 'PROPIEDAD_HORIZONTAL', 0),
('INACTIVAR_RETENCION_SUBSIDIO_SUCURSAL', 'VALIDACION_RETENCION_SUBSIDIO_SUCURSAL_ACTIVO', 'NOVEDADES_EMPRESAS_PRESENCIAL', 'ACTIVO', '1', 'COOPERATIVA_O_PRECOOPERATIVA_DE_TRABAJO_ASOCIADO', 0),
('INACTIVAR_RETENCION_SUBSIDIO_SUCURSAL', 'VALIDACION_RETENCION_SUBSIDIO_SUCURSAL_ACTIVO', 'NOVEDADES_EMPRESAS_PRESENCIAL', 'ACTIVO', '1', 'ENTIDAD_SIN_ANIMO_DE_LUCRO', 0),
('INACTIVAR_RETENCION_SUBSIDIO_SUCURSAL', 'VALIDACION_RETENCION_SUBSIDIO_SUCURSAL_ACTIVO', 'NOVEDADES_EMPRESAS_PRESENCIAL', 'ACTIVO', '1', 'ORGANIZACION_RELIGIOSA_O_PARROQUIA', 0),
('ACTUALIZACION_OPORTUNIDAD_PAGO_APORTES_INDEPENDIENTE_PRESENCIAL', 'VALIDACION_PERSONA_FALLECIDA', 'NOVEDADES_PERSONAS_PRESENCIAL', 'ACTIVO', '1', 'TRABAJADOR_INDEPENDIENTE_2_POR_CIENTO', 0),
('ACTUALIZACION_OPORTUNIDAD_PAGO_APORTES_INDEPENDIENTE_PRESENCIAL', 'VALIDACION_PERSONA_BENEFICIARIO_PADRE', 'NOVEDADES_PERSONAS_PRESENCIAL', 'ACTIVO', '1', 'TRABAJADOR_INDEPENDIENTE_2_POR_CIENTO', 0),
('ACTUALIZACION_OPORTUNIDAD_PAGO_APORTES_INDEPENDIENTE_PRESENCIAL', 'VALIDACION_PERSONA_BENEFICIARIO_CONYUGE', 'NOVEDADES_PERSONAS_PRESENCIAL', 'ACTIVO', '1', 'TRABAJADOR_INDEPENDIENTE_2_POR_CIENTO', 0),
('ACTUALIZACION_OPORTUNIDAD_PAGO_APORTES_INDEPENDIENTE_PRESENCIAL', 'VALIDACION_PERSONA_AFILIADO_CONYUGE', 'NOVEDADES_PERSONAS_PRESENCIAL', 'ACTIVO', '1', 'TRABAJADOR_INDEPENDIENTE_2_POR_CIENTO', 0),
('ACTUALIZACION_OPORTUNIDAD_PAGO_APORTES_INDEPENDIENTE_PRESENCIAL', 'VALIDACION_PERSONA_PENSIONADO', 'NOVEDADES_PERSONAS_PRESENCIAL', 'ACTIVO', '1', 'TRABAJADOR_INDEPENDIENTE_2_POR_CIENTO', 0),
('ACTUALIZACION_OPORTUNIDAD_PAGO_APORTES_INDEPENDIENTE_PRESENCIAL', 'VALIDACION_PERSONA_DEPENDIENTE', 'NOVEDADES_PERSONAS_PRESENCIAL', 'ACTIVO', '1', 'TRABAJADOR_INDEPENDIENTE_2_POR_CIENTO', 0),
('ACTUALIZACION_OPORTUNIDAD_PAGO_APORTES_INDEPENDIENTE_PRESENCIAL', 'VALIDACION_PERSONA_CONDICION_INVALIDEZ', 'NOVEDADES_PERSONAS_PRESENCIAL', 'ACTIVO', '1', 'TRABAJADOR_INDEPENDIENTE_2_POR_CIENTO', 0),
('ACTUALIZACION_OPORTUNIDAD_PAGO_APORTES_INDEPENDIENTE_PRESENCIAL', 'VALIDACION_PERSONA_FALLECIDA', 'NOVEDADES_PERSONAS_PRESENCIAL', 'ACTIVO', '1', 'TRABAJADOR_INDEPENDIENTE_0_6_POR_CIENTO', 0),
('ACTUALIZACION_OPORTUNIDAD_PAGO_APORTES_INDEPENDIENTE_PRESENCIAL', 'VALIDACION_PERSONA_BENEFICIARIO_PADRE', 'NOVEDADES_PERSONAS_PRESENCIAL', 'ACTIVO', '1', 'TRABAJADOR_INDEPENDIENTE_0_6_POR_CIENTO', 0),
('ACTUALIZACION_OPORTUNIDAD_PAGO_APORTES_INDEPENDIENTE_PRESENCIAL', 'VALIDACION_PERSONA_BENEFICIARIO_CONYUGE', 'NOVEDADES_PERSONAS_PRESENCIAL', 'ACTIVO', '1', 'TRABAJADOR_INDEPENDIENTE_0_6_POR_CIENTO', 0),
('ACTUALIZACION_OPORTUNIDAD_PAGO_APORTES_INDEPENDIENTE_PRESENCIAL', 'VALIDACION_PERSONA_AFILIADO_CONYUGE', 'NOVEDADES_PERSONAS_PRESENCIAL', 'ACTIVO', '1', 'TRABAJADOR_INDEPENDIENTE_0_6_POR_CIENTO', 0),
('ACTUALIZACION_OPORTUNIDAD_PAGO_APORTES_INDEPENDIENTE_PRESENCIAL', 'VALIDACION_PERSONA_PENSIONADO', 'NOVEDADES_PERSONAS_PRESENCIAL', 'ACTIVO', '1', 'TRABAJADOR_INDEPENDIENTE_0_6_POR_CIENTO', 0),
('ACTUALIZACION_OPORTUNIDAD_PAGO_APORTES_INDEPENDIENTE_PRESENCIAL', 'VALIDACION_PERSONA_DEPENDIENTE', 'NOVEDADES_PERSONAS_PRESENCIAL', 'ACTIVO', '1', 'TRABAJADOR_INDEPENDIENTE_0_6_POR_CIENTO', 0),
('ACTUALIZACION_OPORTUNIDAD_PAGO_APORTES_INDEPENDIENTE_PRESENCIAL', 'VALIDACION_PERSONA_CONDICION_INVALIDEZ', 'NOVEDADES_PERSONAS_PRESENCIAL', 'ACTIVO', '1', 'TRABAJADOR_INDEPENDIENTE_0_6_POR_CIENTO', 0),
('ACTUALIZACION_OPORTUNIDAD_PAGO_APORTES_INDEPENDIENTE_WEB', 'VALIDACION_PERSONA_FALLECIDA', 'NOVEDADES_PERSONAS_WEB', 'ACTIVO', '1', 'TRABAJADOR_INDEPENDIENTE_2_POR_CIENTO', 0),
('ACTUALIZACION_OPORTUNIDAD_PAGO_APORTES_INDEPENDIENTE_WEB', 'VALIDACION_PERSONA_BENEFICIARIO_PADRE', 'NOVEDADES_PERSONAS_WEB', 'ACTIVO', '1', 'TRABAJADOR_INDEPENDIENTE_2_POR_CIENTO', 0),
('ACTUALIZACION_OPORTUNIDAD_PAGO_APORTES_INDEPENDIENTE_WEB', 'VALIDACION_PERSONA_BENEFICIARIO_CONYUGE', 'NOVEDADES_PERSONAS_WEB', 'ACTIVO', '1', 'TRABAJADOR_INDEPENDIENTE_2_POR_CIENTO', 0),
('ACTUALIZACION_OPORTUNIDAD_PAGO_APORTES_INDEPENDIENTE_WEB', 'VALIDACION_PERSONA_AFILIADO_CONYUGE', 'NOVEDADES_PERSONAS_WEB', 'ACTIVO', '1', 'TRABAJADOR_INDEPENDIENTE_2_POR_CIENTO', 0),
('ACTUALIZACION_OPORTUNIDAD_PAGO_APORTES_INDEPENDIENTE_WEB', 'VALIDACION_PERSONA_PENSIONADO', 'NOVEDADES_PERSONAS_WEB', 'ACTIVO', '1', 'TRABAJADOR_INDEPENDIENTE_2_POR_CIENTO', 0),
('ACTUALIZACION_OPORTUNIDAD_PAGO_APORTES_INDEPENDIENTE_WEB', 'VALIDACION_PERSONA_DEPENDIENTE', 'NOVEDADES_PERSONAS_WEB', 'ACTIVO', '1', 'TRABAJADOR_INDEPENDIENTE_2_POR_CIENTO', 0),
('ACTUALIZACION_OPORTUNIDAD_PAGO_APORTES_INDEPENDIENTE_WEB', 'VALIDACION_PERSONA_CONDICION_INVALIDEZ', 'NOVEDADES_PERSONAS_WEB', 'ACTIVO', '1', 'TRABAJADOR_INDEPENDIENTE_2_POR_CIENTO', 0),
('ACTUALIZACION_OPORTUNIDAD_PAGO_APORTES_INDEPENDIENTE_WEB', 'VALIDACION_PERSONA_FALLECIDA', 'NOVEDADES_PERSONAS_WEB', 'ACTIVO', '1', 'TRABAJADOR_INDEPENDIENTE_0_6_POR_CIENTO', 0),
('ACTUALIZACION_OPORTUNIDAD_PAGO_APORTES_INDEPENDIENTE_WEB', 'VALIDACION_PERSONA_BENEFICIARIO_PADRE', 'NOVEDADES_PERSONAS_WEB', 'ACTIVO', '1', 'TRABAJADOR_INDEPENDIENTE_0_6_POR_CIENTO', 0),
('ACTUALIZACION_OPORTUNIDAD_PAGO_APORTES_INDEPENDIENTE_WEB', 'VALIDACION_PERSONA_BENEFICIARIO_CONYUGE', 'NOVEDADES_PERSONAS_WEB', 'ACTIVO', '1', 'TRABAJADOR_INDEPENDIENTE_0_6_POR_CIENTO', 0),
('ACTUALIZACION_OPORTUNIDAD_PAGO_APORTES_INDEPENDIENTE_WEB', 'VALIDACION_PERSONA_AFILIADO_CONYUGE', 'NOVEDADES_PERSONAS_WEB', 'ACTIVO', '1', 'TRABAJADOR_INDEPENDIENTE_0_6_POR_CIENTO', 0),
('ACTUALIZACION_OPORTUNIDAD_PAGO_APORTES_INDEPENDIENTE_WEB', 'VALIDACION_PERSONA_PENSIONADO', 'NOVEDADES_PERSONAS_WEB', 'ACTIVO', '1', 'TRABAJADOR_INDEPENDIENTE_0_6_POR_CIENTO', 0),
('ACTUALIZACION_OPORTUNIDAD_PAGO_APORTES_INDEPENDIENTE_WEB', 'VALIDACION_PERSONA_DEPENDIENTE', 'NOVEDADES_PERSONAS_WEB', 'ACTIVO', '1', 'TRABAJADOR_INDEPENDIENTE_0_6_POR_CIENTO', 0),
('ACTUALIZACION_OPORTUNIDAD_PAGO_APORTES_INDEPENDIENTE_WEB', 'VALIDACION_PERSONA_CONDICION_INVALIDEZ', 'NOVEDADES_PERSONAS_WEB', 'ACTIVO', '1', 'TRABAJADOR_INDEPENDIENTE_0_6_POR_CIENTO', 0);

--changeset jocorrea:08
--comment: Insert tabla ParametrizacionNovedad
INSERT INTO ParametrizacionNovedad(novTipoTransaccion, novPuntoResolucion, novRutaCualificada, novTipoNovedad, novProceso) VALUES 
('ACTIVAR_RETENCION_SUBSIDIO_EMPLEADOR','FRONT','com.asopagos.novedades.convertidores.empleador.ActualizarEmpleadorNovedad','GENERAL','NOVEDADES_EMPRESAS_PRESENCIAL'),
('INACTIVAR_RETENCION_SUBSIDIO_EMPLEADOR','FRONT','com.asopagos.novedades.convertidores.empleador.ActualizarEmpleadorNovedad','GENERAL','NOVEDADES_EMPRESAS_PRESENCIAL'),
('ACTIVAR_RETENCION_SUBSIDIO_SUCURSAL','FRONT','com.asopagos.novedades.convertidores.empleador.ActualizarSucursalNovedad','SUCURSAL','NOVEDADES_EMPRESAS_PRESENCIAL'),
('INACTIVAR_RETENCION_SUBSIDIO_SUCURSAL','FRONT','com.asopagos.novedades.convertidores.empleador.ActualizarSucursalNovedad','SUCURSAL','NOVEDADES_EMPRESAS_PRESENCIAL'),
('ACTUALIZACION_OPORTUNIDAD_PAGO_APORTES_INDEPENDIENTE_PRESENCIAL','FRONT','com.asopagos.novedades.convertidores.persona.ActualizarRolAfiliadoNovedadPersona','GENERAL','NOVEDADES_PERSONAS_PRESENCIAL'),
('ACTUALIZACION_OPORTUNIDAD_PAGO_APORTES_INDEPENDIENTE_WEB','FRONT','com.asopagos.novedades.convertidores.persona.ActualizarRolAfiliadoNovedadPersona','GENERAL','NOVEDADES_PERSONAS_WEB');

--changeset jocorrea:09
--comment: Insert tabla Requisito
INSERT INTO Requisito (reqDescripcion, reqEstado) VALUES ('Documento que soporta la novedad','HABILITADO');

--changeset jocorrea:10
--comment: Insert tabla RequisitoCajaClasificacion
INSERT INTO RequisitoCajaClasificacion (rtsEstado, rtsRequisito, rtsClasificacion, rtsTipoTransaccion, rtsCajaCompensacion, rtsTextoAyuda) VALUES
('OPCIONAL',(SELECT reqId FROM Requisito WHERE reqDescripcion = 'Documento que soporta la novedad'),'PERSONA_JURIDICA','ACTIVAR_RETENCION_SUBSIDIO_EMPLEADOR', 1, 'Se revisa: Que el documento sustente la necesidad de registrar la novedad'),
('OPCIONAL',(SELECT reqId FROM Requisito WHERE reqDescripcion = 'Documento que soporta la novedad'),'PERSONA_NATURAL','ACTIVAR_RETENCION_SUBSIDIO_EMPLEADOR', 1, 'Se revisa: Que el documento sustente la necesidad de registrar la novedad'),
('OPCIONAL',(SELECT reqId FROM Requisito WHERE reqDescripcion = 'Documento que soporta la novedad'),'EMPLEADOR_DE_SERVICIO_DOMESTICO','ACTIVAR_RETENCION_SUBSIDIO_EMPLEADOR', 1, 'Se revisa: Que el documento sustente la necesidad de registrar la novedad'),
('OPCIONAL',(SELECT reqId FROM Requisito WHERE reqDescripcion = 'Documento que soporta la novedad'),'PROPIEDAD_HORIZONTAL','ACTIVAR_RETENCION_SUBSIDIO_EMPLEADOR', 1, 'Se revisa: Que el documento sustente la necesidad de registrar la novedad'),
('OPCIONAL',(SELECT reqId FROM Requisito WHERE reqDescripcion = 'Documento que soporta la novedad'),'COOPERATIVA_O_PRECOOPERATIVA_DE_TRABAJO_ASOCIADO','ACTIVAR_RETENCION_SUBSIDIO_EMPLEADOR', 1, 'Se revisa: Que el documento sustente la necesidad de registrar la novedad'),
('OPCIONAL',(SELECT reqId FROM Requisito WHERE reqDescripcion = 'Documento que soporta la novedad'),'ENTIDAD_SIN_ANIMO_DE_LUCRO','ACTIVAR_RETENCION_SUBSIDIO_EMPLEADOR', 1, 'Se revisa: Que el documento sustente la necesidad de registrar la novedad'),
('OPCIONAL',(SELECT reqId FROM Requisito WHERE reqDescripcion = 'Documento que soporta la novedad'),'ORGANIZACION_RELIGIOSA_O_PARROQUIA','ACTIVAR_RETENCION_SUBSIDIO_EMPLEADOR', 1, 'Se revisa: Que el documento sustente la necesidad de registrar la novedad'),
('OPCIONAL',(SELECT reqId FROM Requisito WHERE reqDescripcion = 'Documento que soporta la novedad'),'PERSONA_JURIDICA','INACTIVAR_RETENCION_SUBSIDIO_EMPLEADOR', 1, 'Se revisa: Que el documento sustente la necesidad de registrar la novedad'),
('OPCIONAL',(SELECT reqId FROM Requisito WHERE reqDescripcion = 'Documento que soporta la novedad'),'PERSONA_NATURAL','INACTIVAR_RETENCION_SUBSIDIO_EMPLEADOR', 1, 'Se revisa: Que el documento sustente la necesidad de registrar la novedad'),
('OPCIONAL',(SELECT reqId FROM Requisito WHERE reqDescripcion = 'Documento que soporta la novedad'),'EMPLEADOR_DE_SERVICIO_DOMESTICO','INACTIVAR_RETENCION_SUBSIDIO_EMPLEADOR', 1, 'Se revisa: Que el documento sustente la necesidad de registrar la novedad'),
('OPCIONAL',(SELECT reqId FROM Requisito WHERE reqDescripcion = 'Documento que soporta la novedad'),'PROPIEDAD_HORIZONTAL','INACTIVAR_RETENCION_SUBSIDIO_EMPLEADOR', 1, 'Se revisa: Que el documento sustente la necesidad de registrar la novedad'),
('OPCIONAL',(SELECT reqId FROM Requisito WHERE reqDescripcion = 'Documento que soporta la novedad'),'COOPERATIVA_O_PRECOOPERATIVA_DE_TRABAJO_ASOCIADO','INACTIVAR_RETENCION_SUBSIDIO_EMPLEADOR', 1, 'Se revisa: Que el documento sustente la necesidad de registrar la novedad'),
('OPCIONAL',(SELECT reqId FROM Requisito WHERE reqDescripcion = 'Documento que soporta la novedad'),'ENTIDAD_SIN_ANIMO_DE_LUCRO','INACTIVAR_RETENCION_SUBSIDIO_EMPLEADOR', 1, 'Se revisa: Que el documento sustente la necesidad de registrar la novedad'),
('OPCIONAL',(SELECT reqId FROM Requisito WHERE reqDescripcion = 'Documento que soporta la novedad'),'ORGANIZACION_RELIGIOSA_O_PARROQUIA','INACTIVAR_RETENCION_SUBSIDIO_EMPLEADOR', 1, 'Se revisa: Que el documento sustente la necesidad de registrar la novedad'),
('OPCIONAL',(SELECT reqId FROM Requisito WHERE reqDescripcion = 'Documento que soporta la novedad'),'PERSONA_JURIDICA','ACTIVAR_RETENCION_SUBSIDIO_SUCURSAL', 1, 'Se revisa: Que el documento sustente la necesidad de registrar la novedad'),
('OPCIONAL',(SELECT reqId FROM Requisito WHERE reqDescripcion = 'Documento que soporta la novedad'),'PERSONA_NATURAL','ACTIVAR_RETENCION_SUBSIDIO_SUCURSAL', 1, 'Se revisa: Que el documento sustente la necesidad de registrar la novedad'),
('OPCIONAL',(SELECT reqId FROM Requisito WHERE reqDescripcion = 'Documento que soporta la novedad'),'EMPLEADOR_DE_SERVICIO_DOMESTICO','ACTIVAR_RETENCION_SUBSIDIO_SUCURSAL', 1, 'Se revisa: Que el documento sustente la necesidad de registrar la novedad'),
('OPCIONAL',(SELECT reqId FROM Requisito WHERE reqDescripcion = 'Documento que soporta la novedad'),'PROPIEDAD_HORIZONTAL','ACTIVAR_RETENCION_SUBSIDIO_SUCURSAL', 1, 'Se revisa: Que el documento sustente la necesidad de registrar la novedad'),
('OPCIONAL',(SELECT reqId FROM Requisito WHERE reqDescripcion = 'Documento que soporta la novedad'),'COOPERATIVA_O_PRECOOPERATIVA_DE_TRABAJO_ASOCIADO','ACTIVAR_RETENCION_SUBSIDIO_SUCURSAL', 1, 'Se revisa: Que el documento sustente la necesidad de registrar la novedad'),
('OPCIONAL',(SELECT reqId FROM Requisito WHERE reqDescripcion = 'Documento que soporta la novedad'),'ENTIDAD_SIN_ANIMO_DE_LUCRO','ACTIVAR_RETENCION_SUBSIDIO_SUCURSAL', 1, 'Se revisa: Que el documento sustente la necesidad de registrar la novedad'),
('OPCIONAL',(SELECT reqId FROM Requisito WHERE reqDescripcion = 'Documento que soporta la novedad'),'ORGANIZACION_RELIGIOSA_O_PARROQUIA','ACTIVAR_RETENCION_SUBSIDIO_SUCURSAL', 1, 'Se revisa: Que el documento sustente la necesidad de registrar la novedad'),
('OPCIONAL',(SELECT reqId FROM Requisito WHERE reqDescripcion = 'Documento que soporta la novedad'),'PERSONA_JURIDICA','INACTIVAR_RETENCION_SUBSIDIO_SUCURSAL', 1, 'Se revisa: Que el documento sustente la necesidad de registrar la novedad'),
('OPCIONAL',(SELECT reqId FROM Requisito WHERE reqDescripcion = 'Documento que soporta la novedad'),'PERSONA_NATURAL','INACTIVAR_RETENCION_SUBSIDIO_SUCURSAL', 1, 'Se revisa: Que el documento sustente la necesidad de registrar la novedad'),
('OPCIONAL',(SELECT reqId FROM Requisito WHERE reqDescripcion = 'Documento que soporta la novedad'),'EMPLEADOR_DE_SERVICIO_DOMESTICO','INACTIVAR_RETENCION_SUBSIDIO_SUCURSAL', 1, 'Se revisa: Que el documento sustente la necesidad de registrar la novedad'),
('OPCIONAL',(SELECT reqId FROM Requisito WHERE reqDescripcion = 'Documento que soporta la novedad'),'PROPIEDAD_HORIZONTAL','INACTIVAR_RETENCION_SUBSIDIO_SUCURSAL', 1, 'Se revisa: Que el documento sustente la necesidad de registrar la novedad'),
('OPCIONAL',(SELECT reqId FROM Requisito WHERE reqDescripcion = 'Documento que soporta la novedad'),'COOPERATIVA_O_PRECOOPERATIVA_DE_TRABAJO_ASOCIADO','INACTIVAR_RETENCION_SUBSIDIO_SUCURSAL', 1, 'Se revisa: Que el documento sustente la necesidad de registrar la novedad'),
('OPCIONAL',(SELECT reqId FROM Requisito WHERE reqDescripcion = 'Documento que soporta la novedad'),'ENTIDAD_SIN_ANIMO_DE_LUCRO','INACTIVAR_RETENCION_SUBSIDIO_SUCURSAL', 1, 'Se revisa: Que el documento sustente la necesidad de registrar la novedad'),
('OPCIONAL',(SELECT reqId FROM Requisito WHERE reqDescripcion = 'Documento que soporta la novedad'),'ORGANIZACION_RELIGIOSA_O_PARROQUIA','INACTIVAR_RETENCION_SUBSIDIO_SUCURSAL', 1, 'Se revisa: Que el documento sustente la necesidad de registrar la novedad');

--changeset jocorrea:11
--comment: Delete tabla ValidacionProceso
DELETE FROM ValidacionProceso
WHERE vapBloque IN ('AJUSTE_ACTUALIZACION_VALOR_SFV', 'MOVILIZACION_AHORRO_PREVIO_PAGO_OFERENTE','RENUNCIO_SUBISIDIO_ASIGNADO')
AND vapValidacion IN ('VALIDACION_ESTADO_HOGAR_ASIGNADO_SIN_PRORROGA_53_FOVIS', 'VALIDACION_ESTADO_HOGAR_ASIGNADO_PRIMERA_PRORROGA_54_FOVIS');

DELETE FROM ValidacionProceso
WHERE vapBloque IN ('AJUSTE_ACTUALIZACION_VALOR_SFV', 'MOVILIZACION_AHORRO_PREVIO_PAGO_OFERENTE')
AND vapValidacion = 'VALIDACION_ESTADO_HOGAR_ASIGNADO_SEGUNDA_PRORROGA_55_FOVIS';

--changeset jocorrea:12
--comment: Update tabla ValidacionProceso
UPDATE ValidacionProceso SET vapValidacion = 'VALIDACION_ESTADO_HOGAR_ASIGNADO_62_FOVIS'
WHERE vapBloque = 'RENUNCIO_SUBISIDIO_ASIGNADO'
AND vapValidacion = 'VALIDACION_ESTADO_HOGAR_ASIGNADO_SEGUNDA_PRORROGA_55_FOVIS';

