-- Insercion de las Novedades a la tablaParametrizacionNovedad
if not exists (select * from ParametrizacionNovedad where novTipoTransaccion like '%CAMBIO_TIPO_NUMERO_DOCUMENTO_PERSONAS_MASIVO%')
begin
INSERT INTO ParametrizacionNovedad (novTipoTransaccion,novPuntoResolucion,novRutaCualificada,novTipoNovedad,novProceso,novAplicaTodosRoles) VALUES('CAMBIO_TIPO_NUMERO_DOCUMENTO_PERSONAS_MASIVO','FRONT','com.asopagos.novedades.convertidores.persona.ActualizarPersonaNovedadPersona','GENERAL','NOVEDADES_PERSONAS_PRESENCIAL',NULL);
end

--Creacion de la constante que usan la creacion de masivos--
IF NOT EXISTS (SELECT * FROM Constante WHERE cnsNombre = 'FILE_DEFINITION_ID_NOVEDAD_CARGUE_CAMBIO_TIPO_NUMERO_DOCUMENTO_PERSONAS_MASIVO_AFILIADO')
BEGIN
    INSERT Constante (cnsNombre,cnsValor,cnsDescripcion, cnsTipoDato)
   VALUES ('FILE_DEFINITION_ID_NOVEDAD_CARGUE_CAMBIO_TIPO_NUMERO_DOCUMENTO_PERSONAS_MASIVO_AFILIADO','1243','Identificador de definición de archivo de componente FileProcessing para cargue de archivo para la novedad masiva cambio tipo y numero de indetificacion del afiliado', 'FILE');
END

IF NOT EXISTS (SELECT * FROM Constante WHERE cnsNombre = 'FILE_DEFINITION_ID_NOVEDAD_CARGUE_CAMBIO_TIPO_NUMERO_DOCUMENTO_PERSONAS_MASIVO_BENEFICIARIO')
BEGIN
    INSERT Constante (cnsNombre,cnsValor,cnsDescripcion, cnsTipoDato)
   VALUES ('FILE_DEFINITION_ID_NOVEDAD_CARGUE_CAMBIO_TIPO_NUMERO_DOCUMENTO_PERSONAS_MASIVO_BENEFICIARIO','1244','Identificador de definición de archivo de componente FileProcessing para cargue de archivo para la novedad masiva cambio tipo y numero de indetificacion del beneficiario', 'FILE');
END

--Insertar FileDefinitionLoadType para lectura de archivos masivos
IF NOT EXISTS (SELECT * FROM FileDefinitionLoadType WHERE name = 'Archivo novedad masiva cambio tipo-numero identificacion afiliado')
BEGIN
	INSERT FileDefinitionLoadType (id,description,name) 
	VALUES (1243,'Plantilla archivo ejecucion novedad masiva cambio tipo y numero identificacion afiliado', 'Archivo novedad masiva cambio tipo-numero identificacion afiliado');
END

IF NOT EXISTS (SELECT * FROM FileDefinitionLoadType WHERE name = 'Archivo novedad masiva cambio tipo-numero identificacion beneficiario')
BEGIN
	INSERT FileDefinitionLoadType (id,description,name) 
	VALUES (1244,'Plantilla archivo ejecucion novedad masiva cambio tipo y numero identificacion beneficiario' ,'Archivo novedad masiva cambio tipo-numero identificacion beneficiario');
END

--Insertar FileDefinitionLoad para lectura de archivos masivos
IF NOT EXISTS (SELECT 1 FROM FileDefinitionLoad WHERE id = 1243)
BEGIN
    INSERT INTO FileDefinitionLoad (id, decimalSeparator, nombre, tenantid, thousandsSeparator, excludeLines, registersRead, sheetNumberXls, useCharacters, fileDefinitionType_id)
    VALUES (1243, '|', 'Archivo novedad masiva cambio tipo-numero identificacion afiliado', NULL, NULL, 0, NULL, NULL, 0, 1243);
END

IF NOT EXISTS (SELECT 1 FROM FileDefinitionLoad WHERE id = 1244)
BEGIN
    INSERT INTO FileDefinitionLoad (id, decimalSeparator, nombre, tenantid, thousandsSeparator, excludeLines, registersRead, sheetNumberXls, useCharacters, fileDefinitionType_id)
    VALUES (1244, '|', 'Archivo novedad masiva cambio tipo-numero identificacion beneficiario', NULL, NULL, 0, NULL, NULL, 0, 1244);
END

--Insertar LineLoadCatalog para lectura de archivos masivos
IF NOT EXISTS (SELECT * FROM LineLoadCatalog WHERE className = 'com.asopagos.novedades.personas.web.load.CargueNovedadMasivaCambioNumeroTipoIdentificacionAfiliado')
BEGIN
	INSERT LineLoadCatalog (id,className,description,name,tenantid,lineorder,lineseparator,targetentity) 
	VALUES (1243,'com.asopagos.novedades.personas.web.load.CargueNovedadMasivaCambioNumeroTipoIdentificacionAfiliado','Estructura del archivo de respuesta de la consulta con los registros encontrados','Estructura de respuesta con los registros encontrados',null,1,'|',null);
END

IF NOT EXISTS (SELECT * FROM LineLoadCatalog WHERE className = 'com.asopagos.novedades.personas.web.load.CargueNovedadMasivaCambioNumeroTipoIdentificacionBeneficiario')
BEGIN
	INSERT LineLoadCatalog (id,className,description,name,tenantid,lineorder,lineseparator,targetentity) 
	VALUES (1244,'com.asopagos.novedades.personas.web.load.CargueNovedadMasivaCambioNumeroTipoIdentificacionBeneficiario','Estructura del archivo de respuesta de la consulta con los registros encontrados','Estructura de respuesta con los registros encontrados',null,1,'|',null);
END

--Tabla LineDefinitionLoad
IF NOT EXISTS (SELECT 1 FROM LineDefinitionLoad WHERE id = 1243)
BEGIN
	INSERT LineDefinitionLoad (id,identifier,numbergroup,required,requiredingroup,rollbackorder,filedefinition_id,lineloadcatalog_id, excludeForValidations) 
	VALUES (1243,null,null,1,null,1,1243,1243, NULL);
END

IF NOT EXISTS (SELECT 1 FROM LineDefinitionLoad WHERE id = 1244)
BEGIN
	INSERT LineDefinitionLoad (id,identifier,numbergroup,required,requiredingroup,rollbackorder,filedefinition_id,lineloadcatalog_id, excludeForValidations) 
	VALUES (1244,null,null,1,null,1,1244,1244, NULL);
END

--PARAMETROS DE LOS CAMPOS--
--Tabla FieldLoadCatalog
--Afiliado
IF NOT EXISTS (SELECT 1 FROM FieldLoadCatalog WHERE id = 400000445)
BEGIN
	INSERT FieldLoadCatalog (id,dataType,description,maxDecimalSize,minDecimalSize,name,fieldOrder,tenantid) 
	VALUES (400000445,'STRING','Tipo de identificación actual del afiliado',NULL,NULL,'tipoIdentificacionActualAfiliado',1,0);
END
IF NOT EXISTS (SELECT 1 FROM FieldLoadCatalog WHERE id = 400000446)
BEGIN
	INSERT FieldLoadCatalog (id,dataType,description,maxDecimalSize,minDecimalSize,name,fieldOrder,tenantid) 
	VALUES (400000446,'STRING','Número de identificación actual del afiliado',NULL,NULL,'numeroIdentificacionActualAfiliado',2,0);
END
IF NOT EXISTS (SELECT 1 FROM FieldLoadCatalog WHERE id = 400000447)
BEGIN
	INSERT FieldLoadCatalog (id,dataType,description,maxDecimalSize,minDecimalSize,name,fieldOrder,tenantid) 
	VALUES (400000447,'STRING','Tipo de identificación nuevo del afiliado',NULL,NULL,'tipoIdentificacionNuevoAfiliado',3,0);
END
IF NOT EXISTS (SELECT 1 FROM FieldLoadCatalog WHERE id = 400000448)
BEGIN
	INSERT FieldLoadCatalog (id,dataType,description,maxDecimalSize,minDecimalSize,name,fieldOrder,tenantid) 
	VALUES (400000448,'STRING','Número de identificación nuevo del afiliado',NULL,NULL,'numeroIdentificacionNuevoAfiliado',4,0);
END

--Beneficiario
IF NOT EXISTS (SELECT 1 FROM FieldLoadCatalog WHERE id = 400000455)
BEGIN
	INSERT FieldLoadCatalog (id,dataType,description,maxDecimalSize,minDecimalSize,name,fieldOrder,tenantid) 
	VALUES (400000455,'STRING','Tipo de identificación actual del beneficiario',NULL,NULL,'tipoIdentificacionActualBeneficiario',1,0);
END
IF NOT EXISTS (SELECT 1 FROM FieldLoadCatalog WHERE id = 400000456)
BEGIN
	INSERT FieldLoadCatalog (id,dataType,description,maxDecimalSize,minDecimalSize,name,fieldOrder,tenantid) 
	VALUES (400000456,'STRING','Número de identificación actual del beneficiario',NULL,NULL,'numeroIdentificacionActualBeneficiario',2,0);
END
IF NOT EXISTS (SELECT 1 FROM FieldLoadCatalog WHERE id = 400000457)
BEGIN
	INSERT FieldLoadCatalog (id,dataType,description,maxDecimalSize,minDecimalSize,name,fieldOrder,tenantid) 
	VALUES (400000457,'STRING','Tipo de identificación nuevo del beneficiario',NULL,NULL,'tipoIdentificacionNuevoBeneficiario',3,0);
END
IF NOT EXISTS (SELECT 1 FROM FieldLoadCatalog WHERE id = 400000458)
BEGIN
	INSERT FieldLoadCatalog (id,dataType,description,maxDecimalSize,minDecimalSize,name,fieldOrder,tenantid) 
	VALUES (400000458,'STRING','Número de identificación nuevo del beneficiario',NULL,NULL,'numeroIdentificacionNuevoBeneficiario',4,0);
END

--Tabla FieldDefinitionLoad
--Afiliado
IF NOT EXISTS (SELECT 1 FROM FieldDefinitionLoad WHERE id = 400000445)
BEGIN
	INSERT FieldDefinitionLoad (id,finalPosition,formatDate,initialPosition,label,identifierLine,removeFormat,required,fieldLoadCatalog_id,lineDefinition_id) 
	VALUES (400000445,NULL,NULL,NULL,'Tipo de identificación Actual del Afiliado',0,0,1,400000445,1243);
END
IF NOT EXISTS (SELECT 1 FROM FieldDefinitionLoad WHERE id = 400000446)
BEGIN
	INSERT FieldDefinitionLoad (id,finalPosition,formatDate,initialPosition,label,identifierLine,removeFormat,required,fieldLoadCatalog_id,lineDefinition_id) 
	VALUES (400000446,NULL,NULL,NULL,'Número de identificacion Actual del Afiliado',0,0,1,400000446,1243);
END
IF NOT EXISTS (SELECT 1 FROM FieldDefinitionLoad WHERE id = 400000447)
BEGIN
	INSERT FieldDefinitionLoad (id,finalPosition,formatDate,initialPosition,label,identifierLine,removeFormat,required,fieldLoadCatalog_id,lineDefinition_id) 
	VALUES (400000447,NULL,NULL,NULL,'Tipo de identificacion Nuevo del Afiliado',0,0,1,400000447,1243);
END
IF NOT EXISTS (SELECT 1 FROM FieldDefinitionLoad WHERE id = 400000448)
BEGIN
	INSERT FieldDefinitionLoad (id,finalPosition,formatDate,initialPosition,label,identifierLine,removeFormat,required,fieldLoadCatalog_id,lineDefinition_id) 
	VALUES (400000448,NULL,NULL,NULL,'Número de identificacion Nuevo del Afiliado',0,0,1,400000448,1243);
END

--Beneficiario
IF NOT EXISTS (SELECT 1 FROM FieldDefinitionLoad WHERE id = 400000455)
BEGIN
	INSERT FieldDefinitionLoad (id,finalPosition,formatDate,initialPosition,label,identifierLine,removeFormat,required,fieldLoadCatalog_id,lineDefinition_id) 
	VALUES (400000455,NULL,NULL,NULL,'Tipo de identificación Actual del Beneficiario',0,0,1,400000455,1244);
END
IF NOT EXISTS (SELECT 1 FROM FieldDefinitionLoad WHERE id = 400000456)
BEGIN
	INSERT FieldDefinitionLoad (id,finalPosition,formatDate,initialPosition,label,identifierLine,removeFormat,required,fieldLoadCatalog_id,lineDefinition_id) 
	VALUES (400000456,NULL,NULL,NULL,'Número de identificacion Actual del Beneficiario',0,0,1,400000456,1244);
END
IF NOT EXISTS (SELECT 1 FROM FieldDefinitionLoad WHERE id = 400000457)
BEGIN
	INSERT FieldDefinitionLoad (id,finalPosition,formatDate,initialPosition,label,identifierLine,removeFormat,required,fieldLoadCatalog_id,lineDefinition_id) 
	VALUES (400000457,NULL,NULL,NULL,'Tipo de identificacion Nuevo del Beneficiario',0,0,1,400000457,1244);
END
IF NOT EXISTS (SELECT 1 FROM FieldDefinitionLoad WHERE id = 400000458)
BEGIN
	INSERT FieldDefinitionLoad (id,finalPosition,formatDate,initialPosition,label,identifierLine,removeFormat,required,fieldLoadCatalog_id,lineDefinition_id) 
	VALUES (400000458,NULL,NULL,NULL,'Número de identificacion Nuevo del Beneficiario',0,0,1,400000458,1244);
END

--VALIDADOR DE NOMBRE ARCHIVO--
--Tabla ValidatorCatalog
IF NOT EXISTS (SELECT 1 FROM ValidatorCatalog WHERE id = 1243)
BEGIN
	INSERT ValidatorCatalog (id,className,description,name,SCOPE,tenantid) 
	VALUES (1243,'com.asopagos.novedades.personas.web.load.validator.CargueNovedadMasivaCambioNumeroTipoIdentificacionAfiliadoValidator','Validador de archivo de ejecucion novedad masiva cambio tipo y numero identificacion afiliado','Validador de archivo','LINE',null);
END

IF NOT EXISTS (SELECT 1 FROM ValidatorCatalog WHERE id = 1244)
BEGIN
	INSERT ValidatorCatalog (id,className,description,name,SCOPE,tenantid) 
	VALUES (1244,'com.asopagos.novedades.personas.web.load.validator.CargueNovedadMasivaCambioNumeroTipoIdentificacionBeneficiarioValidator','Validador de archivo de ejecucion novedad masiva cambio tipo y numero identificacion beneficiario','Validador de archivo','LINE',null);
END

--Tabla ValidatorParameter
IF NOT EXISTS (SELECT 1 FROM ValidatorParameter WHERE id = 1243)
BEGIN
	INSERT ValidatorParameter (id,dataType,description,mask,name,validatorcatalog_id) 
	VALUES (1243,'STRING','Expresión regular',NULL,'fileNamePattern',1243);
END

IF NOT EXISTS (SELECT 1 FROM ValidatorParameter WHERE id = 1244)
BEGIN
	INSERT ValidatorParameter (id,dataType,description,mask,name,validatorcatalog_id) 
	VALUES (1244,'STRING','Expresión regular',NULL,'fileNamePattern',1244);
END

--Tabla ValidatorDefinition
IF NOT EXISTS (SELECT 1 FROM ValidatorDefinition WHERE id = 1243)
BEGIN
	INSERT ValidatorDefinition (id,excludeline,stopprocess,validatororder,fielddefinition_id,filedefinitionload_id,lineDefinition_id,validatorcatalog_id) 
	VALUES (1243,0,0,1,NULL,NULL,1243,1243);
END

IF NOT EXISTS (SELECT 1 FROM ValidatorDefinition WHERE id = 1244)
BEGIN
	INSERT ValidatorDefinition (id,excludeline,stopprocess,validatororder,fielddefinition_id,filedefinitionload_id,lineDefinition_id,validatorcatalog_id) 
	VALUES (1244,0,0,1,NULL,NULL,1244,1244);
END

--Tabla ValidatorParamValue
IF NOT EXISTS (SELECT 1 FROM ValidatorParamValue WHERE id = 1243)
BEGIN
	INSERT ValidatorParamValue (id,value,validatorDefinition_id,validatorParameter_id) 
	VALUES (1243,'NOV_TIPO_NUMERO_IDENTIFICACION_[1-9][0-9]?_[0-9]{4}(0[1-9]|1[0-2])(0[1-9]|[1-2][0-9]|3[0-1]).(txt|TXT)',1243,1243);
END

IF NOT EXISTS (SELECT 1 FROM ValidatorParamValue WHERE id = 1244)
BEGIN
	INSERT ValidatorParamValue (id,value,validatorDefinition_id,validatorParameter_id) 
	VALUES (1244,'NOV_TIPO_NUMERO_IDENTIFICACION_[1-9][0-9]?_[0-9]{4}(0[1-9]|1[0-2])(0[1-9]|[1-2][0-9]|3[0-1]).(txt|TXT)',1244,1244);
END

--VALIDACIONES--
--TRABAJADOR_DEPENDIENTE--
BEGIN
	INSERT INTO ValidacionProceso 
		(vapBloque, vapValidacion, vapProceso, vapEstadoProceso, vapOrden, vapObjetoValidacion, vapInversa) 
	VALUES
		('CAMBIO_TIPO_NUMERO_DOCUMENTO_PERSONAS_MASIVO', 'VALIDACION_ESTADO_AFILIADO_ACTIVO_INACTIVO', 'NOVEDADES_PERSONAS_PRESENCIAL', 'ACTIVO', '1', 'TRABAJADOR_DEPENDIENTE', 0),
		('CAMBIO_TIPO_NUMERO_DOCUMENTO_PERSONAS_MASIVO', 'VALIDACION_EXISTENCIA_PERSONA', 'NOVEDADES_PERSONAS_PRESENCIAL', 'ACTIVO', '1', 'TRABAJADOR_DEPENDIENTE', 0),
		('CAMBIO_TIPO_NUMERO_DOCUMENTO_PERSONAS_MASIVO', 'VALIDACION_PERSONA_FALLECIDA_PRESENCIAL', 'NOVEDADES_PERSONAS_PRESENCIAL', 'ACTIVO', '1', 'TRABAJADOR_DEPENDIENTE', 0),
		('CAMBIO_TIPO_NUMERO_DOCUMENTO_PERSONAS_MASIVO', 'VALIDACION_AFILIADO_REP_LEGAL_EMPLEADOR', 'NOVEDADES_PERSONAS_PRESENCIAL', 'ACTIVO', '1', 'TRABAJADOR_DEPENDIENTE', 0),
		('CAMBIO_TIPO_NUMERO_DOCUMENTO_PERSONAS_MASIVO', 'VALIDACION_AFILIADO_ACTIVO', 'NOVEDADES_PERSONAS_PRESENCIAL', 'ACTIVO', '1', 'TRABAJADOR_DEPENDIENTE', 0),
		('CAMBIO_TIPO_NUMERO_DOCUMENTO_PERSONAS_MASIVO', 'VALIDACION_DOCUMENTO_UNICA_PERSONA', 'NOVEDADES_PERSONAS_PRESENCIAL', 'ACTIVO', '1', 'TRABAJADOR_DEPENDIENTE', 0),
		('CAMBIO_TIPO_NUMERO_DOCUMENTO_PERSONAS_MASIVO', 'VALIDACION_PERSONA_TIENE_NOVEDAD_PERSONA_EN_CURSO', 'NOVEDADES_PERSONAS_PRESENCIAL', 'ACTIVO', '1', 'TRABAJADOR_DEPENDIENTE', 0),
		('CAMBIO_TIPO_NUMERO_DOCUMENTO_PERSONAS_MASIVO', 'VALIDACION_PERSONA_FALLECIDA_NO_PRESENCIAL', 'NOVEDADES_PERSONAS_PRESENCIAL', 'ACTIVO', '1', 'TRABAJADOR_DEPENDIENTE', 0);
END;

--TRABAJADOR_INDEPENDIENTE_2_POR_CIENTO--
BEGIN
	INSERT INTO ValidacionProceso 
		(vapBloque, vapValidacion, vapProceso, vapEstadoProceso, vapOrden, vapObjetoValidacion, vapInversa) 
	VALUES
		('CAMBIO_TIPO_NUMERO_DOCUMENTO_PERSONAS_MASIVO', 'VALIDACION_AFILIADO_ACTIVO', 'NOVEDADES_PERSONAS_PRESENCIAL', 'ACTIVO', '1', 'TRABAJADOR_INDEPENDIENTE_2_POR_CIENTO', 0),
		('CAMBIO_TIPO_NUMERO_DOCUMENTO_PERSONAS_MASIVO', 'VALIDACION_AFILIADO_REP_LEGAL_EMPLEADOR', 'NOVEDADES_PERSONAS_PRESENCIAL', 'ACTIVO', '1', 'TRABAJADOR_INDEPENDIENTE_2_POR_CIENTO', 0),
		('CAMBIO_TIPO_NUMERO_DOCUMENTO_PERSONAS_MASIVO', 'VALIDACION_DOCUMENTO_UNICA_PERSONA', 'NOVEDADES_PERSONAS_PRESENCIAL', 'ACTIVO', '1', 'TRABAJADOR_INDEPENDIENTE_2_POR_CIENTO', 0),
		('CAMBIO_TIPO_NUMERO_DOCUMENTO_PERSONAS_MASIVO', 'VALIDACION_ESTADO_AFILIADO_ACTIVO_INACTIVO', 'NOVEDADES_PERSONAS_PRESENCIAL', 'ACTIVO', '1', 'TRABAJADOR_INDEPENDIENTE_2_POR_CIENTO', 0),
		('CAMBIO_TIPO_NUMERO_DOCUMENTO_PERSONAS_MASIVO', 'VALIDACION_EXISTENCIA_PERSONA', 'NOVEDADES_PERSONAS_PRESENCIAL', 'ACTIVO', '1', 'TRABAJADOR_INDEPENDIENTE_2_POR_CIENTO', 0),
		('CAMBIO_TIPO_NUMERO_DOCUMENTO_PERSONAS_MASIVO', 'VALIDACION_PERSONA_FALLECIDA_NO_PRESENCIAL', 'NOVEDADES_PERSONAS_PRESENCIAL', 'ACTIVO', '1', 'TRABAJADOR_INDEPENDIENTE_2_POR_CIENTO', 0),
		('CAMBIO_TIPO_NUMERO_DOCUMENTO_PERSONAS_MASIVO', 'VALIDACION_PERSONA_FALLECIDA_PRESENCIAL', 'NOVEDADES_PERSONAS_PRESENCIAL', 'ACTIVO', '1', 'TRABAJADOR_INDEPENDIENTE_2_POR_CIENTO', 0),
		('CAMBIO_TIPO_NUMERO_DOCUMENTO_PERSONAS_MASIVO', 'VALIDACION_PERSONA_TIENE_NOVEDAD_PERSONA_EN_CURSO', 'NOVEDADES_PERSONAS_PRESENCIAL', 'ACTIVO', '1', 'TRABAJADOR_INDEPENDIENTE_2_POR_CIENTO', 0);
END;

--TRABAJADOR_INDEPENDIENTE_0_6_POR_CIENTO--
BEGIN
	INSERT INTO ValidacionProceso 
		(vapBloque, vapValidacion, vapProceso, vapEstadoProceso, vapOrden, vapObjetoValidacion, vapInversa) 
	VALUES
		('CAMBIO_TIPO_NUMERO_DOCUMENTO_PERSONAS_MASIVO', 'VALIDACION_AFILIADO_ACTIVO', 'NOVEDADES_PERSONAS_PRESENCIAL', 'ACTIVO', '1', 'TRABAJADOR_INDEPENDIENTE_0_6_POR_CIENTO', 0),
		('CAMBIO_TIPO_NUMERO_DOCUMENTO_PERSONAS_MASIVO', 'VALIDACION_AFILIADO_REP_LEGAL_EMPLEADOR', 'NOVEDADES_PERSONAS_PRESENCIAL', 'ACTIVO', '1', 'TRABAJADOR_INDEPENDIENTE_0_6_POR_CIENTO', 0),
		('CAMBIO_TIPO_NUMERO_DOCUMENTO_PERSONAS_MASIVO', 'VALIDACION_DOCUMENTO_UNICA_PERSONA', 'NOVEDADES_PERSONAS_PRESENCIAL', 'ACTIVO', '1', 'TRABAJADOR_INDEPENDIENTE_0_6_POR_CIENTO', 0),
		('CAMBIO_TIPO_NUMERO_DOCUMENTO_PERSONAS_MASIVO', 'VALIDACION_ESTADO_AFILIADO_ACTIVO_INACTIVO', 'NOVEDADES_PERSONAS_PRESENCIAL', 'ACTIVO', '1', 'TRABAJADOR_INDEPENDIENTE_0_6_POR_CIENTO', 0),
		('CAMBIO_TIPO_NUMERO_DOCUMENTO_PERSONAS_MASIVO', 'VALIDACION_EXISTENCIA_PERSONA', 'NOVEDADES_PERSONAS_PRESENCIAL', 'ACTIVO', '1', 'TRABAJADOR_INDEPENDIENTE_0_6_POR_CIENTO', 0),
		('CAMBIO_TIPO_NUMERO_DOCUMENTO_PERSONAS_MASIVO', 'VALIDACION_PERSONA_FALLECIDA_NO_PRESENCIAL', 'NOVEDADES_PERSONAS_PRESENCIAL', 'ACTIVO', '1', 'TRABAJADOR_INDEPENDIENTE_0_6_POR_CIENTO', 0),
		('CAMBIO_TIPO_NUMERO_DOCUMENTO_PERSONAS_MASIVO', 'VALIDACION_PERSONA_FALLECIDA_PRESENCIAL', 'NOVEDADES_PERSONAS_PRESENCIAL', 'ACTIVO', '1', 'TRABAJADOR_INDEPENDIENTE_0_6_POR_CIENTO', 0),
		('CAMBIO_TIPO_NUMERO_DOCUMENTO_PERSONAS_MASIVO', 'VALIDACION_PERSONA_TIENE_NOVEDAD_PERSONA_EN_CURSO', 'NOVEDADES_PERSONAS_PRESENCIAL', 'ACTIVO', '1', 'TRABAJADOR_INDEPENDIENTE_0_6_POR_CIENTO', 0);
END;

--FIDELIDAD_25_ANIOS--
BEGIN
	INSERT INTO ValidacionProceso 
		(vapBloque, vapValidacion, vapProceso, vapEstadoProceso, vapOrden, vapObjetoValidacion, vapInversa) 
	VALUES
		('CAMBIO_TIPO_NUMERO_DOCUMENTO_PERSONAS_MASIVO', 'VALIDACION_AFILIADO_ACTIVO', 'NOVEDADES_PERSONAS_PRESENCIAL', 'ACTIVO', '1', 'FIDELIDAD_25_ANIOS', 0),
		('CAMBIO_TIPO_NUMERO_DOCUMENTO_PERSONAS_MASIVO', 'VALIDACION_AFILIADO_REP_LEGAL_EMPLEADOR', 'NOVEDADES_PERSONAS_PRESENCIAL', 'ACTIVO', '1', 'FIDELIDAD_25_ANIOS', 0),
		('CAMBIO_TIPO_NUMERO_DOCUMENTO_PERSONAS_MASIVO', 'VALIDACION_DOCUMENTO_UNICA_PERSONA', 'NOVEDADES_PERSONAS_PRESENCIAL', 'ACTIVO', '1', 'FIDELIDAD_25_ANIOS', 0),
		('CAMBIO_TIPO_NUMERO_DOCUMENTO_PERSONAS_MASIVO', 'VALIDACION_ESTADO_AFILIADO_ACTIVO_INACTIVO', 'NOVEDADES_PERSONAS_PRESENCIAL', 'ACTIVO', '1', 'FIDELIDAD_25_ANIOS', 0),
		('CAMBIO_TIPO_NUMERO_DOCUMENTO_PERSONAS_MASIVO', 'VALIDACION_EXISTENCIA_PERSONA', 'NOVEDADES_PERSONAS_PRESENCIAL', 'ACTIVO', '1', 'FIDELIDAD_25_ANIOS', 0),
		('CAMBIO_TIPO_NUMERO_DOCUMENTO_PERSONAS_MASIVO', 'VALIDACION_PERSONA_FALLECIDA_NO_PRESENCIAL', 'NOVEDADES_PERSONAS_PRESENCIAL', 'ACTIVO', '1', 'FIDELIDAD_25_ANIOS', 0),
		('CAMBIO_TIPO_NUMERO_DOCUMENTO_PERSONAS_MASIVO', 'VALIDACION_PERSONA_FALLECIDA_PRESENCIAL', 'NOVEDADES_PERSONAS_PRESENCIAL', 'ACTIVO', '1', 'FIDELIDAD_25_ANIOS', 0),
		('CAMBIO_TIPO_NUMERO_DOCUMENTO_PERSONAS_MASIVO', 'VALIDACION_PERSONA_TIENE_NOVEDAD_PERSONA_EN_CURSO', 'NOVEDADES_PERSONAS_PRESENCIAL', 'ACTIVO', '1', 'FIDELIDAD_25_ANIOS', 0);
END;

--MENOS_1_5_SM_0_POR_CIENTO--
BEGIN
	INSERT INTO ValidacionProceso 
		(vapBloque, vapValidacion, vapProceso, vapEstadoProceso, vapOrden, vapObjetoValidacion, vapInversa) 
	VALUES
		('CAMBIO_TIPO_NUMERO_DOCUMENTO_PERSONAS_MASIVO', 'VALIDACION_AFILIADO_ACTIVO', 'NOVEDADES_PERSONAS_PRESENCIAL', 'ACTIVO', '1', 'MENOS_1_5_SM_0_POR_CIENTO', 0),
		('CAMBIO_TIPO_NUMERO_DOCUMENTO_PERSONAS_MASIVO', 'VALIDACION_AFILIADO_REP_LEGAL_EMPLEADOR', 'NOVEDADES_PERSONAS_PRESENCIAL', 'ACTIVO', '1', 'MENOS_1_5_SM_0_POR_CIENTO', 0),
		('CAMBIO_TIPO_NUMERO_DOCUMENTO_PERSONAS_MASIVO', 'VALIDACION_DOCUMENTO_UNICA_PERSONA', 'NOVEDADES_PERSONAS_PRESENCIAL', 'ACTIVO', '1', 'MENOS_1_5_SM_0_POR_CIENTO', 0),
		('CAMBIO_TIPO_NUMERO_DOCUMENTO_PERSONAS_MASIVO', 'VALIDACION_ESTADO_AFILIADO_ACTIVO_INACTIVO', 'NOVEDADES_PERSONAS_PRESENCIAL', 'ACTIVO', '1', 'MENOS_1_5_SM_0_POR_CIENTO', 0),
		('CAMBIO_TIPO_NUMERO_DOCUMENTO_PERSONAS_MASIVO', 'VALIDACION_EXISTENCIA_PERSONA', 'NOVEDADES_PERSONAS_PRESENCIAL', 'ACTIVO', '1', 'MENOS_1_5_SM_0_POR_CIENTO', 0),
		('CAMBIO_TIPO_NUMERO_DOCUMENTO_PERSONAS_MASIVO', 'VALIDACION_PERSONA_FALLECIDA_NO_PRESENCIAL', 'NOVEDADES_PERSONAS_PRESENCIAL', 'ACTIVO', '1', 'MENOS_1_5_SM_0_POR_CIENTO', 0),
		('CAMBIO_TIPO_NUMERO_DOCUMENTO_PERSONAS_MASIVO', 'VALIDACION_PERSONA_FALLECIDA_PRESENCIAL', 'NOVEDADES_PERSONAS_PRESENCIAL', 'ACTIVO', '1', 'MENOS_1_5_SM_0_POR_CIENTO', 0),
		('CAMBIO_TIPO_NUMERO_DOCUMENTO_PERSONAS_MASIVO', 'VALIDACION_PERSONA_TIENE_NOVEDAD_PERSONA_EN_CURSO', 'NOVEDADES_PERSONAS_PRESENCIAL', 'ACTIVO', '1', 'MENOS_1_5_SM_0_POR_CIENTO', 0);
END;

--MENOS_1_5_SM_0_6_POR_CIENTO--	
BEGIN
	INSERT INTO ValidacionProceso 
		(vapBloque, vapValidacion, vapProceso, vapEstadoProceso, vapOrden, vapObjetoValidacion, vapInversa) 
	VALUES
		('CAMBIO_TIPO_NUMERO_DOCUMENTO_PERSONAS_MASIVO', 'VALIDACION_AFILIADO_ACTIVO', 'NOVEDADES_PERSONAS_PRESENCIAL', 'ACTIVO', '1', 'MENOS_1_5_SM_0_6_POR_CIENTO', 0),
		('CAMBIO_TIPO_NUMERO_DOCUMENTO_PERSONAS_MASIVO', 'VALIDACION_AFILIADO_REP_LEGAL_EMPLEADOR', 'NOVEDADES_PERSONAS_PRESENCIAL', 'ACTIVO', '1', 'MENOS_1_5_SM_0_6_POR_CIENTO', 0),
		('CAMBIO_TIPO_NUMERO_DOCUMENTO_PERSONAS_MASIVO', 'VALIDACION_DOCUMENTO_UNICA_PERSONA', 'NOVEDADES_PERSONAS_PRESENCIAL', 'ACTIVO', '1', 'MENOS_1_5_SM_0_6_POR_CIENTO', 0),
		('CAMBIO_TIPO_NUMERO_DOCUMENTO_PERSONAS_MASIVO', 'VALIDACION_ESTADO_AFILIADO_ACTIVO_INACTIVO', 'NOVEDADES_PERSONAS_PRESENCIAL', 'ACTIVO', '1', 'MENOS_1_5_SM_0_6_POR_CIENTO', 0),
		('CAMBIO_TIPO_NUMERO_DOCUMENTO_PERSONAS_MASIVO', 'VALIDACION_EXISTENCIA_PERSONA', 'NOVEDADES_PERSONAS_PRESENCIAL', 'ACTIVO', '1', 'MENOS_1_5_SM_0_6_POR_CIENTO', 0),
		('CAMBIO_TIPO_NUMERO_DOCUMENTO_PERSONAS_MASIVO', 'VALIDACION_PERSONA_FALLECIDA_NO_PRESENCIAL', 'NOVEDADES_PERSONAS_PRESENCIAL', 'ACTIVO', '1', 'MENOS_1_5_SM_0_6_POR_CIENTO', 0),
		('CAMBIO_TIPO_NUMERO_DOCUMENTO_PERSONAS_MASIVO', 'VALIDACION_PERSONA_FALLECIDA_PRESENCIAL', 'NOVEDADES_PERSONAS_PRESENCIAL', 'ACTIVO', '1', 'MENOS_1_5_SM_0_6_POR_CIENTO', 0),
		('CAMBIO_TIPO_NUMERO_DOCUMENTO_PERSONAS_MASIVO', 'VALIDACION_PERSONA_TIENE_NOVEDAD_PERSONA_EN_CURSO', 'NOVEDADES_PERSONAS_PRESENCIAL', 'ACTIVO', '1', 'MENOS_1_5_SM_0_6_POR_CIENTO', 0);
END;

--MENOS_1_5_SM_2_POR_CIENTO--
BEGIN
	INSERT INTO ValidacionProceso 
		(vapBloque, vapValidacion, vapProceso, vapEstadoProceso, vapOrden, vapObjetoValidacion, vapInversa) 
	VALUES
		('CAMBIO_TIPO_NUMERO_DOCUMENTO_PERSONAS_MASIVO', 'VALIDACION_AFILIADO_ACTIVO', 'NOVEDADES_PERSONAS_PRESENCIAL', 'ACTIVO', '1', 'MENOS_1_5_SM_2_POR_CIENTO', 0),
		('CAMBIO_TIPO_NUMERO_DOCUMENTO_PERSONAS_MASIVO', 'VALIDACION_AFILIADO_REP_LEGAL_EMPLEADOR', 'NOVEDADES_PERSONAS_PRESENCIAL', 'ACTIVO', '1', 'MENOS_1_5_SM_2_POR_CIENTO', 0),
		('CAMBIO_TIPO_NUMERO_DOCUMENTO_PERSONAS_MASIVO', 'VALIDACION_DOCUMENTO_UNICA_PERSONA', 'NOVEDADES_PERSONAS_PRESENCIAL', 'ACTIVO', '1', 'MENOS_1_5_SM_2_POR_CIENTO', 0),
		('CAMBIO_TIPO_NUMERO_DOCUMENTO_PERSONAS_MASIVO', 'VALIDACION_ESTADO_AFILIADO_ACTIVO_INACTIVO', 'NOVEDADES_PERSONAS_PRESENCIAL', 'ACTIVO', '1', 'MENOS_1_5_SM_2_POR_CIENTO', 0),
		('CAMBIO_TIPO_NUMERO_DOCUMENTO_PERSONAS_MASIVO', 'VALIDACION_EXISTENCIA_PERSONA', 'NOVEDADES_PERSONAS_PRESENCIAL', 'ACTIVO', '1', 'MENOS_1_5_SM_2_POR_CIENTO', 0),
		('CAMBIO_TIPO_NUMERO_DOCUMENTO_PERSONAS_MASIVO', 'VALIDACION_PERSONA_FALLECIDA_NO_PRESENCIAL', 'NOVEDADES_PERSONAS_PRESENCIAL', 'ACTIVO', '1', 'MENOS_1_5_SM_2_POR_CIENTO', 0),
		('CAMBIO_TIPO_NUMERO_DOCUMENTO_PERSONAS_MASIVO', 'VALIDACION_PERSONA_FALLECIDA_PRESENCIAL', 'NOVEDADES_PERSONAS_PRESENCIAL', 'ACTIVO', '1', 'MENOS_1_5_SM_2_POR_CIENTO', 0),
		('CAMBIO_TIPO_NUMERO_DOCUMENTO_PERSONAS_MASIVO', 'VALIDACION_PERSONA_TIENE_NOVEDAD_PERSONA_EN_CURSO', 'NOVEDADES_PERSONAS_PRESENCIAL', 'ACTIVO', '1', 'MENOS_1_5_SM_2_POR_CIENTO', 0);
END;

--MAS_1_5_SM_0_6_POR_CIENTO--
BEGIN
	INSERT INTO ValidacionProceso 
		(vapBloque, vapValidacion, vapProceso, vapEstadoProceso, vapOrden, vapObjetoValidacion, vapInversa) 
	VALUES
		('CAMBIO_TIPO_NUMERO_DOCUMENTO_PERSONAS_MASIVO', 'VALIDACION_AFILIADO_ACTIVO', 'NOVEDADES_PERSONAS_PRESENCIAL', 'ACTIVO', '1', 'MAS_1_5_SM_0_6_POR_CIENTO', 0),
		('CAMBIO_TIPO_NUMERO_DOCUMENTO_PERSONAS_MASIVO', 'VALIDACION_AFILIADO_REP_LEGAL_EMPLEADOR', 'NOVEDADES_PERSONAS_PRESENCIAL', 'ACTIVO', '1', 'MAS_1_5_SM_0_6_POR_CIENTO', 0),
		('CAMBIO_TIPO_NUMERO_DOCUMENTO_PERSONAS_MASIVO', 'VALIDACION_DOCUMENTO_UNICA_PERSONA', 'NOVEDADES_PERSONAS_PRESENCIAL', 'ACTIVO', '1', 'MAS_1_5_SM_0_6_POR_CIENTO', 0),
		('CAMBIO_TIPO_NUMERO_DOCUMENTO_PERSONAS_MASIVO', 'VALIDACION_ESTADO_AFILIADO_ACTIVO_INACTIVO', 'NOVEDADES_PERSONAS_PRESENCIAL', 'ACTIVO', '1', 'MAS_1_5_SM_0_6_POR_CIENTO', 0),
		('CAMBIO_TIPO_NUMERO_DOCUMENTO_PERSONAS_MASIVO', 'VALIDACION_EXISTENCIA_PERSONA', 'NOVEDADES_PERSONAS_PRESENCIAL', 'ACTIVO', '1', 'MAS_1_5_SM_0_6_POR_CIENTO', 0),
		('CAMBIO_TIPO_NUMERO_DOCUMENTO_PERSONAS_MASIVO', 'VALIDACION_PERSONA_FALLECIDA_NO_PRESENCIAL', 'NOVEDADES_PERSONAS_PRESENCIAL', 'ACTIVO', '1', 'MAS_1_5_SM_0_6_POR_CIENTO', 0),
		('CAMBIO_TIPO_NUMERO_DOCUMENTO_PERSONAS_MASIVO', 'VALIDACION_PERSONA_FALLECIDA_PRESENCIAL', 'NOVEDADES_PERSONAS_PRESENCIAL', 'ACTIVO', '1', 'MAS_1_5_SM_0_6_POR_CIENTO', 0),
		('CAMBIO_TIPO_NUMERO_DOCUMENTO_PERSONAS_MASIVO', 'VALIDACION_PERSONA_TIENE_NOVEDAD_PERSONA_EN_CURSO', 'NOVEDADES_PERSONAS_PRESENCIAL', 'ACTIVO', '1', 'MAS_1_5_SM_0_6_POR_CIENTO', 0);
END;

--MAS_1_5_SM_2_POR_CIENTO--
BEGIN
	INSERT INTO ValidacionProceso 
		(vapBloque, vapValidacion, vapProceso, vapEstadoProceso, vapOrden, vapObjetoValidacion, vapInversa) 
	VALUES
		('CAMBIO_TIPO_NUMERO_DOCUMENTO_PERSONAS_MASIVO', 'VALIDACION_AFILIADO_ACTIVO', 'NOVEDADES_PERSONAS_PRESENCIAL', 'ACTIVO', '1', 'MAS_1_5_SM_2_POR_CIENTO', 0),
		('CAMBIO_TIPO_NUMERO_DOCUMENTO_PERSONAS_MASIVO', 'VALIDACION_AFILIADO_REP_LEGAL_EMPLEADOR', 'NOVEDADES_PERSONAS_PRESENCIAL', 'ACTIVO', '1', 'MAS_1_5_SM_2_POR_CIENTO', 0),
		('CAMBIO_TIPO_NUMERO_DOCUMENTO_PERSONAS_MASIVO', 'VALIDACION_DOCUMENTO_UNICA_PERSONA', 'NOVEDADES_PERSONAS_PRESENCIAL', 'ACTIVO', '1', 'MAS_1_5_SM_2_POR_CIENTO', 0),
		('CAMBIO_TIPO_NUMERO_DOCUMENTO_PERSONAS_MASIVO', 'VALIDACION_ESTADO_AFILIADO_ACTIVO_INACTIVO', 'NOVEDADES_PERSONAS_PRESENCIAL', 'ACTIVO', '1', 'MAS_1_5_SM_2_POR_CIENTO', 0),
		('CAMBIO_TIPO_NUMERO_DOCUMENTO_PERSONAS_MASIVO', 'VALIDACION_EXISTENCIA_PERSONA', 'NOVEDADES_PERSONAS_PRESENCIAL', 'ACTIVO', '1', 'MAS_1_5_SM_2_POR_CIENTO', 0),
		('CAMBIO_TIPO_NUMERO_DOCUMENTO_PERSONAS_MASIVO', 'VALIDACION_PERSONA_FALLECIDA_NO_PRESENCIAL', 'NOVEDADES_PERSONAS_PRESENCIAL', 'ACTIVO', '1', 'MAS_1_5_SM_2_POR_CIENTO', 0),
		('CAMBIO_TIPO_NUMERO_DOCUMENTO_PERSONAS_MASIVO', 'VALIDACION_PERSONA_FALLECIDA_PRESENCIAL', 'NOVEDADES_PERSONAS_PRESENCIAL', 'ACTIVO', '1', 'MAS_1_5_SM_2_POR_CIENTO', 0),
		('CAMBIO_TIPO_NUMERO_DOCUMENTO_PERSONAS_MASIVO', 'VALIDACION_PERSONA_TIENE_NOVEDAD_PERSONA_EN_CURSO', 'NOVEDADES_PERSONAS_PRESENCIAL', 'ACTIVO', '1', 'MAS_1_5_SM_2_POR_CIENTO', 0);
END;

--PENSION_FAMILIAR--
BEGIN
	INSERT INTO ValidacionProceso 
		(vapBloque, vapValidacion, vapProceso, vapEstadoProceso, vapOrden, vapObjetoValidacion, vapInversa) 
	VALUES
		('CAMBIO_TIPO_NUMERO_DOCUMENTO_PERSONAS_MASIVO', 'VALIDACION_AFILIADO_ACTIVO', 'NOVEDADES_PERSONAS_PRESENCIAL', 'ACTIVO', '1', 'PENSION_FAMILIAR', 0),
		('CAMBIO_TIPO_NUMERO_DOCUMENTO_PERSONAS_MASIVO', 'VALIDACION_AFILIADO_REP_LEGAL_EMPLEADOR', 'NOVEDADES_PERSONAS_PRESENCIAL', 'ACTIVO', '1', 'PENSION_FAMILIAR', 0),
		('CAMBIO_TIPO_NUMERO_DOCUMENTO_PERSONAS_MASIVO', 'VALIDACION_DOCUMENTO_UNICA_PERSONA', 'NOVEDADES_PERSONAS_PRESENCIAL', 'ACTIVO', '1', 'PENSION_FAMILIAR', 0),
		('CAMBIO_TIPO_NUMERO_DOCUMENTO_PERSONAS_MASIVO', 'VALIDACION_ESTADO_AFILIADO_ACTIVO_INACTIVO', 'NOVEDADES_PERSONAS_PRESENCIAL', 'ACTIVO', '1', 'PENSION_FAMILIAR', 0),
		('CAMBIO_TIPO_NUMERO_DOCUMENTO_PERSONAS_MASIVO', 'VALIDACION_EXISTENCIA_PERSONA', 'NOVEDADES_PERSONAS_PRESENCIAL', 'ACTIVO', '1', 'PENSION_FAMILIAR', 0),
		('CAMBIO_TIPO_NUMERO_DOCUMENTO_PERSONAS_MASIVO', 'VALIDACION_PERSONA_FALLECIDA_NO_PRESENCIAL', 'NOVEDADES_PERSONAS_PRESENCIAL', 'ACTIVO', '1', 'PENSION_FAMILIAR', 0),
		('CAMBIO_TIPO_NUMERO_DOCUMENTO_PERSONAS_MASIVO', 'VALIDACION_PERSONA_FALLECIDA_PRESENCIAL', 'NOVEDADES_PERSONAS_PRESENCIAL', 'ACTIVO', '1', 'PENSION_FAMILIAR', 0),
		('CAMBIO_TIPO_NUMERO_DOCUMENTO_PERSONAS_MASIVO', 'VALIDACION_PERSONA_TIENE_NOVEDAD_PERSONA_EN_CURSO', 'NOVEDADES_PERSONAS_PRESENCIAL', 'ACTIVO', '1', 'PENSION_FAMILIAR', 0);
END;

--PERSONA--
BEGIN
	INSERT INTO ValidacionProceso 
		(vapBloque, vapValidacion, vapProceso, vapEstadoProceso, vapOrden, vapObjetoValidacion, vapInversa) 
	VALUES
		('CAMBIO_TIPO_NUMERO_DOCUMENTO_PERSONAS_MASIVO', 'VALIDACION_AFILIADO_ACTIVO', 'NOVEDADES_PERSONAS_PRESENCIAL', 'ACTIVO', '1', 'PERSONA', 0),
		('CAMBIO_TIPO_NUMERO_DOCUMENTO_PERSONAS_MASIVO', 'VALIDACION_AFILIADO_REP_LEGAL_EMPLEADOR', 'NOVEDADES_PERSONAS_PRESENCIAL', 'ACTIVO', '1', 'PERSONA', 0),
		('CAMBIO_TIPO_NUMERO_DOCUMENTO_PERSONAS_MASIVO', 'VALIDACION_DOCUMENTO_UNICA_PERSONA', 'NOVEDADES_PERSONAS_PRESENCIAL', 'ACTIVO', '1', 'PERSONA', 0),
		('CAMBIO_TIPO_NUMERO_DOCUMENTO_PERSONAS_MASIVO', 'VALIDACION_ESTADO_AFILIADO_ACTIVO_INACTIVO', 'NOVEDADES_PERSONAS_PRESENCIAL', 'ACTIVO', '1', 'PERSONA', 0),
		('CAMBIO_TIPO_NUMERO_DOCUMENTO_PERSONAS_MASIVO', 'VALIDACION_EXISTENCIA_PERSONA', 'NOVEDADES_PERSONAS_PRESENCIAL', 'ACTIVO', '1', 'PERSONA', 0),
		('CAMBIO_TIPO_NUMERO_DOCUMENTO_PERSONAS_MASIVO', 'VALIDACION_PERSONA_FALLECIDA_NO_PRESENCIAL', 'NOVEDADES_PERSONAS_PRESENCIAL', 'ACTIVO', '1', 'PERSONA', 0),
		('CAMBIO_TIPO_NUMERO_DOCUMENTO_PERSONAS_MASIVO', 'VALIDACION_PERSONA_FALLECIDA_PRESENCIAL', 'NOVEDADES_PERSONAS_PRESENCIAL', 'ACTIVO', '1', 'PERSONA', 0),
		('CAMBIO_TIPO_NUMERO_DOCUMENTO_PERSONAS_MASIVO', 'VALIDACION_PERSONA_TIENE_NOVEDAD_PERSONA_EN_CURSO', 'NOVEDADES_PERSONAS_PRESENCIAL', 'ACTIVO', '1', 'PERSONA', 0);
END;

--BENEFICIARIO_EN_CUSTODIA--
BEGIN
	INSERT INTO ValidacionProceso 
		(vapBloque, vapValidacion, vapProceso, vapEstadoProceso, vapOrden, vapObjetoValidacion, vapInversa) 
	VALUES
		('CAMBIO_TIPO_NUMERO_DOCUMENTO_PERSONAS_MASIVO', 'VALIDACION_AFILIADO_ACTIVO', 'NOVEDADES_PERSONAS_PRESENCIAL', 'ACTIVO', '1', 'BENEFICIARIO_EN_CUSTODIA', 0),
		('CAMBIO_TIPO_NUMERO_DOCUMENTO_PERSONAS_MASIVO', 'VALIDACION_AFILIADO_REP_LEGAL_EMPLEADOR', 'NOVEDADES_PERSONAS_PRESENCIAL', 'ACTIVO', '1', 'BENEFICIARIO_EN_CUSTODIA', 0),
		('CAMBIO_TIPO_NUMERO_DOCUMENTO_PERSONAS_MASIVO', 'VALIDACION_DOCUMENTO_UNICA_PERSONA', 'NOVEDADES_PERSONAS_PRESENCIAL', 'ACTIVO', '1', 'BENEFICIARIO_EN_CUSTODIA', 0),
		('CAMBIO_TIPO_NUMERO_DOCUMENTO_PERSONAS_MASIVO', 'VALIDACION_ESTADO_AFILIADO_ACTIVO_INACTIVO', 'NOVEDADES_PERSONAS_PRESENCIAL', 'ACTIVO', '1', 'BENEFICIARIO_EN_CUSTODIA', 0),
		('CAMBIO_TIPO_NUMERO_DOCUMENTO_PERSONAS_MASIVO', 'VALIDACION_EXISTENCIA_PERSONA', 'NOVEDADES_PERSONAS_PRESENCIAL', 'ACTIVO', '1', 'BENEFICIARIO_EN_CUSTODIA', 0),
		('CAMBIO_TIPO_NUMERO_DOCUMENTO_PERSONAS_MASIVO', 'VALIDACION_PERSONA_FALLECIDA_NO_PRESENCIAL', 'NOVEDADES_PERSONAS_PRESENCIAL', 'ACTIVO', '1', 'BENEFICIARIO_EN_CUSTODIA', 0),
		('CAMBIO_TIPO_NUMERO_DOCUMENTO_PERSONAS_MASIVO', 'VALIDACION_PERSONA_FALLECIDA_PRESENCIAL', 'NOVEDADES_PERSONAS_PRESENCIAL', 'ACTIVO', '1', 'BENEFICIARIO_EN_CUSTODIA', 0),
		('CAMBIO_TIPO_NUMERO_DOCUMENTO_PERSONAS_MASIVO', 'VALIDACION_PERSONA_TIENE_NOVEDAD_PERSONA_EN_CURSO', 'NOVEDADES_PERSONAS_PRESENCIAL', 'ACTIVO', '1', 'BENEFICIARIO_EN_CUSTODIA', 0);
END;

--HERMANO_HUERFANO_DE_PADRES--
BEGIN
	INSERT INTO ValidacionProceso 
		(vapBloque, vapValidacion, vapProceso, vapEstadoProceso, vapOrden, vapObjetoValidacion, vapInversa) 
	VALUES
		('CAMBIO_TIPO_NUMERO_DOCUMENTO_PERSONAS_MASIVO', 'VALIDACION_AFILIADO_ACTIVO', 'NOVEDADES_PERSONAS_PRESENCIAL', 'ACTIVO', '1', 'HERMANO_HUERFANO_DE_PADRES', 0),
		('CAMBIO_TIPO_NUMERO_DOCUMENTO_PERSONAS_MASIVO', 'VALIDACION_AFILIADO_REP_LEGAL_EMPLEADOR', 'NOVEDADES_PERSONAS_PRESENCIAL', 'ACTIVO', '1', 'HERMANO_HUERFANO_DE_PADRES', 0),
		('CAMBIO_TIPO_NUMERO_DOCUMENTO_PERSONAS_MASIVO', 'VALIDACION_DOCUMENTO_UNICA_PERSONA', 'NOVEDADES_PERSONAS_PRESENCIAL', 'ACTIVO', '1', 'HERMANO_HUERFANO_DE_PADRES', 0),
		('CAMBIO_TIPO_NUMERO_DOCUMENTO_PERSONAS_MASIVO', 'VALIDACION_ESTADO_AFILIADO_ACTIVO_INACTIVO', 'NOVEDADES_PERSONAS_PRESENCIAL', 'ACTIVO', '1', 'HERMANO_HUERFANO_DE_PADRES', 0),
		('CAMBIO_TIPO_NUMERO_DOCUMENTO_PERSONAS_MASIVO', 'VALIDACION_EXISTENCIA_PERSONA', 'NOVEDADES_PERSONAS_PRESENCIAL', 'ACTIVO', '1', 'HERMANO_HUERFANO_DE_PADRES', 0),
		('CAMBIO_TIPO_NUMERO_DOCUMENTO_PERSONAS_MASIVO', 'VALIDACION_PERSONA_FALLECIDA_NO_PRESENCIAL', 'NOVEDADES_PERSONAS_PRESENCIAL', 'ACTIVO', '1', 'HERMANO_HUERFANO_DE_PADRES', 0),
		('CAMBIO_TIPO_NUMERO_DOCUMENTO_PERSONAS_MASIVO', 'VALIDACION_PERSONA_FALLECIDA_PRESENCIAL', 'NOVEDADES_PERSONAS_PRESENCIAL', 'ACTIVO', '1', 'HERMANO_HUERFANO_DE_PADRES', 0),
		('CAMBIO_TIPO_NUMERO_DOCUMENTO_PERSONAS_MASIVO', 'VALIDACION_PERSONA_TIENE_NOVEDAD_PERSONA_EN_CURSO', 'NOVEDADES_PERSONAS_PRESENCIAL', 'ACTIVO', '1', 'HERMANO_HUERFANO_DE_PADRES', 0);
END;

--HIJASTRO--
BEGIN
	INSERT INTO ValidacionProceso 
		(vapBloque, vapValidacion, vapProceso, vapEstadoProceso, vapOrden, vapObjetoValidacion, vapInversa) 
	VALUES
		('CAMBIO_TIPO_NUMERO_DOCUMENTO_PERSONAS_MASIVO', 'VALIDACION_AFILIADO_ACTIVO', 'NOVEDADES_PERSONAS_PRESENCIAL', 'ACTIVO', '1', 'HIJASTRO', 0),
		('CAMBIO_TIPO_NUMERO_DOCUMENTO_PERSONAS_MASIVO', 'VALIDACION_AFILIADO_REP_LEGAL_EMPLEADOR', 'NOVEDADES_PERSONAS_PRESENCIAL', 'ACTIVO', '1', 'HIJASTRO', 0),
		('CAMBIO_TIPO_NUMERO_DOCUMENTO_PERSONAS_MASIVO', 'VALIDACION_DOCUMENTO_UNICA_PERSONA', 'NOVEDADES_PERSONAS_PRESENCIAL', 'ACTIVO', '1', 'HIJASTRO', 0),
		('CAMBIO_TIPO_NUMERO_DOCUMENTO_PERSONAS_MASIVO', 'VALIDACION_ESTADO_AFILIADO_ACTIVO_INACTIVO', 'NOVEDADES_PERSONAS_PRESENCIAL', 'ACTIVO', '1', 'HIJASTRO', 0),
		('CAMBIO_TIPO_NUMERO_DOCUMENTO_PERSONAS_MASIVO', 'VALIDACION_EXISTENCIA_PERSONA', 'NOVEDADES_PERSONAS_PRESENCIAL', 'ACTIVO', '1', 'HIJASTRO', 0),
		('CAMBIO_TIPO_NUMERO_DOCUMENTO_PERSONAS_MASIVO', 'VALIDACION_PERSONA_FALLECIDA_NO_PRESENCIAL', 'NOVEDADES_PERSONAS_PRESENCIAL', 'ACTIVO', '1', 'HIJASTRO', 0),
		('CAMBIO_TIPO_NUMERO_DOCUMENTO_PERSONAS_MASIVO', 'VALIDACION_PERSONA_FALLECIDA_PRESENCIAL', 'NOVEDADES_PERSONAS_PRESENCIAL', 'ACTIVO', '1', 'HIJASTRO', 0),
		('CAMBIO_TIPO_NUMERO_DOCUMENTO_PERSONAS_MASIVO', 'VALIDACION_PERSONA_TIENE_NOVEDAD_PERSONA_EN_CURSO', 'NOVEDADES_PERSONAS_PRESENCIAL', 'ACTIVO', '1', 'HIJASTRO', 0);
END;

--HIJO_ADOPTIVO--
BEGIN
	INSERT INTO ValidacionProceso 
		(vapBloque, vapValidacion, vapProceso, vapEstadoProceso, vapOrden, vapObjetoValidacion, vapInversa) 
	VALUES
		('CAMBIO_TIPO_NUMERO_DOCUMENTO_PERSONAS_MASIVO', 'VALIDACION_AFILIADO_ACTIVO', 'NOVEDADES_PERSONAS_PRESENCIAL', 'ACTIVO', '1', 'HIJO_ADOPTIVO', 0),
		('CAMBIO_TIPO_NUMERO_DOCUMENTO_PERSONAS_MASIVO', 'VALIDACION_AFILIADO_REP_LEGAL_EMPLEADOR', 'NOVEDADES_PERSONAS_PRESENCIAL', 'ACTIVO', '1', 'HIJO_ADOPTIVO', 0),
		('CAMBIO_TIPO_NUMERO_DOCUMENTO_PERSONAS_MASIVO', 'VALIDACION_DOCUMENTO_UNICA_PERSONA', 'NOVEDADES_PERSONAS_PRESENCIAL', 'ACTIVO', '1', 'HIJO_ADOPTIVO', 0),
		('CAMBIO_TIPO_NUMERO_DOCUMENTO_PERSONAS_MASIVO', 'VALIDACION_ESTADO_AFILIADO_ACTIVO_INACTIVO', 'NOVEDADES_PERSONAS_PRESENCIAL', 'ACTIVO', '1', 'HIJO_ADOPTIVO', 0),
		('CAMBIO_TIPO_NUMERO_DOCUMENTO_PERSONAS_MASIVO', 'VALIDACION_EXISTENCIA_PERSONA', 'NOVEDADES_PERSONAS_PRESENCIAL', 'ACTIVO', '1', 'HIJO_ADOPTIVO', 0),
		('CAMBIO_TIPO_NUMERO_DOCUMENTO_PERSONAS_MASIVO', 'VALIDACION_PERSONA_FALLECIDA_NO_PRESENCIAL', 'NOVEDADES_PERSONAS_PRESENCIAL', 'ACTIVO', '1', 'HIJO_ADOPTIVO', 0),
		('CAMBIO_TIPO_NUMERO_DOCUMENTO_PERSONAS_MASIVO', 'VALIDACION_PERSONA_FALLECIDA_PRESENCIAL', 'NOVEDADES_PERSONAS_PRESENCIAL', 'ACTIVO', '1', 'HIJO_ADOPTIVO', 0),
		('CAMBIO_TIPO_NUMERO_DOCUMENTO_PERSONAS_MASIVO', 'VALIDACION_PERSONA_TIENE_NOVEDAD_PERSONA_EN_CURSO', 'NOVEDADES_PERSONAS_PRESENCIAL', 'ACTIVO', '1', 'HIJO_ADOPTIVO', 0);
END;

--HIJO_BIOLOGICO--
BEGIN
	INSERT INTO ValidacionProceso 
		(vapBloque, vapValidacion, vapProceso, vapEstadoProceso, vapOrden, vapObjetoValidacion, vapInversa) 
	VALUES
		('CAMBIO_TIPO_NUMERO_DOCUMENTO_PERSONAS_MASIVO', 'VALIDACION_AFILIADO_ACTIVO', 'NOVEDADES_PERSONAS_PRESENCIAL', 'ACTIVO', '1', 'HIJO_BIOLOGICO', 0),
		('CAMBIO_TIPO_NUMERO_DOCUMENTO_PERSONAS_MASIVO', 'VALIDACION_AFILIADO_REP_LEGAL_EMPLEADOR', 'NOVEDADES_PERSONAS_PRESENCIAL', 'ACTIVO', '1', 'HIJO_BIOLOGICO', 0),
		('CAMBIO_TIPO_NUMERO_DOCUMENTO_PERSONAS_MASIVO', 'VALIDACION_DOCUMENTO_UNICA_PERSONA', 'NOVEDADES_PERSONAS_PRESENCIAL', 'ACTIVO', '1', 'HIJO_BIOLOGICO', 0),
		('CAMBIO_TIPO_NUMERO_DOCUMENTO_PERSONAS_MASIVO', 'VALIDACION_ESTADO_AFILIADO_ACTIVO_INACTIVO', 'NOVEDADES_PERSONAS_PRESENCIAL', 'ACTIVO', '1', 'HIJO_BIOLOGICO', 0),
		('CAMBIO_TIPO_NUMERO_DOCUMENTO_PERSONAS_MASIVO', 'VALIDACION_EXISTENCIA_PERSONA', 'NOVEDADES_PERSONAS_PRESENCIAL', 'ACTIVO', '1', 'HIJO_BIOLOGICO', 0),
		('CAMBIO_TIPO_NUMERO_DOCUMENTO_PERSONAS_MASIVO', 'VALIDACION_PERSONA_FALLECIDA_NO_PRESENCIAL', 'NOVEDADES_PERSONAS_PRESENCIAL', 'ACTIVO', '1', 'HIJO_BIOLOGICO', 0),
		('CAMBIO_TIPO_NUMERO_DOCUMENTO_PERSONAS_MASIVO', 'VALIDACION_PERSONA_FALLECIDA_PRESENCIAL', 'NOVEDADES_PERSONAS_PRESENCIAL', 'ACTIVO', '1', 'HIJO_BIOLOGICO', 0),
		('CAMBIO_TIPO_NUMERO_DOCUMENTO_PERSONAS_MASIVO', 'VALIDACION_PERSONA_TIENE_NOVEDAD_PERSONA_EN_CURSO', 'NOVEDADES_PERSONAS_PRESENCIAL', 'ACTIVO', '1', 'HIJO_BIOLOGICO', 0);
END;

--PADRE--
BEGIN
	INSERT INTO ValidacionProceso 
		(vapBloque, vapValidacion, vapProceso, vapEstadoProceso, vapOrden, vapObjetoValidacion, vapInversa) 
	VALUES
		('CAMBIO_TIPO_NUMERO_DOCUMENTO_PERSONAS_MASIVO', 'VALIDACION_AFILIADO_ACTIVO', 'NOVEDADES_PERSONAS_PRESENCIAL', 'ACTIVO', '1', 'PADRE', 0),
		('CAMBIO_TIPO_NUMERO_DOCUMENTO_PERSONAS_MASIVO', 'VALIDACION_AFILIADO_REP_LEGAL_EMPLEADOR', 'NOVEDADES_PERSONAS_PRESENCIAL', 'ACTIVO', '1', 'PADRE', 0),
		('CAMBIO_TIPO_NUMERO_DOCUMENTO_PERSONAS_MASIVO', 'VALIDACION_DOCUMENTO_UNICA_PERSONA', 'NOVEDADES_PERSONAS_PRESENCIAL', 'ACTIVO', '1', 'PADRE', 0),
		('CAMBIO_TIPO_NUMERO_DOCUMENTO_PERSONAS_MASIVO', 'VALIDACION_ESTADO_AFILIADO_ACTIVO_INACTIVO', 'NOVEDADES_PERSONAS_PRESENCIAL', 'ACTIVO', '1', 'PADRE', 0),
		('CAMBIO_TIPO_NUMERO_DOCUMENTO_PERSONAS_MASIVO', 'VALIDACION_EXISTENCIA_PERSONA', 'NOVEDADES_PERSONAS_PRESENCIAL', 'ACTIVO', '1', 'PADRE', 0),
		('CAMBIO_TIPO_NUMERO_DOCUMENTO_PERSONAS_MASIVO', 'VALIDACION_PERSONA_FALLECIDA_NO_PRESENCIAL', 'NOVEDADES_PERSONAS_PRESENCIAL', 'ACTIVO', '1', 'PADRE', 0),
		('CAMBIO_TIPO_NUMERO_DOCUMENTO_PERSONAS_MASIVO', 'VALIDACION_PERSONA_FALLECIDA_PRESENCIAL', 'NOVEDADES_PERSONAS_PRESENCIAL', 'ACTIVO', '1', 'PADRE', 0),
		('CAMBIO_TIPO_NUMERO_DOCUMENTO_PERSONAS_MASIVO', 'VALIDACION_PERSONA_TIENE_NOVEDAD_PERSONA_EN_CURSO', 'NOVEDADES_PERSONAS_PRESENCIAL', 'ACTIVO', '1', 'PADRE', 0);
END;

--MADRE--
BEGIN
	INSERT INTO ValidacionProceso 
		(vapBloque, vapValidacion, vapProceso, vapEstadoProceso, vapOrden, vapObjetoValidacion, vapInversa) 
	VALUES
		('CAMBIO_TIPO_NUMERO_DOCUMENTO_PERSONAS_MASIVO', 'VALIDACION_AFILIADO_ACTIVO', 'NOVEDADES_PERSONAS_PRESENCIAL', 'ACTIVO', '1', 'MADRE', 0),
		('CAMBIO_TIPO_NUMERO_DOCUMENTO_PERSONAS_MASIVO', 'VALIDACION_AFILIADO_REP_LEGAL_EMPLEADOR', 'NOVEDADES_PERSONAS_PRESENCIAL', 'ACTIVO', '1', 'MADRE', 0),
		('CAMBIO_TIPO_NUMERO_DOCUMENTO_PERSONAS_MASIVO', 'VALIDACION_DOCUMENTO_UNICA_PERSONA', 'NOVEDADES_PERSONAS_PRESENCIAL', 'ACTIVO', '1', 'MADRE', 0),
		('CAMBIO_TIPO_NUMERO_DOCUMENTO_PERSONAS_MASIVO', 'VALIDACION_ESTADO_AFILIADO_ACTIVO_INACTIVO', 'NOVEDADES_PERSONAS_PRESENCIAL', 'ACTIVO', '1', 'MADRE', 0),
		('CAMBIO_TIPO_NUMERO_DOCUMENTO_PERSONAS_MASIVO', 'VALIDACION_EXISTENCIA_PERSONA', 'NOVEDADES_PERSONAS_PRESENCIAL', 'ACTIVO', '1', 'MADRE', 0),
		('CAMBIO_TIPO_NUMERO_DOCUMENTO_PERSONAS_MASIVO', 'VALIDACION_PERSONA_FALLECIDA_NO_PRESENCIAL', 'NOVEDADES_PERSONAS_PRESENCIAL', 'ACTIVO', '1', 'MADRE', 0),
		('CAMBIO_TIPO_NUMERO_DOCUMENTO_PERSONAS_MASIVO', 'VALIDACION_PERSONA_FALLECIDA_PRESENCIAL', 'NOVEDADES_PERSONAS_PRESENCIAL', 'ACTIVO', '1', 'MADRE', 0),
		('CAMBIO_TIPO_NUMERO_DOCUMENTO_PERSONAS_MASIVO', 'VALIDACION_PERSONA_TIENE_NOVEDAD_PERSONA_EN_CURSO', 'NOVEDADES_PERSONAS_PRESENCIAL', 'ACTIVO', '1', 'MADRE', 0);
END;

--CONYUGE--
BEGIN
	INSERT INTO ValidacionProceso 
		(vapBloque, vapValidacion, vapProceso, vapEstadoProceso, vapOrden, vapObjetoValidacion, vapInversa) 
	VALUES
		('CAMBIO_TIPO_NUMERO_DOCUMENTO_PERSONAS_MASIVO', 'VALIDACION_AFILIADO_ACTIVO', 'NOVEDADES_PERSONAS_PRESENCIAL', 'ACTIVO', '1', 'CONYUGE', 0),
		('CAMBIO_TIPO_NUMERO_DOCUMENTO_PERSONAS_MASIVO', 'VALIDACION_AFILIADO_REP_LEGAL_EMPLEADOR', 'NOVEDADES_PERSONAS_PRESENCIAL', 'ACTIVO', '1', 'CONYUGE', 0),
		('CAMBIO_TIPO_NUMERO_DOCUMENTO_PERSONAS_MASIVO', 'VALIDACION_DOCUMENTO_UNICA_PERSONA', 'NOVEDADES_PERSONAS_PRESENCIAL', 'ACTIVO', '1', 'CONYUGE', 0),
		('CAMBIO_TIPO_NUMERO_DOCUMENTO_PERSONAS_MASIVO', 'VALIDACION_ESTADO_AFILIADO_ACTIVO_INACTIVO', 'NOVEDADES_PERSONAS_PRESENCIAL', 'ACTIVO', '1', 'CONYUGE', 0),
		('CAMBIO_TIPO_NUMERO_DOCUMENTO_PERSONAS_MASIVO', 'VALIDACION_EXISTENCIA_PERSONA', 'NOVEDADES_PERSONAS_PRESENCIAL', 'ACTIVO', '1', 'CONYUGE', 0),
		('CAMBIO_TIPO_NUMERO_DOCUMENTO_PERSONAS_MASIVO', 'VALIDACION_PERSONA_FALLECIDA_NO_PRESENCIAL', 'NOVEDADES_PERSONAS_PRESENCIAL', 'ACTIVO', '1', 'CONYUGE', 0),
		('CAMBIO_TIPO_NUMERO_DOCUMENTO_PERSONAS_MASIVO', 'VALIDACION_PERSONA_FALLECIDA_PRESENCIAL', 'NOVEDADES_PERSONAS_PRESENCIAL', 'ACTIVO', '1', 'CONYUGE', 0),
		('CAMBIO_TIPO_NUMERO_DOCUMENTO_PERSONAS_MASIVO', 'VALIDACION_PERSONA_TIENE_NOVEDAD_PERSONA_EN_CURSO', 'NOVEDADES_PERSONAS_PRESENCIAL', 'ACTIVO', '1', 'CONYUGE', 0);
END;