--liquibase formatted sql

--changeset jocorrea:01
--comment: Se inserta datos a las tablas RequisitoCajaClasificacion, ValidacionProceso y ParametrizacionNovedad
-- Requisito - ACTULIZAR_DOCUMENTACION_AFILIADO
INSERT RequisitoCajaClasificacion (rtsEstado,rtsRequisito,rtsClasificacion,rtsTipoTransaccion,rtsCajaCompensacion,rtsTextoAyuda) VALUES ('OBLIGATORIO',21,'PERSONA_JURIDICA','ACTUALIZAR_DOCUMENTACION_AFILIADO_PRESENCIAL',1,'Se revisa: -Tipo y número de identificación del empleador,que deben coincidir con los demás documentos soporte -Razón social / Nombre del empleador,que debe coincidir con los demás documentos soporte -Actividad económica (Código CIIU); que debe coincidir con los demás documentos soporte'); 
INSERT RequisitoCajaClasificacion (rtsEstado,rtsRequisito,rtsClasificacion,rtsTipoTransaccion,rtsCajaCompensacion,rtsTextoAyuda) VALUES ('OBLIGATORIO',22,'PERSONA_JURIDICA','ACTUALIZAR_DOCUMENTACION_AFILIADO_PRESENCIAL',1,'Se revisa: -Que sea legible la copia del documento -Sin tachones ni enmendaduras -Ampliada al 150% -Que el nombre y número de la cédula corresponda a la cédula del representante legal en el formulario y demás documentos soporte. -Si es cédula de extranjería que no esté vencida ni próxima a vencer');
INSERT RequisitoCajaClasificacion (rtsEstado,rtsRequisito,rtsClasificacion,rtsTipoTransaccion,rtsCajaCompensacion,rtsTextoAyuda) VALUES ('OBLIGATORIO',29,'PERSONA_JURIDICA','ACTUALIZAR_DOCUMENTACION_AFILIADO_PRESENCIAL',1,'Se revisa: -Documento emitido por la entidad competente -Fecha de expedición no mayor a 90 días -Tipo y número de identificación del empleador,que deben coincidir con los demás documentos soporte -Razón social / Nombre del empleador,que debe coincidir con los demás documentos soporte -Fecha de constitución,que debe coincidir con los demás documentos soporte -Datos de identificación del representante legal,que deben coincidir con los demás documentos soporte -Objeto social -Si está acogido a los beneficios de Ley 1429 de 2010 ');
INSERT RequisitoCajaClasificacion (rtsEstado,rtsRequisito,rtsClasificacion,rtsTipoTransaccion,rtsCajaCompensacion,rtsTextoAyuda) VALUES ('OBLIGATORIO',1,'PERSONA_JURIDICA','ACTUALIZAR_DOCUMENTACION_AFILIADO_PRESENCIAL',1,'Para el caso de entidades (públicas y privadas) cuyos representantes legales sean elegidos por voto popular,o acto administrativo de nombramiento,se solicita este documento y se revisa: -Documento emitido por la misma entidad o una entidad competente (según el caso) -Tipo y número de identificación del empleador,que deben coincidir con los demás documentos soporte -Razón social / Nombre del empleador,que debe coincidir con los demás documentos soporte -Tipo y número de identificación del representante legal,deben coincidir con los demás documentos soporte -Nombres y apellidos del representante legal,deben coincidir con los demás documentos soporte');
INSERT RequisitoCajaClasificacion (rtsEstado,rtsRequisito,rtsClasificacion,rtsTipoTransaccion,rtsCajaCompensacion,rtsTextoAyuda) VALUES ('OBLIGATORIO',40,'PERSONA_JURIDICA','ACTUALIZAR_DOCUMENTACION_AFILIADO_PRESENCIAL',1,'Si el empleador presenta trabajadores para afiliar,se solicita este documento y se revisa: -Tipo y número de documento de identidad de los trabajadores -Nombres y apellidos de los trabajadores -Salario de cada uno de los trabajadores -Se indique que los salarios de los trabajadores son causados en el Departamento -Firma de aval del Contador y/o el Representante legal -Debe coincidir la información de esta nómina con la registrada en el formulario de solicitud de afiliación');
INSERT RequisitoCajaClasificacion (rtsEstado,rtsRequisito,rtsClasificacion,rtsTipoTransaccion,rtsCajaCompensacion,rtsTextoAyuda) VALUES ('OBLIGATORIO',42,'PERSONA_JURIDICA','ACTUALIZAR_DOCUMENTACION_AFILIADO_PRESENCIAL',1,'En caso que el empleador se haya cambiado de Caja de Compensación dentro del mismo Departamento,se solicita este documento y se revisa: -Documento emitido por Caja de Compensación del mismo Departamento en el que conste el paz y salvo con dicha entidad -Fecha de expedición no mayor a 90 días -Tipo y número de identificación del empleador,que deben coincidir con los demás documentos soporte -Razón social / Nombre del empleador,que debe coincidir con los demás documentos soporte');
INSERT RequisitoCajaClasificacion (rtsEstado,rtsRequisito,rtsClasificacion,rtsTipoTransaccion,rtsCajaCompensacion,rtsTextoAyuda) VALUES ('OBLIGATORIO',23,'PERSONA_JURIDICA','ACTUALIZAR_DOCUMENTACION_AFILIADO_PRESENCIAL',1,'Copia del memorial entregado a la DIAN Después de 2009: RUT');
INSERT RequisitoCajaClasificacion (rtsEstado,rtsRequisito,rtsClasificacion,rtsTipoTransaccion,rtsCajaCompensacion,rtsTextoAyuda) VALUES ('OBLIGATORIO',21,'PERSONA_NATURAL','ACTUALIZAR_DOCUMENTACION_AFILIADO_PRESENCIAL',1,'Se revisa: -Tipo y número de identificación del empleador,que deben coincidir con los demás documentos soporte -Razón social / Nombre del empleador,que debe coincidir con los demás documentos soporte -Actividad económica (Código CIIU); que debe coincidir con los demás documentos soporte');
INSERT RequisitoCajaClasificacion (rtsEstado,rtsRequisito,rtsClasificacion,rtsTipoTransaccion,rtsCajaCompensacion,rtsTextoAyuda) VALUES ('OBLIGATORIO',22,'PERSONA_NATURAL','ACTUALIZAR_DOCUMENTACION_AFILIADO_PRESENCIAL',1,'Se revisa: -Que sea legible la copia del documento -Sin tachones ni enmendaduras -Ampliada al 150% -Que el nombre y número de la cédula corresponda a la cédula del representante legal en el formulario y demás documentos soporte. -Si es cédula de extranjería que no esté vencida ni próxima a vencer');
INSERT RequisitoCajaClasificacion (rtsEstado,rtsRequisito,rtsClasificacion,rtsTipoTransaccion,rtsCajaCompensacion,rtsTextoAyuda) VALUES ('OBLIGATORIO',29,'PERSONA_NATURAL','ACTUALIZAR_DOCUMENTACION_AFILIADO_PRESENCIAL',1,'Se revisa: -Documento emitido por la entidad competente -Fecha de expedición no mayor a 90 días -Tipo y número de identificación del empleador,que deben coincidir con los demás documentos soporte -Razón social / Nombre del empleador,que debe coincidir con los demás documentos soporte -Fecha de constitución,que debe coincidir con los demás documentos soporte -Datos de identificación del representante legal,que deben coincidir con los demás documentos soporte -Objeto social -Si está acogido a los beneficios de Ley 1429 de 2010 ');
INSERT RequisitoCajaClasificacion (rtsEstado,rtsRequisito,rtsClasificacion,rtsTipoTransaccion,rtsCajaCompensacion,rtsTextoAyuda) VALUES ('OBLIGATORIO',40,'PERSONA_NATURAL','ACTUALIZAR_DOCUMENTACION_AFILIADO_PRESENCIAL',1,'Si el empleador presenta trabajadores para afiliar,se solicita este documento y se revisa: -Tipo y número de documento de identidad de los trabajadores -Nombres y apellidos de los trabajadores -Salario de cada uno de los trabajadores -Se indique que los salarios de los trabajadores son causados en el Departamento -Firma de aval del Contador y/o el Representante legal -Debe coincidir la información de esta nómina con la registrada en el formulario de solicitud de afiliación');
INSERT RequisitoCajaClasificacion (rtsEstado,rtsRequisito,rtsClasificacion,rtsTipoTransaccion,rtsCajaCompensacion,rtsTextoAyuda) VALUES ('OBLIGATORIO',42,'PERSONA_NATURAL','ACTUALIZAR_DOCUMENTACION_AFILIADO_PRESENCIAL',1,'En caso que el empleador se haya cambiado de Caja de Compensación dentro del mismo Departamento,se solicita este documento y se revisa: -Documento emitido por Caja de Compensación del mismo Departamento en el que conste el paz y salvo con dicha entidad -Fecha de expedición no mayor a 90 días -Tipo y número de identificación del empleador,que deben coincidir con los demás documentos soporte -Razón social / Nombre del empleador,que debe coincidir con los demás documentos soporte');
INSERT RequisitoCajaClasificacion (rtsEstado,rtsRequisito,rtsClasificacion,rtsTipoTransaccion,rtsCajaCompensacion,rtsTextoAyuda) VALUES ('OBLIGATORIO',22,'EMPLEADOR_DE_SERVICIO_DOMESTICO','ACTUALIZAR_DOCUMENTACION_AFILIADO_PRESENCIAL',1,'Se revisa: -Que sea legible la copia del documento -Sin tachones ni enmendaduras -Ampliada al 150% -Que el nombre y número de la cédula corresponda a la cédula del representante legal en el formulario y demás documentos soporte. -Si es cédula de extranjería que no esté vencida ni próxima a vencer');
INSERT RequisitoCajaClasificacion (rtsEstado,rtsRequisito,rtsClasificacion,rtsTipoTransaccion,rtsCajaCompensacion,rtsTextoAyuda) VALUES ('OBLIGATORIO',40,'EMPLEADOR_DE_SERVICIO_DOMESTICO','ACTUALIZAR_DOCUMENTACION_AFILIADO_PRESENCIAL',1,'Si el empleador presenta trabajadores para afiliar,se solicita este documento y se revisa: -Tipo y número de documento de identidad de los trabajadores -Nombres y apellidos de los trabajadores -Salario de cada uno de los trabajadores -Se indique que los salarios de los trabajadores son causados en el Departamento -Firma de aval del Contador y/o el Representante legal -Debe coincidir la información de esta nómina con la registrada en el formulario de solicitud de afiliación');
INSERT RequisitoCajaClasificacion (rtsEstado,rtsRequisito,rtsClasificacion,rtsTipoTransaccion,rtsCajaCompensacion,rtsTextoAyuda) VALUES ('OBLIGATORIO',42,'EMPLEADOR_DE_SERVICIO_DOMESTICO','ACTUALIZAR_DOCUMENTACION_AFILIADO_PRESENCIAL',1,'En caso que el empleador se haya cambiado de Caja de Compensación dentro del mismo Departamento,se solicita este documento y se revisa: -Documento emitido por Caja de Compensación del mismo Departamento en el que conste el paz y salvo con dicha entidad -Fecha de expedición no mayor a 90 días -Tipo y número de identificación del empleador,que deben coincidir con los demás documentos soporte -Razón social / Nombre del empleador,que debe coincidir con los demás documentos soporte');
INSERT RequisitoCajaClasificacion (rtsEstado,rtsRequisito,rtsClasificacion,rtsTipoTransaccion,rtsCajaCompensacion,rtsTextoAyuda) VALUES ('OBLIGATORIO',21,'PROPIEDAD_HORIZONTAL','ACTUALIZAR_DOCUMENTACION_AFILIADO_PRESENCIAL',1,'Se revisa: -Tipo y número de identificación del empleador,que deben coincidir con los demás documentos soporte -Razón social / Nombre del empleador,que debe coincidir con los demás documentos soporte -Actividad económica (Código CIIU); que debe coincidir con los demás documentos soporte');
INSERT RequisitoCajaClasificacion (rtsEstado,rtsRequisito,rtsClasificacion,rtsTipoTransaccion,rtsCajaCompensacion,rtsTextoAyuda) VALUES ('OBLIGATORIO',22,'PROPIEDAD_HORIZONTAL','ACTUALIZAR_DOCUMENTACION_AFILIADO_PRESENCIAL',1,'Se revisa: -Que sea legible la copia del documento -Sin tachones ni enmendaduras -Ampliada al 150% -Que el nombre y número de la cédula corresponda a la cédula del representante legal en el formulario y demás documentos soporte. -Si es cédula de extranjería que no esté vencida ni próxima a vencer');
INSERT RequisitoCajaClasificacion (rtsEstado,rtsRequisito,rtsClasificacion,rtsTipoTransaccion,rtsCajaCompensacion,rtsTextoAyuda) VALUES ('OBLIGATORIO',20,'PROPIEDAD_HORIZONTAL','ACTUALIZAR_DOCUMENTACION_AFILIADO_PRESENCIAL',1,'Se revisa: -Documento emitido por la entidad competente -Fecha de expedición no mayor a 90 días -Tipo y número de identificación del empleador,que deben coincidir con los demás documentos soporte -Razón social / Nombre del empleador,que debe coincidir con los demás documentos soporte -Fecha de constitución,que debe coincidir con los demás documentos soporte -Datos de identificación del representante legal,que deben coincidir con los demás documentos soporte -Objeto social');
INSERT RequisitoCajaClasificacion (rtsEstado,rtsRequisito,rtsClasificacion,rtsTipoTransaccion,rtsCajaCompensacion,rtsTextoAyuda) VALUES ('OBLIGATORIO',14,'PROPIEDAD_HORIZONTAL','ACTUALIZAR_DOCUMENTACION_AFILIADO_PRESENCIAL',1,'Se revisa: -Documento emitido por la misma entidad o una entidad competente (según el caso) -Tipo y número de identificación del empleador,que deben coincidir con los demás documentos soporte -Razón social / Nombre del empleador,que debe coincidir con los demás documentos soporte -Tipo y número de identificación del representante legal,deben coincidir con los demás documentos soporte -Nombres y apellidos del representante legal,deben coincidir con los demás documentos soporte');
INSERT RequisitoCajaClasificacion (rtsEstado,rtsRequisito,rtsClasificacion,rtsTipoTransaccion,rtsCajaCompensacion,rtsTextoAyuda) VALUES ('OBLIGATORIO',40,'PROPIEDAD_HORIZONTAL','ACTUALIZAR_DOCUMENTACION_AFILIADO_PRESENCIAL',1,'Si el empleador presenta trabajadores para afiliar,se solicita este documento y se revisa: -Tipo y número de documento de identidad de los trabajadores -Nombres y apellidos de los trabajadores -Salario de cada uno de los trabajadores -Se indique que los salarios de los trabajadores son causados en el Departamento -Firma de aval del Contador y/o el Representante legal -Debe coincidir la información de esta nómina con la registrada en el formulario de solicitud de afiliación');
INSERT RequisitoCajaClasificacion (rtsEstado,rtsRequisito,rtsClasificacion,rtsTipoTransaccion,rtsCajaCompensacion,rtsTextoAyuda) VALUES ('OBLIGATORIO',42,'PROPIEDAD_HORIZONTAL','ACTUALIZAR_DOCUMENTACION_AFILIADO_PRESENCIAL',1,'En caso que el empleador se haya cambiado de Caja de Compensación dentro del mismo Departamento,se solicita este documento y se revisa: -Documento emitido por Caja de Compensación del mismo Departamento en el que conste el paz y salvo con dicha entidad -Fecha de expedición no mayor a 90 días -Tipo y número de identificación del empleador,que deben coincidir con los demás documentos soporte -Razón social / Nombre del empleador,que debe coincidir con los demás documentos soporte');
INSERT RequisitoCajaClasificacion (rtsEstado,rtsRequisito,rtsClasificacion,rtsTipoTransaccion,rtsCajaCompensacion,rtsTextoAyuda) VALUES ('OBLIGATORIO',21,'COOPERATIVA_O_PRECOOPERATIVA_DE_TRABAJO_ASOCIADO','ACTUALIZAR_DOCUMENTACION_AFILIADO_PRESENCIAL',1,'Se revisa: -Tipo y número de identificación del empleador,que deben coincidir con los demás documentos soporte -Razón social / Nombre del empleador,que debe coincidir con los demás documentos soporte -Actividad económica (Código CIIU); que debe coincidir con los demás documentos soporte');
INSERT RequisitoCajaClasificacion (rtsEstado,rtsRequisito,rtsClasificacion,rtsTipoTransaccion,rtsCajaCompensacion,rtsTextoAyuda) VALUES ('OBLIGATORIO',29,'COOPERATIVA_O_PRECOOPERATIVA_DE_TRABAJO_ASOCIADO','ACTUALIZAR_DOCUMENTACION_AFILIADO_PRESENCIAL',1,'Se revisa: -Documento emitido por la entidad competente -Fecha de expedición no mayor a 90 días -Tipo y número de identificación del empleador,que deben coincidir con los demás documentos soporte -Razón social / Nombre del empleador,que debe coincidir con los demás documentos soporte -Fecha de constitución,que debe coincidir con los demás documentos soporte -Datos de identificación del representante legal,que deben coincidir con los demás documentos soporte -Objeto social -Si está acogido a los beneficios de Ley 1429 de 2010 ');
INSERT RequisitoCajaClasificacion (rtsEstado,rtsRequisito,rtsClasificacion,rtsTipoTransaccion,rtsCajaCompensacion,rtsTextoAyuda) VALUES ('OBLIGATORIO',26,'COOPERATIVA_O_PRECOOPERATIVA_DE_TRABAJO_ASOCIADO','ACTUALIZAR_DOCUMENTACION_AFILIADO_PRESENCIAL',1,'Copia de la resolución del Ministerio de la Protección Social (o Trabajo) en la que fueron aprobados los regímenes de compensaciones y de trabajo asociado Se revisa: -Tipo y número de identificación del empleador,que deben coincidir con los demás documentos soporte -Razón social / Nombre del empleador,que debe coincidir con los demás documentos soporte -Que los regímenes de compensaciones y de trabajo asociado estén autorizados');
INSERT RequisitoCajaClasificacion (rtsEstado,rtsRequisito,rtsClasificacion,rtsTipoTransaccion,rtsCajaCompensacion,rtsTextoAyuda) VALUES ('OBLIGATORIO',16,'COOPERATIVA_O_PRECOOPERATIVA_DE_TRABAJO_ASOCIADO','ACTUALIZAR_DOCUMENTACION_AFILIADO_PRESENCIAL',1,'Se revisa: -Tipo y número de identificación del empleador,que deben coincidir con los demás documentos soporte -Razón social / Nombre del empleador,que debe coincidir con los demás documentos soporte -Constancia de la facultad de afiliarse a una Caja de Compensación Familiar');
INSERT RequisitoCajaClasificacion (rtsEstado,rtsRequisito,rtsClasificacion,rtsTipoTransaccion,rtsCajaCompensacion,rtsTextoAyuda) VALUES ('OBLIGATORIO',41,'COOPERATIVA_O_PRECOOPERATIVA_DE_TRABAJO_ASOCIADO','ACTUALIZAR_DOCUMENTACION_AFILIADO_PRESENCIAL',1,'Se revisa: -Tipo y número de documento de identidad de los cooperados -Nombres y apellidos de los cooperados -Compensación de cada uno de los cooperados -Firma de aval del Contador y/o el Representante legal -Debe coincidir la información de este documento con la registrada en el formulario de solicitud de afiliación');
INSERT RequisitoCajaClasificacion (rtsEstado,rtsRequisito,rtsClasificacion,rtsTipoTransaccion,rtsCajaCompensacion,rtsTextoAyuda) VALUES ('OBLIGATORIO',42,'COOPERATIVA_O_PRECOOPERATIVA_DE_TRABAJO_ASOCIADO','ACTUALIZAR_DOCUMENTACION_AFILIADO_PRESENCIAL',1,'En caso que el empleador se haya cambiado de Caja de Compensación dentro del mismo Departamento,se solicita este documento y se revisa: -Documento emitido por Caja de Compensación del mismo Departamento en el que conste el paz y salvo con dicha entidad -Fecha de expedición no mayor a 90 días -Tipo y número de identificación del empleador,que deben coincidir con los demás documentos soporte -Razón social / Nombre del empleador,que debe coincidir con los demás documentos soporte');
INSERT RequisitoCajaClasificacion (rtsEstado,rtsRequisito,rtsClasificacion,rtsTipoTransaccion,rtsCajaCompensacion,rtsTextoAyuda) VALUES ('OBLIGATORIO',22,'COOPERATIVA_O_PRECOOPERATIVA_DE_TRABAJO_ASOCIADO','ACTUALIZAR_DOCUMENTACION_AFILIADO_PRESENCIAL',1,'Se revisa: -Que sea legible la copia del documento -Sin tachones ni enmendaduras -Ampliada al 150% -Que el nombre y número de la cédula corresponda a la cédula del representante legal en el formulario y demás documentos soporte. -Si es cédula de extranjería que no esté vencida ni próxima a vencer');
INSERT RequisitoCajaClasificacion (rtsEstado,rtsRequisito,rtsClasificacion,rtsTipoTransaccion,rtsCajaCompensacion,rtsTextoAyuda) VALUES ('OBLIGATORIO',21,'ENTIDAD_SIN_ANIMO_DE_LUCRO','ACTUALIZAR_DOCUMENTACION_AFILIADO_PRESENCIAL',1,'Se revisa: -Tipo y número de identificación del empleador,que deben coincidir con los demás documentos soporte -Razón social / Nombre del empleador,que debe coincidir con los demás documentos soporte -Actividad económica (Código CIIU); que debe coincidir con los demás documentos soporte');
INSERT RequisitoCajaClasificacion (rtsEstado,rtsRequisito,rtsClasificacion,rtsTipoTransaccion,rtsCajaCompensacion,rtsTextoAyuda) VALUES ('OBLIGATORIO',22,'ENTIDAD_SIN_ANIMO_DE_LUCRO','ACTUALIZAR_DOCUMENTACION_AFILIADO_PRESENCIAL',1,'Se revisa: -Que sea legible la copia del documento -Sin tachones ni enmendaduras -Ampliada al 150% -Que el nombre y número de la cédula corresponda a la cédula del representante legal en el formulario y demás documentos soporte. -Si es cédula de extranjería que no esté vencida ni próxima a vencer');
INSERT RequisitoCajaClasificacion (rtsEstado,rtsRequisito,rtsClasificacion,rtsTipoTransaccion,rtsCajaCompensacion,rtsTextoAyuda) VALUES ('OBLIGATORIO',29,'ENTIDAD_SIN_ANIMO_DE_LUCRO','ACTUALIZAR_DOCUMENTACION_AFILIADO_PRESENCIAL',1,'Se revisa: -Documento emitido por la entidad competente -Fecha de expedición no mayor a 90 días -Tipo y número de identificación del empleador,que deben coincidir con los demás documentos soporte -Razón social / Nombre del empleador,que debe coincidir con los demás documentos soporte -Fecha de constitución,que debe coincidir con los demás documentos soporte -Datos de identificación del representante legal,que deben coincidir con los demás documentos soporte -Objeto social -Si está acogido a los beneficios de Ley 1429 de 2010 ');
INSERT RequisitoCajaClasificacion (rtsEstado,rtsRequisito,rtsClasificacion,rtsTipoTransaccion,rtsCajaCompensacion,rtsTextoAyuda) VALUES ('OBLIGATORIO',40,'ENTIDAD_SIN_ANIMO_DE_LUCRO','ACTUALIZAR_DOCUMENTACION_AFILIADO_PRESENCIAL',1,'Si el empleador presenta trabajadores para afiliar,se solicita este documento y se revisa: -Tipo y número de documento de identidad de los trabajadores -Nombres y apellidos de los trabajadores -Salario de cada uno de los trabajadores -Se indique que los salarios de los trabajadores son causados en el Departamento -Firma de aval del Contador y/o el Representante legal -Debe coincidir la información de esta nómina con la registrada en el formulario de solicitud de afiliación');
INSERT RequisitoCajaClasificacion (rtsEstado,rtsRequisito,rtsClasificacion,rtsTipoTransaccion,rtsCajaCompensacion,rtsTextoAyuda) VALUES ('OBLIGATORIO',42,'ENTIDAD_SIN_ANIMO_DE_LUCRO','ACTUALIZAR_DOCUMENTACION_AFILIADO_PRESENCIAL',1,'En caso que el empleador se haya cambiado de Caja de Compensación dentro del mismo Departamento,se solicita este documento y se revisa: -Documento emitido por Caja de Compensación del mismo Departamento en el que conste el paz y salvo con dicha entidad -Fecha de expedición no mayor a 90 días -Tipo y número de identificación del empleador,que deben coincidir con los demás documentos soporte -Razón social / Nombre del empleador,que debe coincidir con los demás documentos soporte');
INSERT RequisitoCajaClasificacion (rtsEstado,rtsRequisito,rtsClasificacion,rtsTipoTransaccion,rtsCajaCompensacion,rtsTextoAyuda) VALUES ('OBLIGATORIO',21,'ORGANIZACION_RELIGIOSA_O_PARROQUIA','ACTUALIZAR_DOCUMENTACION_AFILIADO_PRESENCIAL',1,'Se revisa: -Tipo y número de identificación del empleador,que deben coincidir con los demás documentos soporte -Razón social / Nombre del empleador,que debe coincidir con los demás documentos soporte -Actividad económica (Código CIIU); que debe coincidir con los demás documentos soporte');
INSERT RequisitoCajaClasificacion (rtsEstado,rtsRequisito,rtsClasificacion,rtsTipoTransaccion,rtsCajaCompensacion,rtsTextoAyuda) VALUES ('OBLIGATORIO',22,'ORGANIZACION_RELIGIOSA_O_PARROQUIA','ACTUALIZAR_DOCUMENTACION_AFILIADO_PRESENCIAL',1,'Se revisa: -Que sea legible la copia del documento -Sin tachones ni enmendaduras -Ampliada al 150% -Que el nombre y número de la cédula corresponda a la cédula del representante legal en el formulario y demás documentos soporte. -Si es cédula de extranjería que no esté vencida ni próxima a vencer');
INSERT RequisitoCajaClasificacion (rtsEstado,rtsRequisito,rtsClasificacion,rtsTipoTransaccion,rtsCajaCompensacion,rtsTextoAyuda) VALUES ('OBLIGATORIO',29,'ORGANIZACION_RELIGIOSA_O_PARROQUIA','ACTUALIZAR_DOCUMENTACION_AFILIADO_PRESENCIAL',1,'Se revisa: -Documento emitido por la entidad competente -Fecha de expedición no mayor a 90 días -Tipo y número de identificación del empleador,que deben coincidir con los demás documentos soporte -Razón social / Nombre del empleador,que debe coincidir con los demás documentos soporte -Fecha de constitución,que debe coincidir con los demás documentos soporte -Datos de identificación del representante legal,que deben coincidir con los demás documentos soporte -Objeto social -Si está acogido a los beneficios de Ley 1429 de 2010 ');
INSERT RequisitoCajaClasificacion (rtsEstado,rtsRequisito,rtsClasificacion,rtsTipoTransaccion,rtsCajaCompensacion,rtsTextoAyuda) VALUES ('OBLIGATORIO',40,'ORGANIZACION_RELIGIOSA_O_PARROQUIA','ACTUALIZAR_DOCUMENTACION_AFILIADO_PRESENCIAL',1,'Si el empleador presenta trabajadores para afiliar,se solicita este documento y se revisa: -Tipo y número de documento de identidad de los trabajadores -Nombres y apellidos de los trabajadores -Salario de cada uno de los trabajadores -Se indique que los salarios de los trabajadores son causados en el Departamento -Firma de aval del Contador y/o el Representante legal -Debe coincidir la información de esta nómina con la registrada en el formulario de solicitud de afiliación');
INSERT RequisitoCajaClasificacion (rtsEstado,rtsRequisito,rtsClasificacion,rtsTipoTransaccion,rtsCajaCompensacion,rtsTextoAyuda) VALUES ('OBLIGATORIO',42,'ORGANIZACION_RELIGIOSA_O_PARROQUIA','ACTUALIZAR_DOCUMENTACION_AFILIADO_PRESENCIAL',1,'En caso que el empleador se haya cambiado de Caja de Compensación dentro del mismo Departamento,se solicita este documento y se revisa: -Documento emitido por Caja de Compensación del mismo Departamento en el que conste el paz y salvo con dicha entidad -Fecha de expedición no mayor a 90 días -Tipo y número de identificación del empleador,que deben coincidir con los demás documentos soporte -Razón social / Nombre del empleador,que debe coincidir con los demás documentos soporte');
INSERT RequisitoCajaClasificacion (rtsEstado,rtsRequisito,rtsClasificacion,rtsTipoTransaccion,rtsCajaCompensacion,rtsTextoAyuda) VALUES ('OBLIGATORIO',21,'PERSONA_JURIDICA','ACTUALIZAR_DOCUMENTACION_AFILIADO_WEB',1,'Se revisa: -Tipo y número de identificación del empleador,que deben coincidir con los demás documentos soporte -Razón social / Nombre del empleador,que debe coincidir con los demás documentos soporte -Actividad económica (Código CIIU); que debe coincidir con los demás documentos soporte');
INSERT RequisitoCajaClasificacion (rtsEstado,rtsRequisito,rtsClasificacion,rtsTipoTransaccion,rtsCajaCompensacion,rtsTextoAyuda) VALUES ('OBLIGATORIO',22,'PERSONA_JURIDICA','ACTUALIZAR_DOCUMENTACION_AFILIADO_WEB',1,'Se revisa: -Que sea legible la copia del documento -Sin tachones ni enmendaduras -Ampliada al 150% -Que el nombre y número de la cédula corresponda a la cédula del representante legal en el formulario y demás documentos soporte. -Si es cédula de extranjería que no esté vencida ni próxima a vencer');
INSERT RequisitoCajaClasificacion (rtsEstado,rtsRequisito,rtsClasificacion,rtsTipoTransaccion,rtsCajaCompensacion,rtsTextoAyuda) VALUES ('OBLIGATORIO',29,'PERSONA_JURIDICA','ACTUALIZAR_DOCUMENTACION_AFILIADO_WEB',1,'Se revisa: -Documento emitido por la entidad competente -Fecha de expedición no mayor a 90 días -Tipo y número de identificación del empleador,que deben coincidir con los demás documentos soporte -Razón social / Nombre del empleador,que debe coincidir con los demás documentos soporte -Fecha de constitución,que debe coincidir con los demás documentos soporte -Datos de identificación del representante legal,que deben coincidir con los demás documentos soporte -Objeto social -Si está acogido a los beneficios de Ley 1429 de 2010 ');
INSERT RequisitoCajaClasificacion (rtsEstado,rtsRequisito,rtsClasificacion,rtsTipoTransaccion,rtsCajaCompensacion,rtsTextoAyuda) VALUES ('OBLIGATORIO',1,'PERSONA_JURIDICA','ACTUALIZAR_DOCUMENTACION_AFILIADO_WEB',1,'Para el caso de entidades (públicas y privadas) cuyos representantes legales sean elegidos por voto popular,o acto administrativo de nombramiento,se solicita este documento y se revisa: -Documento emitido por la misma entidad o una entidad competente (según el caso) -Tipo y número de identificación del empleador,que deben coincidir con los demás documentos soporte -Razón social / Nombre del empleador,que debe coincidir con los demás documentos soporte -Tipo y número de identificación del representante legal,deben coincidir con los demás documentos soporte -Nombres y apellidos del representante legal,deben coincidir con los demás documentos soporte');
INSERT RequisitoCajaClasificacion (rtsEstado,rtsRequisito,rtsClasificacion,rtsTipoTransaccion,rtsCajaCompensacion,rtsTextoAyuda) VALUES ('OBLIGATORIO',40,'PERSONA_JURIDICA','ACTUALIZAR_DOCUMENTACION_AFILIADO_WEB',1,'Si el empleador presenta trabajadores para afiliar,se solicita este documento y se revisa: -Tipo y número de documento de identidad de los trabajadores -Nombres y apellidos de los trabajadores -Salario de cada uno de los trabajadores -Se indique que los salarios de los trabajadores son causados en el Departamento -Firma de aval del Contador y/o el Representante legal -Debe coincidir la información de esta nómina con la registrada en el formulario de solicitud de afiliación');
INSERT RequisitoCajaClasificacion (rtsEstado,rtsRequisito,rtsClasificacion,rtsTipoTransaccion,rtsCajaCompensacion,rtsTextoAyuda) VALUES ('OBLIGATORIO',42,'PERSONA_JURIDICA','ACTUALIZAR_DOCUMENTACION_AFILIADO_WEB',1,'En caso que el empleador se haya cambiado de Caja de Compensación dentro del mismo Departamento,se solicita este documento y se revisa: -Documento emitido por Caja de Compensación del mismo Departamento en el que conste el paz y salvo con dicha entidad -Fecha de expedición no mayor a 90 días -Tipo y número de identificación del empleador,que deben coincidir con los demás documentos soporte -Razón social / Nombre del empleador,que debe coincidir con los demás documentos soporte');
INSERT RequisitoCajaClasificacion (rtsEstado,rtsRequisito,rtsClasificacion,rtsTipoTransaccion,rtsCajaCompensacion,rtsTextoAyuda) VALUES ('OBLIGATORIO',23,'PERSONA_JURIDICA','ACTUALIZAR_DOCUMENTACION_AFILIADO_WEB',1,'Copia del memorial entregado a la DIAN Después de 2009: RUT');
INSERT RequisitoCajaClasificacion (rtsEstado,rtsRequisito,rtsClasificacion,rtsTipoTransaccion,rtsCajaCompensacion,rtsTextoAyuda) VALUES ('OBLIGATORIO',21,'PERSONA_NATURAL','ACTUALIZAR_DOCUMENTACION_AFILIADO_WEB',1,'Se revisa: -Tipo y número de identificación del empleador,que deben coincidir con los demás documentos soporte -Razón social / Nombre del empleador,que debe coincidir con los demás documentos soporte -Actividad económica (Código CIIU); que debe coincidir con los demás documentos soporte');
INSERT RequisitoCajaClasificacion (rtsEstado,rtsRequisito,rtsClasificacion,rtsTipoTransaccion,rtsCajaCompensacion,rtsTextoAyuda) VALUES ('OBLIGATORIO',22,'PERSONA_NATURAL','ACTUALIZAR_DOCUMENTACION_AFILIADO_WEB',1,'Se revisa: -Que sea legible la copia del documento -Sin tachones ni enmendaduras -Ampliada al 150% -Que el nombre y número de la cédula corresponda a la cédula del representante legal en el formulario y demás documentos soporte. -Si es cédula de extranjería que no esté vencida ni próxima a vencer');
INSERT RequisitoCajaClasificacion (rtsEstado,rtsRequisito,rtsClasificacion,rtsTipoTransaccion,rtsCajaCompensacion,rtsTextoAyuda) VALUES ('OBLIGATORIO',29,'PERSONA_NATURAL','ACTUALIZAR_DOCUMENTACION_AFILIADO_WEB',1,'Se revisa: -Documento emitido por la entidad competente -Fecha de expedición no mayor a 90 días -Tipo y número de identificación del empleador,que deben coincidir con los demás documentos soporte -Razón social / Nombre del empleador,que debe coincidir con los demás documentos soporte -Fecha de constitución,que debe coincidir con los demás documentos soporte -Datos de identificación del representante legal,que deben coincidir con los demás documentos soporte -Objeto social -Si está acogido a los beneficios de Ley 1429 de 2010 ');
INSERT RequisitoCajaClasificacion (rtsEstado,rtsRequisito,rtsClasificacion,rtsTipoTransaccion,rtsCajaCompensacion,rtsTextoAyuda) VALUES ('OBLIGATORIO',40,'PERSONA_NATURAL','ACTUALIZAR_DOCUMENTACION_AFILIADO_WEB',1,'Si el empleador presenta trabajadores para afiliar,se solicita este documento y se revisa: -Tipo y número de documento de identidad de los trabajadores -Nombres y apellidos de los trabajadores -Salario de cada uno de los trabajadores -Se indique que los salarios de los trabajadores son causados en el Departamento -Firma de aval del Contador y/o el Representante legal -Debe coincidir la información de esta nómina con la registrada en el formulario de solicitud de afiliación');
INSERT RequisitoCajaClasificacion (rtsEstado,rtsRequisito,rtsClasificacion,rtsTipoTransaccion,rtsCajaCompensacion,rtsTextoAyuda) VALUES ('OBLIGATORIO',42,'PERSONA_NATURAL','ACTUALIZAR_DOCUMENTACION_AFILIADO_WEB',1,'En caso que el empleador se haya cambiado de Caja de Compensación dentro del mismo Departamento,se solicita este documento y se revisa: -Documento emitido por Caja de Compensación del mismo Departamento en el que conste el paz y salvo con dicha entidad -Fecha de expedición no mayor a 90 días -Tipo y número de identificación del empleador,que deben coincidir con los demás documentos soporte -Razón social / Nombre del empleador,que debe coincidir con los demás documentos soporte');
INSERT RequisitoCajaClasificacion (rtsEstado,rtsRequisito,rtsClasificacion,rtsTipoTransaccion,rtsCajaCompensacion,rtsTextoAyuda) VALUES ('OBLIGATORIO',22,'EMPLEADOR_DE_SERVICIO_DOMESTICO','ACTUALIZAR_DOCUMENTACION_AFILIADO_WEB',1,'Se revisa: -Que sea legible la copia del documento -Sin tachones ni enmendaduras -Ampliada al 150% -Que el nombre y número de la cédula corresponda a la cédula del representante legal en el formulario y demás documentos soporte. -Si es cédula de extranjería que no esté vencida ni próxima a vencer');
INSERT RequisitoCajaClasificacion (rtsEstado,rtsRequisito,rtsClasificacion,rtsTipoTransaccion,rtsCajaCompensacion,rtsTextoAyuda) VALUES ('OBLIGATORIO',40,'EMPLEADOR_DE_SERVICIO_DOMESTICO','ACTUALIZAR_DOCUMENTACION_AFILIADO_WEB',1,'Si el empleador presenta trabajadores para afiliar,se solicita este documento y se revisa: -Tipo y número de documento de identidad de los trabajadores -Nombres y apellidos de los trabajadores -Salario de cada uno de los trabajadores -Se indique que los salarios de los trabajadores son causados en el Departamento -Firma de aval del Contador y/o el Representante legal -Debe coincidir la información de esta nómina con la registrada en el formulario de solicitud de afiliación');
INSERT RequisitoCajaClasificacion (rtsEstado,rtsRequisito,rtsClasificacion,rtsTipoTransaccion,rtsCajaCompensacion,rtsTextoAyuda) VALUES ('OBLIGATORIO',42,'EMPLEADOR_DE_SERVICIO_DOMESTICO','ACTUALIZAR_DOCUMENTACION_AFILIADO_WEB',1,'En caso que el empleador se haya cambiado de Caja de Compensación dentro del mismo Departamento,se solicita este documento y se revisa: -Documento emitido por Caja de Compensación del mismo Departamento en el que conste el paz y salvo con dicha entidad -Fecha de expedición no mayor a 90 días -Tipo y número de identificación del empleador,que deben coincidir con los demás documentos soporte -Razón social / Nombre del empleador,que debe coincidir con los demás documentos soporte');
INSERT RequisitoCajaClasificacion (rtsEstado,rtsRequisito,rtsClasificacion,rtsTipoTransaccion,rtsCajaCompensacion,rtsTextoAyuda) VALUES ('OBLIGATORIO',21,'PROPIEDAD_HORIZONTAL','ACTUALIZAR_DOCUMENTACION_AFILIADO_WEB',1,'Se revisa: -Tipo y número de identificación del empleador,que deben coincidir con los demás documentos soporte -Razón social / Nombre del empleador,que debe coincidir con los demás documentos soporte -Actividad económica (Código CIIU); que debe coincidir con los demás documentos soporte');
INSERT RequisitoCajaClasificacion (rtsEstado,rtsRequisito,rtsClasificacion,rtsTipoTransaccion,rtsCajaCompensacion,rtsTextoAyuda) VALUES ('OBLIGATORIO',22,'PROPIEDAD_HORIZONTAL','ACTUALIZAR_DOCUMENTACION_AFILIADO_WEB',1,'Se revisa: -Que sea legible la copia del documento -Sin tachones ni enmendaduras -Ampliada al 150% -Que el nombre y número de la cédula corresponda a la cédula del representante legal en el formulario y demás documentos soporte. -Si es cédula de extranjería que no esté vencida ni próxima a vencer');
INSERT RequisitoCajaClasificacion (rtsEstado,rtsRequisito,rtsClasificacion,rtsTipoTransaccion,rtsCajaCompensacion,rtsTextoAyuda) VALUES ('OBLIGATORIO',20,'PROPIEDAD_HORIZONTAL','ACTUALIZAR_DOCUMENTACION_AFILIADO_WEB',1,'Se revisa: -Documento emitido por la entidad competente -Fecha de expedición no mayor a 90 días -Tipo y número de identificación del empleador,que deben coincidir con los demás documentos soporte -Razón social / Nombre del empleador,que debe coincidir con los demás documentos soporte -Fecha de constitución,que debe coincidir con los demás documentos soporte -Datos de identificación del representante legal,que deben coincidir con los demás documentos soporte -Objeto social');
INSERT RequisitoCajaClasificacion (rtsEstado,rtsRequisito,rtsClasificacion,rtsTipoTransaccion,rtsCajaCompensacion,rtsTextoAyuda) VALUES ('OBLIGATORIO',14,'PROPIEDAD_HORIZONTAL','ACTUALIZAR_DOCUMENTACION_AFILIADO_WEB',1,'Se revisa: -Documento emitido por la misma entidad o una entidad competente (según el caso) -Tipo y número de identificación del empleador,que deben coincidir con los demás documentos soporte -Razón social / Nombre del empleador,que debe coincidir con los demás documentos soporte -Tipo y número de identificación del representante legal,deben coincidir con los demás documentos soporte -Nombres y apellidos del representante legal,deben coincidir con los demás documentos soporte');
INSERT RequisitoCajaClasificacion (rtsEstado,rtsRequisito,rtsClasificacion,rtsTipoTransaccion,rtsCajaCompensacion,rtsTextoAyuda) VALUES ('OBLIGATORIO',40,'PROPIEDAD_HORIZONTAL','ACTUALIZAR_DOCUMENTACION_AFILIADO_WEB',1,'Si el empleador presenta trabajadores para afiliar,se solicita este documento y se revisa: -Tipo y número de documento de identidad de los trabajadores -Nombres y apellidos de los trabajadores -Salario de cada uno de los trabajadores -Se indique que los salarios de los trabajadores son causados en el Departamento -Firma de aval del Contador y/o el Representante legal -Debe coincidir la información de esta nómina con la registrada en el formulario de solicitud de afiliación');
INSERT RequisitoCajaClasificacion (rtsEstado,rtsRequisito,rtsClasificacion,rtsTipoTransaccion,rtsCajaCompensacion,rtsTextoAyuda) VALUES ('OBLIGATORIO',42,'PROPIEDAD_HORIZONTAL','ACTUALIZAR_DOCUMENTACION_AFILIADO_WEB',1,'En caso que el empleador se haya cambiado de Caja de Compensación dentro del mismo Departamento,se solicita este documento y se revisa: -Documento emitido por Caja de Compensación del mismo Departamento en el que conste el paz y salvo con dicha entidad -Fecha de expedición no mayor a 90 días -Tipo y número de identificación del empleador,que deben coincidir con los demás documentos soporte -Razón social / Nombre del empleador,que debe coincidir con los demás documentos soporte');
INSERT RequisitoCajaClasificacion (rtsEstado,rtsRequisito,rtsClasificacion,rtsTipoTransaccion,rtsCajaCompensacion,rtsTextoAyuda) VALUES ('OBLIGATORIO',21,'COOPERATIVA_O_PRECOOPERATIVA_DE_TRABAJO_ASOCIADO','ACTUALIZAR_DOCUMENTACION_AFILIADO_WEB',1,'Se revisa: -Tipo y número de identificación del empleador,que deben coincidir con los demás documentos soporte -Razón social / Nombre del empleador,que debe coincidir con los demás documentos soporte -Actividad económica (Código CIIU); que debe coincidir con los demás documentos soporte');
INSERT RequisitoCajaClasificacion (rtsEstado,rtsRequisito,rtsClasificacion,rtsTipoTransaccion,rtsCajaCompensacion,rtsTextoAyuda) VALUES ('OBLIGATORIO',29,'COOPERATIVA_O_PRECOOPERATIVA_DE_TRABAJO_ASOCIADO','ACTUALIZAR_DOCUMENTACION_AFILIADO_WEB',1,'Se revisa: -Documento emitido por la entidad competente -Fecha de expedición no mayor a 90 días -Tipo y número de identificación del empleador,que deben coincidir con los demás documentos soporte -Razón social / Nombre del empleador,que debe coincidir con los demás documentos soporte -Fecha de constitución,que debe coincidir con los demás documentos soporte -Datos de identificación del representante legal,que deben coincidir con los demás documentos soporte -Objeto social -Si está acogido a los beneficios de Ley 1429 de 2010 ');
INSERT RequisitoCajaClasificacion (rtsEstado,rtsRequisito,rtsClasificacion,rtsTipoTransaccion,rtsCajaCompensacion,rtsTextoAyuda) VALUES ('OBLIGATORIO',26,'COOPERATIVA_O_PRECOOPERATIVA_DE_TRABAJO_ASOCIADO','ACTUALIZAR_DOCUMENTACION_AFILIADO_WEB',1,'Copia de la resolución del Ministerio de la Protección Social (o Trabajo) en la que fueron aprobados los regímenes de compensaciones y de trabajo asociado Se revisa: -Tipo y número de identificación del empleador,que deben coincidir con los demás documentos soporte -Razón social / Nombre del empleador,que debe coincidir con los demás documentos soporte -Que los regímenes de compensaciones y de trabajo asociado estén autorizados');
INSERT RequisitoCajaClasificacion (rtsEstado,rtsRequisito,rtsClasificacion,rtsTipoTransaccion,rtsCajaCompensacion,rtsTextoAyuda) VALUES ('OBLIGATORIO',16,'COOPERATIVA_O_PRECOOPERATIVA_DE_TRABAJO_ASOCIADO','ACTUALIZAR_DOCUMENTACION_AFILIADO_WEB',1,'Se revisa: -Tipo y número de identificación del empleador,que deben coincidir con los demás documentos soporte -Razón social / Nombre del empleador,que debe coincidir con los demás documentos soporte -Constancia de la facultad de afiliarse a una Caja de Compensación Familiar');
INSERT RequisitoCajaClasificacion (rtsEstado,rtsRequisito,rtsClasificacion,rtsTipoTransaccion,rtsCajaCompensacion,rtsTextoAyuda) VALUES ('OBLIGATORIO',41,'COOPERATIVA_O_PRECOOPERATIVA_DE_TRABAJO_ASOCIADO','ACTUALIZAR_DOCUMENTACION_AFILIADO_WEB',1,'Se revisa: -Tipo y número de documento de identidad de los cooperados -Nombres y apellidos de los cooperados -Compensación de cada uno de los cooperados -Firma de aval del Contador y/o el Representante legal -Debe coincidir la información de este documento con la registrada en el formulario de solicitud de afiliación');
INSERT RequisitoCajaClasificacion (rtsEstado,rtsRequisito,rtsClasificacion,rtsTipoTransaccion,rtsCajaCompensacion,rtsTextoAyuda) VALUES ('OBLIGATORIO',42,'COOPERATIVA_O_PRECOOPERATIVA_DE_TRABAJO_ASOCIADO','ACTUALIZAR_DOCUMENTACION_AFILIADO_WEB',1,'En caso que el empleador se haya cambiado de Caja de Compensación dentro del mismo Departamento,se solicita este documento y se revisa: -Documento emitido por Caja de Compensación del mismo Departamento en el que conste el paz y salvo con dicha entidad -Fecha de expedición no mayor a 90 días -Tipo y número de identificación del empleador,que deben coincidir con los demás documentos soporte -Razón social / Nombre del empleador,que debe coincidir con los demás documentos soporte');
INSERT RequisitoCajaClasificacion (rtsEstado,rtsRequisito,rtsClasificacion,rtsTipoTransaccion,rtsCajaCompensacion,rtsTextoAyuda) VALUES ('OBLIGATORIO',22,'COOPERATIVA_O_PRECOOPERATIVA_DE_TRABAJO_ASOCIADO','ACTUALIZAR_DOCUMENTACION_AFILIADO_WEB',1,'Se revisa: -Que sea legible la copia del documento -Sin tachones ni enmendaduras -Ampliada al 150% -Que el nombre y número de la cédula corresponda a la cédula del representante legal en el formulario y demás documentos soporte. -Si es cédula de extranjería que no esté vencida ni próxima a vencer');
INSERT RequisitoCajaClasificacion (rtsEstado,rtsRequisito,rtsClasificacion,rtsTipoTransaccion,rtsCajaCompensacion,rtsTextoAyuda) VALUES ('OBLIGATORIO',21,'ENTIDAD_SIN_ANIMO_DE_LUCRO','ACTUALIZAR_DOCUMENTACION_AFILIADO_WEB',1,'Se revisa: -Tipo y número de identificación del empleador,que deben coincidir con los demás documentos soporte -Razón social / Nombre del empleador,que debe coincidir con los demás documentos soporte -Actividad económica (Código CIIU); que debe coincidir con los demás documentos soporte');
INSERT RequisitoCajaClasificacion (rtsEstado,rtsRequisito,rtsClasificacion,rtsTipoTransaccion,rtsCajaCompensacion,rtsTextoAyuda) VALUES ('OBLIGATORIO',22,'ENTIDAD_SIN_ANIMO_DE_LUCRO','ACTUALIZAR_DOCUMENTACION_AFILIADO_WEB',1,'Se revisa: -Que sea legible la copia del documento -Sin tachones ni enmendaduras -Ampliada al 150% -Que el nombre y número de la cédula corresponda a la cédula del representante legal en el formulario y demás documentos soporte. -Si es cédula de extranjería que no esté vencida ni próxima a vencer');
INSERT RequisitoCajaClasificacion (rtsEstado,rtsRequisito,rtsClasificacion,rtsTipoTransaccion,rtsCajaCompensacion,rtsTextoAyuda) VALUES ('OBLIGATORIO',29,'ENTIDAD_SIN_ANIMO_DE_LUCRO','ACTUALIZAR_DOCUMENTACION_AFILIADO_WEB',1,'Se revisa: -Documento emitido por la entidad competente -Fecha de expedición no mayor a 90 días -Tipo y número de identificación del empleador,que deben coincidir con los demás documentos soporte -Razón social / Nombre del empleador,que debe coincidir con los demás documentos soporte -Fecha de constitución,que debe coincidir con los demás documentos soporte -Datos de identificación del representante legal,que deben coincidir con los demás documentos soporte -Objeto social -Si está acogido a los beneficios de Ley 1429 de 2010 ');
INSERT RequisitoCajaClasificacion (rtsEstado,rtsRequisito,rtsClasificacion,rtsTipoTransaccion,rtsCajaCompensacion,rtsTextoAyuda) VALUES ('OBLIGATORIO',40,'ENTIDAD_SIN_ANIMO_DE_LUCRO','ACTUALIZAR_DOCUMENTACION_AFILIADO_WEB',1,'Si el empleador presenta trabajadores para afiliar,se solicita este documento y se revisa: -Tipo y número de documento de identidad de los trabajadores -Nombres y apellidos de los trabajadores -Salario de cada uno de los trabajadores -Se indique que los salarios de los trabajadores son causados en el Departamento -Firma de aval del Contador y/o el Representante legal -Debe coincidir la información de esta nómina con la registrada en el formulario de solicitud de afiliación');
INSERT RequisitoCajaClasificacion (rtsEstado,rtsRequisito,rtsClasificacion,rtsTipoTransaccion,rtsCajaCompensacion,rtsTextoAyuda) VALUES ('OBLIGATORIO',42,'ENTIDAD_SIN_ANIMO_DE_LUCRO','ACTUALIZAR_DOCUMENTACION_AFILIADO_WEB',1,'En caso que el empleador se haya cambiado de Caja de Compensación dentro del mismo Departamento,se solicita este documento y se revisa: -Documento emitido por Caja de Compensación del mismo Departamento en el que conste el paz y salvo con dicha entidad -Fecha de expedición no mayor a 90 días -Tipo y número de identificación del empleador,que deben coincidir con los demás documentos soporte -Razón social / Nombre del empleador,que debe coincidir con los demás documentos soporte');
INSERT RequisitoCajaClasificacion (rtsEstado,rtsRequisito,rtsClasificacion,rtsTipoTransaccion,rtsCajaCompensacion,rtsTextoAyuda) VALUES ('OBLIGATORIO',21,'ORGANIZACION_RELIGIOSA_O_PARROQUIA','ACTUALIZAR_DOCUMENTACION_AFILIADO_WEB',1,'Se revisa: -Tipo y número de identificación del empleador,que deben coincidir con los demás documentos soporte -Razón social / Nombre del empleador,que debe coincidir con los demás documentos soporte -Actividad económica (Código CIIU); que debe coincidir con los demás documentos soporte');
INSERT RequisitoCajaClasificacion (rtsEstado,rtsRequisito,rtsClasificacion,rtsTipoTransaccion,rtsCajaCompensacion,rtsTextoAyuda) VALUES ('OBLIGATORIO',22,'ORGANIZACION_RELIGIOSA_O_PARROQUIA','ACTUALIZAR_DOCUMENTACION_AFILIADO_WEB',1,'Se revisa: -Que sea legible la copia del documento -Sin tachones ni enmendaduras -Ampliada al 150% -Que el nombre y número de la cédula corresponda a la cédula del representante legal en el formulario y demás documentos soporte. -Si es cédula de extranjería que no esté vencida ni próxima a vencer');
INSERT RequisitoCajaClasificacion (rtsEstado,rtsRequisito,rtsClasificacion,rtsTipoTransaccion,rtsCajaCompensacion,rtsTextoAyuda) VALUES ('OBLIGATORIO',29,'ORGANIZACION_RELIGIOSA_O_PARROQUIA','ACTUALIZAR_DOCUMENTACION_AFILIADO_WEB',1,'Se revisa: -Documento emitido por la entidad competente -Fecha de expedición no mayor a 90 días -Tipo y número de identificación del empleador,que deben coincidir con los demás documentos soporte -Razón social / Nombre del empleador,que debe coincidir con los demás documentos soporte -Fecha de constitución,que debe coincidir con los demás documentos soporte -Datos de identificación del representante legal,que deben coincidir con los demás documentos soporte -Objeto social -Si está acogido a los beneficios de Ley 1429 de 2010 ');
INSERT RequisitoCajaClasificacion (rtsEstado,rtsRequisito,rtsClasificacion,rtsTipoTransaccion,rtsCajaCompensacion,rtsTextoAyuda) VALUES ('OBLIGATORIO',40,'ORGANIZACION_RELIGIOSA_O_PARROQUIA','ACTUALIZAR_DOCUMENTACION_AFILIADO_WEB',1,'Si el empleador presenta trabajadores para afiliar,se solicita este documento y se revisa: -Tipo y número de documento de identidad de los trabajadores -Nombres y apellidos de los trabajadores -Salario de cada uno de los trabajadores -Se indique que los salarios de los trabajadores son causados en el Departamento -Firma de aval del Contador y/o el Representante legal -Debe coincidir la información de esta nómina con la registrada en el formulario de solicitud de afiliación');
INSERT RequisitoCajaClasificacion (rtsEstado,rtsRequisito,rtsClasificacion,rtsTipoTransaccion,rtsCajaCompensacion,rtsTextoAyuda) VALUES ('OBLIGATORIO',42,'ORGANIZACION_RELIGIOSA_O_PARROQUIA','ACTUALIZAR_DOCUMENTACION_AFILIADO_WEB',1,'En caso que el empleador se haya cambiado de Caja de Compensación dentro del mismo Departamento,se solicita este documento y se revisa: -Documento emitido por Caja de Compensación del mismo Departamento en el que conste el paz y salvo con dicha entidad -Fecha de expedición no mayor a 90 días -Tipo y número de identificación del empleador,que deben coincidir con los demás documentos soporte -Razón social / Nombre del empleador,que debe coincidir con los demás documentos soporte');

-- Validacion Habilitar - ACTULIZAR_DOCUMENTACION_AFILIADO
INSERT ValidacionProceso (vapBloque,vapValidacion,vapProceso,vapEstadoProceso,vapOrden,vapObjetoValidacion,vapInversa) VALUES ('NOVEDAD_ACTUALIZAR_DOCUMENTACION_AFILIADO_PRESENCIAL','VALIDACION_EMPLEADOR_EXISTE','NOVEDADES_EMPRESAS_PRESENCIAL','ACTIVO','1','COOPERATIVA_O_PRECOOPERATIVA_DE_TRABAJO_ASOCIADO','0');
INSERT ValidacionProceso (vapBloque,vapValidacion,vapProceso,vapEstadoProceso,vapOrden,vapObjetoValidacion,vapInversa) VALUES ('NOVEDAD_ACTUALIZAR_DOCUMENTACION_AFILIADO_PRESENCIAL','VALIDACION_EMPLEADOR_EXISTE','NOVEDADES_EMPRESAS_PRESENCIAL','ACTIVO','1','EMPLEADOR_DE_SERVICIO_DOMESTICO','0');
INSERT ValidacionProceso (vapBloque,vapValidacion,vapProceso,vapEstadoProceso,vapOrden,vapObjetoValidacion,vapInversa) VALUES ('NOVEDAD_ACTUALIZAR_DOCUMENTACION_AFILIADO_PRESENCIAL','VALIDACION_EMPLEADOR_EXISTE','NOVEDADES_EMPRESAS_PRESENCIAL','ACTIVO','1','ENTIDAD_SIN_ANIMO_DE_LUCRO','0');
INSERT ValidacionProceso (vapBloque,vapValidacion,vapProceso,vapEstadoProceso,vapOrden,vapObjetoValidacion,vapInversa) VALUES ('NOVEDAD_ACTUALIZAR_DOCUMENTACION_AFILIADO_PRESENCIAL','VALIDACION_EMPLEADOR_EXISTE','NOVEDADES_EMPRESAS_PRESENCIAL','ACTIVO','1','ORGANIZACION_RELIGIOSA_O_PARROQUIA','0');
INSERT ValidacionProceso (vapBloque,vapValidacion,vapProceso,vapEstadoProceso,vapOrden,vapObjetoValidacion,vapInversa) VALUES ('NOVEDAD_ACTUALIZAR_DOCUMENTACION_AFILIADO_PRESENCIAL','VALIDACION_EMPLEADOR_EXISTE','NOVEDADES_EMPRESAS_PRESENCIAL','ACTIVO','1','PERSONA_JURIDICA','0');
INSERT ValidacionProceso (vapBloque,vapValidacion,vapProceso,vapEstadoProceso,vapOrden,vapObjetoValidacion,vapInversa) VALUES ('NOVEDAD_ACTUALIZAR_DOCUMENTACION_AFILIADO_PRESENCIAL','VALIDACION_EMPLEADOR_EXISTE','NOVEDADES_EMPRESAS_PRESENCIAL','ACTIVO','1','PERSONA_NATURAL','0');
INSERT ValidacionProceso (vapBloque,vapValidacion,vapProceso,vapEstadoProceso,vapOrden,vapObjetoValidacion,vapInversa) VALUES ('NOVEDAD_ACTUALIZAR_DOCUMENTACION_AFILIADO_PRESENCIAL','VALIDACION_EMPLEADOR_EXISTE','NOVEDADES_EMPRESAS_PRESENCIAL','ACTIVO','1','PROPIEDAD_HORIZONTAL','0');
INSERT ValidacionProceso (vapBloque,vapValidacion,vapProceso,vapEstadoProceso,vapOrden,vapObjetoValidacion,vapInversa) VALUES ('NOVEDAD_ACTUALIZAR_DOCUMENTACION_AFILIADO_WEB','VALIDACION_EMPLEADOR_EXISTE','NOVEDADES_EMPRESAS_WEB','ACTIVO','1','COOPERATIVA_O_PRECOOPERATIVA_DE_TRABAJO_ASOCIADO','0');
INSERT ValidacionProceso (vapBloque,vapValidacion,vapProceso,vapEstadoProceso,vapOrden,vapObjetoValidacion,vapInversa) VALUES ('NOVEDAD_ACTUALIZAR_DOCUMENTACION_AFILIADO_WEB','VALIDACION_EMPLEADOR_EXISTE','NOVEDADES_EMPRESAS_WEB','ACTIVO','1','EMPLEADOR_DE_SERVICIO_DOMESTICO','0');
INSERT ValidacionProceso (vapBloque,vapValidacion,vapProceso,vapEstadoProceso,vapOrden,vapObjetoValidacion,vapInversa) VALUES ('NOVEDAD_ACTUALIZAR_DOCUMENTACION_AFILIADO_WEB','VALIDACION_EMPLEADOR_EXISTE','NOVEDADES_EMPRESAS_WEB','ACTIVO','1','ENTIDAD_SIN_ANIMO_DE_LUCRO','0');
INSERT ValidacionProceso (vapBloque,vapValidacion,vapProceso,vapEstadoProceso,vapOrden,vapObjetoValidacion,vapInversa) VALUES ('NOVEDAD_ACTUALIZAR_DOCUMENTACION_AFILIADO_WEB','VALIDACION_EMPLEADOR_EXISTE','NOVEDADES_EMPRESAS_WEB','ACTIVO','1','ORGANIZACION_RELIGIOSA_O_PARROQUIA','0');
INSERT ValidacionProceso (vapBloque,vapValidacion,vapProceso,vapEstadoProceso,vapOrden,vapObjetoValidacion,vapInversa) VALUES ('NOVEDAD_ACTUALIZAR_DOCUMENTACION_AFILIADO_WEB','VALIDACION_EMPLEADOR_EXISTE','NOVEDADES_EMPRESAS_WEB','ACTIVO','1','PERSONA_JURIDICA','0');
INSERT ValidacionProceso (vapBloque,vapValidacion,vapProceso,vapEstadoProceso,vapOrden,vapObjetoValidacion,vapInversa) VALUES ('NOVEDAD_ACTUALIZAR_DOCUMENTACION_AFILIADO_WEB','VALIDACION_EMPLEADOR_EXISTE','NOVEDADES_EMPRESAS_WEB','ACTIVO','1','PERSONA_NATURAL','0');
INSERT ValidacionProceso (vapBloque,vapValidacion,vapProceso,vapEstadoProceso,vapOrden,vapObjetoValidacion,vapInversa) VALUES ('NOVEDAD_ACTUALIZAR_DOCUMENTACION_AFILIADO_WEB','VALIDACION_EMPLEADOR_EXISTE','NOVEDADES_EMPRESAS_WEB','ACTIVO','1','PROPIEDAD_HORIZONTAL','0');

-- Validacion RNS - Parametrizacion Novedad 
INSERT ParametrizacionNovedad (novTipoTransaccion,novPuntoResolucion,novRutaCualificada,novTipoNovedad,novProceso) VALUES ('ACTUALIZAR_DOCUMENTACION_AFILIADO_PRESENCIAL','BACK',NULL,'GENERAL','NOVEDADES_EMPRESAS_PRESENCIAL');
INSERT ParametrizacionNovedad (novTipoTransaccion,novPuntoResolucion,novRutaCualificada,novTipoNovedad,novProceso) VALUES ('ACTUALIZAR_DOCUMENTACION_AFILIADO_WEB','BACK',NULL,'GENERAL','NOVEDADES_EMPRESAS_WEB');

-- Requisito - REGISTRAR_SUBSANACION_EXPULSION
INSERT RequisitoCajaClasificacion (rtsEstado,rtsRequisito,rtsClasificacion,rtsTipoTransaccion,rtsCajaCompensacion,rtsTextoAyuda) VALUES ('OBLIGATORIO',2,'PERSONA_JURIDICA','REGISTRAR_SUBSANACION_EXPULSION_PRESENCIAL',1,'');
INSERT RequisitoCajaClasificacion (rtsEstado,rtsRequisito,rtsClasificacion,rtsTipoTransaccion,rtsCajaCompensacion,rtsTextoAyuda) VALUES ('OBLIGATORIO',2,'PERSONA_NATURAL','REGISTRAR_SUBSANACION_EXPULSION_PRESENCIAL',1,'');
INSERT RequisitoCajaClasificacion (rtsEstado,rtsRequisito,rtsClasificacion,rtsTipoTransaccion,rtsCajaCompensacion,rtsTextoAyuda) VALUES ('OBLIGATORIO',2,'EMPLEADOR_DE_SERVICIO_DOMESTICO','REGISTRAR_SUBSANACION_EXPULSION_PRESENCIAL',1,'');
INSERT RequisitoCajaClasificacion (rtsEstado,rtsRequisito,rtsClasificacion,rtsTipoTransaccion,rtsCajaCompensacion,rtsTextoAyuda) VALUES ('OBLIGATORIO',2,'PROPIEDAD_HORIZONTAL','REGISTRAR_SUBSANACION_EXPULSION_PRESENCIAL',1,'');
INSERT RequisitoCajaClasificacion (rtsEstado,rtsRequisito,rtsClasificacion,rtsTipoTransaccion,rtsCajaCompensacion,rtsTextoAyuda) VALUES ('OBLIGATORIO',2,'COOPERATIVA_O_PRECOOPERATIVA_DE_TRABAJO_ASOCIADO','REGISTRAR_SUBSANACION_EXPULSION_PRESENCIAL',1,'');
INSERT RequisitoCajaClasificacion (rtsEstado,rtsRequisito,rtsClasificacion,rtsTipoTransaccion,rtsCajaCompensacion,rtsTextoAyuda) VALUES ('OBLIGATORIO',2,'ENTIDAD_SIN_ANIMO_DE_LUCRO','REGISTRAR_SUBSANACION_EXPULSION_PRESENCIAL',1,'');
INSERT RequisitoCajaClasificacion (rtsEstado,rtsRequisito,rtsClasificacion,rtsTipoTransaccion,rtsCajaCompensacion,rtsTextoAyuda) VALUES ('OBLIGATORIO',2,'ORGANIZACION_RELIGIOSA_O_PARROQUIA','REGISTRAR_SUBSANACION_EXPULSION_PRESENCIAL',1,'');
INSERT RequisitoCajaClasificacion (rtsEstado,rtsRequisito,rtsClasificacion,rtsTipoTransaccion,rtsCajaCompensacion,rtsTextoAyuda) VALUES ('OBLIGATORIO',2,'PERSONA_JURIDICA','REGISTRAR_SUBSANACION_EXPULSION_WEB',1,'');
INSERT RequisitoCajaClasificacion (rtsEstado,rtsRequisito,rtsClasificacion,rtsTipoTransaccion,rtsCajaCompensacion,rtsTextoAyuda) VALUES ('OBLIGATORIO',2,'PERSONA_NATURAL','REGISTRAR_SUBSANACION_EXPULSION_WEB',1,'');
INSERT RequisitoCajaClasificacion (rtsEstado,rtsRequisito,rtsClasificacion,rtsTipoTransaccion,rtsCajaCompensacion,rtsTextoAyuda) VALUES ('OBLIGATORIO',2,'EMPLEADOR_DE_SERVICIO_DOMESTICO','REGISTRAR_SUBSANACION_EXPULSION_WEB',1,'');
INSERT RequisitoCajaClasificacion (rtsEstado,rtsRequisito,rtsClasificacion,rtsTipoTransaccion,rtsCajaCompensacion,rtsTextoAyuda) VALUES ('OBLIGATORIO',2,'PROPIEDAD_HORIZONTAL','REGISTRAR_SUBSANACION_EXPULSION_WEB',1,'');
INSERT RequisitoCajaClasificacion (rtsEstado,rtsRequisito,rtsClasificacion,rtsTipoTransaccion,rtsCajaCompensacion,rtsTextoAyuda) VALUES ('OBLIGATORIO',2,'COOPERATIVA_O_PRECOOPERATIVA_DE_TRABAJO_ASOCIADO','REGISTRAR_SUBSANACION_EXPULSION_WEB',1,'');
INSERT RequisitoCajaClasificacion (rtsEstado,rtsRequisito,rtsClasificacion,rtsTipoTransaccion,rtsCajaCompensacion,rtsTextoAyuda) VALUES ('OBLIGATORIO',2,'ENTIDAD_SIN_ANIMO_DE_LUCRO','REGISTRAR_SUBSANACION_EXPULSION_WEB',1,'');
INSERT RequisitoCajaClasificacion (rtsEstado,rtsRequisito,rtsClasificacion,rtsTipoTransaccion,rtsCajaCompensacion,rtsTextoAyuda) VALUES ('OBLIGATORIO',2,'ORGANIZACION_RELIGIOSA_O_PARROQUIA','REGISTRAR_SUBSANACION_EXPULSION_WEB',1,'');

-- Validacion Habilitar - REGISTRAR_SUBSANACION_EXPULSION
INSERT ValidacionProceso (vapBloque,vapValidacion,vapProceso,vapEstadoProceso,vapOrden,vapObjetoValidacion,vapInversa) VALUES ('NOVEDAD_REGISTRAR_SUBSANACION_EXPULSION_PRESENCIAL','VALIDACION_EMPLEADOR_DIFERENTE_ACTIVO','NOVEDADES_EMPRESAS_PRESENCIAL','ACTIVO','1','COOPERATIVA_O_PRECOOPERATIVA_DE_TRABAJO_ASOCIADO','0');
INSERT ValidacionProceso (vapBloque,vapValidacion,vapProceso,vapEstadoProceso,vapOrden,vapObjetoValidacion,vapInversa) VALUES ('NOVEDAD_REGISTRAR_SUBSANACION_EXPULSION_PRESENCIAL','VALIDACION_EMPLEADOR_DIFERENTE_ACTIVO','NOVEDADES_EMPRESAS_PRESENCIAL','ACTIVO','1','EMPLEADOR_DE_SERVICIO_DOMESTICO','0');
INSERT ValidacionProceso (vapBloque,vapValidacion,vapProceso,vapEstadoProceso,vapOrden,vapObjetoValidacion,vapInversa) VALUES ('NOVEDAD_REGISTRAR_SUBSANACION_EXPULSION_PRESENCIAL','VALIDACION_EMPLEADOR_DIFERENTE_ACTIVO','NOVEDADES_EMPRESAS_PRESENCIAL','ACTIVO','1','ENTIDAD_SIN_ANIMO_DE_LUCRO','0');
INSERT ValidacionProceso (vapBloque,vapValidacion,vapProceso,vapEstadoProceso,vapOrden,vapObjetoValidacion,vapInversa) VALUES ('NOVEDAD_REGISTRAR_SUBSANACION_EXPULSION_PRESENCIAL','VALIDACION_EMPLEADOR_DIFERENTE_ACTIVO','NOVEDADES_EMPRESAS_PRESENCIAL','ACTIVO','1','ORGANIZACION_RELIGIOSA_O_PARROQUIA','0');
INSERT ValidacionProceso (vapBloque,vapValidacion,vapProceso,vapEstadoProceso,vapOrden,vapObjetoValidacion,vapInversa) VALUES ('NOVEDAD_REGISTRAR_SUBSANACION_EXPULSION_PRESENCIAL','VALIDACION_EMPLEADOR_DIFERENTE_ACTIVO','NOVEDADES_EMPRESAS_PRESENCIAL','ACTIVO','1','PERSONA_JURIDICA','0');
INSERT ValidacionProceso (vapBloque,vapValidacion,vapProceso,vapEstadoProceso,vapOrden,vapObjetoValidacion,vapInversa) VALUES ('NOVEDAD_REGISTRAR_SUBSANACION_EXPULSION_PRESENCIAL','VALIDACION_EMPLEADOR_DIFERENTE_ACTIVO','NOVEDADES_EMPRESAS_PRESENCIAL','ACTIVO','1','PERSONA_NATURAL','0');
INSERT ValidacionProceso (vapBloque,vapValidacion,vapProceso,vapEstadoProceso,vapOrden,vapObjetoValidacion,vapInversa) VALUES ('NOVEDAD_REGISTRAR_SUBSANACION_EXPULSION_PRESENCIAL','VALIDACION_EMPLEADOR_DIFERENTE_ACTIVO','NOVEDADES_EMPRESAS_PRESENCIAL','ACTIVO','1','PROPIEDAD_HORIZONTAL','0');
INSERT ValidacionProceso (vapBloque,vapValidacion,vapProceso,vapEstadoProceso,vapOrden,vapObjetoValidacion,vapInversa) VALUES ('NOVEDAD_REGISTRAR_SUBSANACION_EXPULSION_PRESENCIAL','VALIDACION_EXISTE_REGISTRO_SUBSANACION_EMPLEADOR','NOVEDADES_EMPRESAS_PRESENCIAL','ACTIVO','1','COOPERATIVA_O_PRECOOPERATIVA_DE_TRABAJO_ASOCIADO','0');
INSERT ValidacionProceso (vapBloque,vapValidacion,vapProceso,vapEstadoProceso,vapOrden,vapObjetoValidacion,vapInversa) VALUES ('NOVEDAD_REGISTRAR_SUBSANACION_EXPULSION_PRESENCIAL','VALIDACION_EXISTE_REGISTRO_SUBSANACION_EMPLEADOR','NOVEDADES_EMPRESAS_PRESENCIAL','ACTIVO','1','EMPLEADOR_DE_SERVICIO_DOMESTICO','0');
INSERT ValidacionProceso (vapBloque,vapValidacion,vapProceso,vapEstadoProceso,vapOrden,vapObjetoValidacion,vapInversa) VALUES ('NOVEDAD_REGISTRAR_SUBSANACION_EXPULSION_PRESENCIAL','VALIDACION_EXISTE_REGISTRO_SUBSANACION_EMPLEADOR','NOVEDADES_EMPRESAS_PRESENCIAL','ACTIVO','1','ENTIDAD_SIN_ANIMO_DE_LUCRO','0');
INSERT ValidacionProceso (vapBloque,vapValidacion,vapProceso,vapEstadoProceso,vapOrden,vapObjetoValidacion,vapInversa) VALUES ('NOVEDAD_REGISTRAR_SUBSANACION_EXPULSION_PRESENCIAL','VALIDACION_EXISTE_REGISTRO_SUBSANACION_EMPLEADOR','NOVEDADES_EMPRESAS_PRESENCIAL','ACTIVO','1','ORGANIZACION_RELIGIOSA_O_PARROQUIA','0');
INSERT ValidacionProceso (vapBloque,vapValidacion,vapProceso,vapEstadoProceso,vapOrden,vapObjetoValidacion,vapInversa) VALUES ('NOVEDAD_REGISTRAR_SUBSANACION_EXPULSION_PRESENCIAL','VALIDACION_EXISTE_REGISTRO_SUBSANACION_EMPLEADOR','NOVEDADES_EMPRESAS_PRESENCIAL','ACTIVO','1','PERSONA_JURIDICA','0');
INSERT ValidacionProceso (vapBloque,vapValidacion,vapProceso,vapEstadoProceso,vapOrden,vapObjetoValidacion,vapInversa) VALUES ('NOVEDAD_REGISTRAR_SUBSANACION_EXPULSION_PRESENCIAL','VALIDACION_EXISTE_REGISTRO_SUBSANACION_EMPLEADOR','NOVEDADES_EMPRESAS_PRESENCIAL','ACTIVO','1','PERSONA_NATURAL','0');
INSERT ValidacionProceso (vapBloque,vapValidacion,vapProceso,vapEstadoProceso,vapOrden,vapObjetoValidacion,vapInversa) VALUES ('NOVEDAD_REGISTRAR_SUBSANACION_EXPULSION_PRESENCIAL','VALIDACION_EXISTE_REGISTRO_SUBSANACION_EMPLEADOR','NOVEDADES_EMPRESAS_PRESENCIAL','ACTIVO','1','PROPIEDAD_HORIZONTAL','0');
INSERT ValidacionProceso (vapBloque,vapValidacion,vapProceso,vapEstadoProceso,vapOrden,vapObjetoValidacion,vapInversa) VALUES ('NOVEDAD_REGISTRAR_SUBSANACION_EXPULSION_WEB','VALIDACION_EMPLEADOR_DIFERENTE_ACTIVO','NOVEDADES_EMPRESAS_PRESENCIAL','ACTIVO','1','COOPERATIVA_O_PRECOOPERATIVA_DE_TRABAJO_ASOCIADO','0');
INSERT ValidacionProceso (vapBloque,vapValidacion,vapProceso,vapEstadoProceso,vapOrden,vapObjetoValidacion,vapInversa) VALUES ('NOVEDAD_REGISTRAR_SUBSANACION_EXPULSION_WEB','VALIDACION_EMPLEADOR_DIFERENTE_ACTIVO','NOVEDADES_EMPRESAS_PRESENCIAL','ACTIVO','1','EMPLEADOR_DE_SERVICIO_DOMESTICO','0');
INSERT ValidacionProceso (vapBloque,vapValidacion,vapProceso,vapEstadoProceso,vapOrden,vapObjetoValidacion,vapInversa) VALUES ('NOVEDAD_REGISTRAR_SUBSANACION_EXPULSION_WEB','VALIDACION_EMPLEADOR_DIFERENTE_ACTIVO','NOVEDADES_EMPRESAS_PRESENCIAL','ACTIVO','1','ENTIDAD_SIN_ANIMO_DE_LUCRO','0');
INSERT ValidacionProceso (vapBloque,vapValidacion,vapProceso,vapEstadoProceso,vapOrden,vapObjetoValidacion,vapInversa) VALUES ('NOVEDAD_REGISTRAR_SUBSANACION_EXPULSION_WEB','VALIDACION_EMPLEADOR_DIFERENTE_ACTIVO','NOVEDADES_EMPRESAS_PRESENCIAL','ACTIVO','1','ORGANIZACION_RELIGIOSA_O_PARROQUIA','0');
INSERT ValidacionProceso (vapBloque,vapValidacion,vapProceso,vapEstadoProceso,vapOrden,vapObjetoValidacion,vapInversa) VALUES ('NOVEDAD_REGISTRAR_SUBSANACION_EXPULSION_WEB','VALIDACION_EMPLEADOR_DIFERENTE_ACTIVO','NOVEDADES_EMPRESAS_PRESENCIAL','ACTIVO','1','PERSONA_JURIDICA','0');
INSERT ValidacionProceso (vapBloque,vapValidacion,vapProceso,vapEstadoProceso,vapOrden,vapObjetoValidacion,vapInversa) VALUES ('NOVEDAD_REGISTRAR_SUBSANACION_EXPULSION_WEB','VALIDACION_EMPLEADOR_DIFERENTE_ACTIVO','NOVEDADES_EMPRESAS_PRESENCIAL','ACTIVO','1','PERSONA_NATURAL','0');
INSERT ValidacionProceso (vapBloque,vapValidacion,vapProceso,vapEstadoProceso,vapOrden,vapObjetoValidacion,vapInversa) VALUES ('NOVEDAD_REGISTRAR_SUBSANACION_EXPULSION_WEB','VALIDACION_EMPLEADOR_DIFERENTE_ACTIVO','NOVEDADES_EMPRESAS_PRESENCIAL','ACTIVO','1','PROPIEDAD_HORIZONTAL','0');
INSERT ValidacionProceso (vapBloque,vapValidacion,vapProceso,vapEstadoProceso,vapOrden,vapObjetoValidacion,vapInversa) VALUES ('NOVEDAD_REGISTRAR_SUBSANACION_EXPULSION_WEB','VALIDACION_EXISTE_REGISTRO_SUBSANACION_EMPLEADOR','NOVEDADES_EMPRESAS_PRESENCIAL','ACTIVO','1','COOPERATIVA_O_PRECOOPERATIVA_DE_TRABAJO_ASOCIADO','0');
INSERT ValidacionProceso (vapBloque,vapValidacion,vapProceso,vapEstadoProceso,vapOrden,vapObjetoValidacion,vapInversa) VALUES ('NOVEDAD_REGISTRAR_SUBSANACION_EXPULSION_WEB','VALIDACION_EXISTE_REGISTRO_SUBSANACION_EMPLEADOR','NOVEDADES_EMPRESAS_PRESENCIAL','ACTIVO','1','EMPLEADOR_DE_SERVICIO_DOMESTICO','0');
INSERT ValidacionProceso (vapBloque,vapValidacion,vapProceso,vapEstadoProceso,vapOrden,vapObjetoValidacion,vapInversa) VALUES ('NOVEDAD_REGISTRAR_SUBSANACION_EXPULSION_WEB','VALIDACION_EXISTE_REGISTRO_SUBSANACION_EMPLEADOR','NOVEDADES_EMPRESAS_PRESENCIAL','ACTIVO','1','ENTIDAD_SIN_ANIMO_DE_LUCRO','0');
INSERT ValidacionProceso (vapBloque,vapValidacion,vapProceso,vapEstadoProceso,vapOrden,vapObjetoValidacion,vapInversa) VALUES ('NOVEDAD_REGISTRAR_SUBSANACION_EXPULSION_WEB','VALIDACION_EXISTE_REGISTRO_SUBSANACION_EMPLEADOR','NOVEDADES_EMPRESAS_PRESENCIAL','ACTIVO','1','ORGANIZACION_RELIGIOSA_O_PARROQUIA','0');
INSERT ValidacionProceso (vapBloque,vapValidacion,vapProceso,vapEstadoProceso,vapOrden,vapObjetoValidacion,vapInversa) VALUES ('NOVEDAD_REGISTRAR_SUBSANACION_EXPULSION_WEB','VALIDACION_EXISTE_REGISTRO_SUBSANACION_EMPLEADOR','NOVEDADES_EMPRESAS_PRESENCIAL','ACTIVO','1','PERSONA_JURIDICA','0');
INSERT ValidacionProceso (vapBloque,vapValidacion,vapProceso,vapEstadoProceso,vapOrden,vapObjetoValidacion,vapInversa) VALUES ('NOVEDAD_REGISTRAR_SUBSANACION_EXPULSION_WEB','VALIDACION_EXISTE_REGISTRO_SUBSANACION_EMPLEADOR','NOVEDADES_EMPRESAS_PRESENCIAL','ACTIVO','1','PERSONA_NATURAL','0');
INSERT ValidacionProceso (vapBloque,vapValidacion,vapProceso,vapEstadoProceso,vapOrden,vapObjetoValidacion,vapInversa) VALUES ('NOVEDAD_REGISTRAR_SUBSANACION_EXPULSION_WEB','VALIDACION_EXISTE_REGISTRO_SUBSANACION_EMPLEADOR','NOVEDADES_EMPRESAS_PRESENCIAL','ACTIVO','1','PROPIEDAD_HORIZONTAL','0');

-- Validacion RNS 
INSERT ValidacionProceso (vapBloque,vapValidacion,vapProceso,vapEstadoProceso,vapOrden,vapObjetoValidacion,vapInversa) VALUES ('REGISTRAR_SUBSANACION_EXPULSION_PRESENCIAL','VALIDACION_EMPLEADOR_DIFERENTE_ACTIVO','NOVEDADES_EMPRESAS_PRESENCIAL','ACTIVO','1','COOPERATIVA_O_PRECOOPERATIVA_DE_TRABAJO_ASOCIADO','0');
INSERT ValidacionProceso (vapBloque,vapValidacion,vapProceso,vapEstadoProceso,vapOrden,vapObjetoValidacion,vapInversa) VALUES ('REGISTRAR_SUBSANACION_EXPULSION_PRESENCIAL','VALIDACION_EMPLEADOR_DIFERENTE_ACTIVO','NOVEDADES_EMPRESAS_PRESENCIAL','ACTIVO','1','EMPLEADOR_DE_SERVICIO_DOMESTICO','0');
INSERT ValidacionProceso (vapBloque,vapValidacion,vapProceso,vapEstadoProceso,vapOrden,vapObjetoValidacion,vapInversa) VALUES ('REGISTRAR_SUBSANACION_EXPULSION_PRESENCIAL','VALIDACION_EMPLEADOR_DIFERENTE_ACTIVO','NOVEDADES_EMPRESAS_PRESENCIAL','ACTIVO','1','ENTIDAD_SIN_ANIMO_DE_LUCRO','0');
INSERT ValidacionProceso (vapBloque,vapValidacion,vapProceso,vapEstadoProceso,vapOrden,vapObjetoValidacion,vapInversa) VALUES ('REGISTRAR_SUBSANACION_EXPULSION_PRESENCIAL','VALIDACION_EMPLEADOR_DIFERENTE_ACTIVO','NOVEDADES_EMPRESAS_PRESENCIAL','ACTIVO','1','ORGANIZACION_RELIGIOSA_O_PARROQUIA','0');
INSERT ValidacionProceso (vapBloque,vapValidacion,vapProceso,vapEstadoProceso,vapOrden,vapObjetoValidacion,vapInversa) VALUES ('REGISTRAR_SUBSANACION_EXPULSION_PRESENCIAL','VALIDACION_EMPLEADOR_DIFERENTE_ACTIVO','NOVEDADES_EMPRESAS_PRESENCIAL','ACTIVO','1','PERSONA_JURIDICA','0');
INSERT ValidacionProceso (vapBloque,vapValidacion,vapProceso,vapEstadoProceso,vapOrden,vapObjetoValidacion,vapInversa) VALUES ('REGISTRAR_SUBSANACION_EXPULSION_PRESENCIAL','VALIDACION_EMPLEADOR_DIFERENTE_ACTIVO','NOVEDADES_EMPRESAS_PRESENCIAL','ACTIVO','1','PERSONA_NATURAL','0');
INSERT ValidacionProceso (vapBloque,vapValidacion,vapProceso,vapEstadoProceso,vapOrden,vapObjetoValidacion,vapInversa) VALUES ('REGISTRAR_SUBSANACION_EXPULSION_PRESENCIAL','VALIDACION_EMPLEADOR_DIFERENTE_ACTIVO','NOVEDADES_EMPRESAS_PRESENCIAL','ACTIVO','1','PROPIEDAD_HORIZONTAL','0');
INSERT ValidacionProceso (vapBloque,vapValidacion,vapProceso,vapEstadoProceso,vapOrden,vapObjetoValidacion,vapInversa) VALUES ('REGISTRAR_SUBSANACION_EXPULSION_PRESENCIAL','VALIDACION_EXISTE_REGISTRO_SUBSANACION_EMPLEADOR','NOVEDADES_EMPRESAS_PRESENCIAL','ACTIVO','1','COOPERATIVA_O_PRECOOPERATIVA_DE_TRABAJO_ASOCIADO','0');
INSERT ValidacionProceso (vapBloque,vapValidacion,vapProceso,vapEstadoProceso,vapOrden,vapObjetoValidacion,vapInversa) VALUES ('REGISTRAR_SUBSANACION_EXPULSION_PRESENCIAL','VALIDACION_EXISTE_REGISTRO_SUBSANACION_EMPLEADOR','NOVEDADES_EMPRESAS_PRESENCIAL','ACTIVO','1','EMPLEADOR_DE_SERVICIO_DOMESTICO','0');
INSERT ValidacionProceso (vapBloque,vapValidacion,vapProceso,vapEstadoProceso,vapOrden,vapObjetoValidacion,vapInversa) VALUES ('REGISTRAR_SUBSANACION_EXPULSION_PRESENCIAL','VALIDACION_EXISTE_REGISTRO_SUBSANACION_EMPLEADOR','NOVEDADES_EMPRESAS_PRESENCIAL','ACTIVO','1','ENTIDAD_SIN_ANIMO_DE_LUCRO','0');
INSERT ValidacionProceso (vapBloque,vapValidacion,vapProceso,vapEstadoProceso,vapOrden,vapObjetoValidacion,vapInversa) VALUES ('REGISTRAR_SUBSANACION_EXPULSION_PRESENCIAL','VALIDACION_EXISTE_REGISTRO_SUBSANACION_EMPLEADOR','NOVEDADES_EMPRESAS_PRESENCIAL','ACTIVO','1','ORGANIZACION_RELIGIOSA_O_PARROQUIA','0');
INSERT ValidacionProceso (vapBloque,vapValidacion,vapProceso,vapEstadoProceso,vapOrden,vapObjetoValidacion,vapInversa) VALUES ('REGISTRAR_SUBSANACION_EXPULSION_PRESENCIAL','VALIDACION_EXISTE_REGISTRO_SUBSANACION_EMPLEADOR','NOVEDADES_EMPRESAS_PRESENCIAL','ACTIVO','1','PERSONA_JURIDICA','0');
INSERT ValidacionProceso (vapBloque,vapValidacion,vapProceso,vapEstadoProceso,vapOrden,vapObjetoValidacion,vapInversa) VALUES ('REGISTRAR_SUBSANACION_EXPULSION_PRESENCIAL','VALIDACION_EXISTE_REGISTRO_SUBSANACION_EMPLEADOR','NOVEDADES_EMPRESAS_PRESENCIAL','ACTIVO','1','PERSONA_NATURAL','0');
INSERT ValidacionProceso (vapBloque,vapValidacion,vapProceso,vapEstadoProceso,vapOrden,vapObjetoValidacion,vapInversa) VALUES ('REGISTRAR_SUBSANACION_EXPULSION_PRESENCIAL','VALIDACION_EXISTE_REGISTRO_SUBSANACION_EMPLEADOR','NOVEDADES_EMPRESAS_PRESENCIAL','ACTIVO','1','PROPIEDAD_HORIZONTAL','0');
INSERT ValidacionProceso (vapBloque,vapValidacion,vapProceso,vapEstadoProceso,vapOrden,vapObjetoValidacion,vapInversa) VALUES ('REGISTRAR_SUBSANACION_EXPULSION_WEB','VALIDACION_EMPLEADOR_DIFERENTE_ACTIVO','NOVEDADES_EMPRESAS_PRESENCIAL','ACTIVO','1','COOPERATIVA_O_PRECOOPERATIVA_DE_TRABAJO_ASOCIADO','0');
INSERT ValidacionProceso (vapBloque,vapValidacion,vapProceso,vapEstadoProceso,vapOrden,vapObjetoValidacion,vapInversa) VALUES ('REGISTRAR_SUBSANACION_EXPULSION_WEB','VALIDACION_EMPLEADOR_DIFERENTE_ACTIVO','NOVEDADES_EMPRESAS_PRESENCIAL','ACTIVO','1','EMPLEADOR_DE_SERVICIO_DOMESTICO','0');
INSERT ValidacionProceso (vapBloque,vapValidacion,vapProceso,vapEstadoProceso,vapOrden,vapObjetoValidacion,vapInversa) VALUES ('REGISTRAR_SUBSANACION_EXPULSION_WEB','VALIDACION_EMPLEADOR_DIFERENTE_ACTIVO','NOVEDADES_EMPRESAS_PRESENCIAL','ACTIVO','1','ENTIDAD_SIN_ANIMO_DE_LUCRO','0');
INSERT ValidacionProceso (vapBloque,vapValidacion,vapProceso,vapEstadoProceso,vapOrden,vapObjetoValidacion,vapInversa) VALUES ('REGISTRAR_SUBSANACION_EXPULSION_WEB','VALIDACION_EMPLEADOR_DIFERENTE_ACTIVO','NOVEDADES_EMPRESAS_PRESENCIAL','ACTIVO','1','ORGANIZACION_RELIGIOSA_O_PARROQUIA','0');
INSERT ValidacionProceso (vapBloque,vapValidacion,vapProceso,vapEstadoProceso,vapOrden,vapObjetoValidacion,vapInversa) VALUES ('REGISTRAR_SUBSANACION_EXPULSION_WEB','VALIDACION_EMPLEADOR_DIFERENTE_ACTIVO','NOVEDADES_EMPRESAS_PRESENCIAL','ACTIVO','1','PERSONA_JURIDICA','0');
INSERT ValidacionProceso (vapBloque,vapValidacion,vapProceso,vapEstadoProceso,vapOrden,vapObjetoValidacion,vapInversa) VALUES ('REGISTRAR_SUBSANACION_EXPULSION_WEB','VALIDACION_EMPLEADOR_DIFERENTE_ACTIVO','NOVEDADES_EMPRESAS_PRESENCIAL','ACTIVO','1','PERSONA_NATURAL','0');
INSERT ValidacionProceso (vapBloque,vapValidacion,vapProceso,vapEstadoProceso,vapOrden,vapObjetoValidacion,vapInversa) VALUES ('REGISTRAR_SUBSANACION_EXPULSION_WEB','VALIDACION_EMPLEADOR_DIFERENTE_ACTIVO','NOVEDADES_EMPRESAS_PRESENCIAL','ACTIVO','1','PROPIEDAD_HORIZONTAL','0');
INSERT ValidacionProceso (vapBloque,vapValidacion,vapProceso,vapEstadoProceso,vapOrden,vapObjetoValidacion,vapInversa) VALUES ('REGISTRAR_SUBSANACION_EXPULSION_WEB','VALIDACION_EXISTE_REGISTRO_SUBSANACION_EMPLEADOR','NOVEDADES_EMPRESAS_PRESENCIAL','ACTIVO','1','COOPERATIVA_O_PRECOOPERATIVA_DE_TRABAJO_ASOCIADO','0');
INSERT ValidacionProceso (vapBloque,vapValidacion,vapProceso,vapEstadoProceso,vapOrden,vapObjetoValidacion,vapInversa) VALUES ('REGISTRAR_SUBSANACION_EXPULSION_WEB','VALIDACION_EXISTE_REGISTRO_SUBSANACION_EMPLEADOR','NOVEDADES_EMPRESAS_PRESENCIAL','ACTIVO','1','EMPLEADOR_DE_SERVICIO_DOMESTICO','0');
INSERT ValidacionProceso (vapBloque,vapValidacion,vapProceso,vapEstadoProceso,vapOrden,vapObjetoValidacion,vapInversa) VALUES ('REGISTRAR_SUBSANACION_EXPULSION_WEB','VALIDACION_EXISTE_REGISTRO_SUBSANACION_EMPLEADOR','NOVEDADES_EMPRESAS_PRESENCIAL','ACTIVO','1','ENTIDAD_SIN_ANIMO_DE_LUCRO','0');
INSERT ValidacionProceso (vapBloque,vapValidacion,vapProceso,vapEstadoProceso,vapOrden,vapObjetoValidacion,vapInversa) VALUES ('REGISTRAR_SUBSANACION_EXPULSION_WEB','VALIDACION_EXISTE_REGISTRO_SUBSANACION_EMPLEADOR','NOVEDADES_EMPRESAS_PRESENCIAL','ACTIVO','1','ORGANIZACION_RELIGIOSA_O_PARROQUIA','0');
INSERT ValidacionProceso (vapBloque,vapValidacion,vapProceso,vapEstadoProceso,vapOrden,vapObjetoValidacion,vapInversa) VALUES ('REGISTRAR_SUBSANACION_EXPULSION_WEB','VALIDACION_EXISTE_REGISTRO_SUBSANACION_EMPLEADOR','NOVEDADES_EMPRESAS_PRESENCIAL','ACTIVO','1','PERSONA_JURIDICA','0');
INSERT ValidacionProceso (vapBloque,vapValidacion,vapProceso,vapEstadoProceso,vapOrden,vapObjetoValidacion,vapInversa) VALUES ('REGISTRAR_SUBSANACION_EXPULSION_WEB','VALIDACION_EXISTE_REGISTRO_SUBSANACION_EMPLEADOR','NOVEDADES_EMPRESAS_PRESENCIAL','ACTIVO','1','PERSONA_NATURAL','0');
INSERT ValidacionProceso (vapBloque,vapValidacion,vapProceso,vapEstadoProceso,vapOrden,vapObjetoValidacion,vapInversa) VALUES ('REGISTRAR_SUBSANACION_EXPULSION_WEB','VALIDACION_EXISTE_REGISTRO_SUBSANACION_EMPLEADOR','NOVEDADES_EMPRESAS_PRESENCIAL','ACTIVO','1','PROPIEDAD_HORIZONTAL','0');

-- Parametrizacion Novedad 
INSERT ParametrizacionNovedad (novTipoTransaccion,novPuntoResolucion,novRutaCualificada,novTipoNovedad,novProceso) VALUES ('REGISTRAR_SUBSANACION_EXPULSION_PRESENCIAL','BACK','com.asopagos.novedades.convertidores.empleador.ActualizarSubsanacionExpulsionEmpleador','GENERAL','NOVEDADES_EMPRESAS_PRESENCIAL');
INSERT ParametrizacionNovedad (novTipoTransaccion,novPuntoResolucion,novRutaCualificada,novTipoNovedad,novProceso) VALUES ('REGISTRAR_SUBSANACION_EXPULSION_WEB','BACK','com.asopagos.novedades.convertidores.empleador.ActualizarSubsanacionExpulsionEmpleador','GENERAL','NOVEDADES_EMPRESAS_WEB');
