--liquibase formatted sql

--changeset hhernandez:01
--comment: Insercion dre registros en la tabla PlantillaComunicado
INSERT PlantillaComunicado (pcoAsunto,pcoCuerpo,pcoEncabezado,pcoMensaje,pcoNombre,pcoPie,pcoEtiqueta) VALUES ('Comprobante de retiro por ventanilla','Cuerpo','Encabezado','Mensaje','Comprobante de retiro por ventanilla','Pie','COM_PAG_SUB_RET_VENT') ;
INSERT PlantillaComunicado (pcoAsunto,pcoCuerpo,pcoEncabezado,pcoMensaje,pcoNombre,pcoPie,pcoEtiqueta) VALUES ('Noficación de inconsistencias en procesamiento de archivo de consumo ANIBOL','Cuerpo','Encabezado','Mensaje','Noficación de inconsistencias en procesamiento de archivo de consumo ANIBOL','Pie','COM_PAG_SUB_INC_ARC_CON') ;

--changeset hhernandez:02
--comment:Insercion de registros en la tabla VariableComunicado - Variables
--COM_PAG_SUB_RET_VENT
INSERT VariableComunicado (vcoClave,vcoOrden,vcoNombre,vcoDescripcion,vcoTipoVariableComunicado,vcoPlantillaComunicado) VALUES ('${ciudadSolicitud}','0','Ciudad solicitud','Ciudad de la sede donde se realiza la solicitud','VARIABLE', (SELECT pcoId FROM PlantillaComunicado where pcoEtiqueta = 'COM_PAG_SUB_RET_VENT'));
INSERT VariableComunicado (vcoClave,vcoOrden,vcoNombre,vcoDescripcion,vcoTipoVariableComunicado,vcoPlantillaComunicado) VALUES ('${fechaDelSistema}','0','Fecha del sistema','dd/mm/aaaa proporcionado por el sistema al generar el comunicado','VARIABLE', (SELECT pcoId FROM PlantillaComunicado where pcoEtiqueta = 'COM_PAG_SUB_RET_VENT'));
INSERT VariableComunicado (vcoClave,vcoOrden,vcoNombre,vcoDescripcion,vcoTipoVariableComunicado,vcoPlantillaComunicado) VALUES ('${nombreCompletoAdmin}','0','Nombre Completo Admin','Nombre completo del administrdor de subsidio monetario','VARIABLE', (SELECT pcoId FROM PlantillaComunicado where pcoEtiqueta = 'COM_PAG_SUB_RET_VENT'));
INSERT VariableComunicado (vcoClave,vcoOrden,vcoNombre,vcoDescripcion,vcoTipoVariableComunicado,vcoPlantillaComunicado) VALUES ('${tipoIdAdmin}','0','Tipo Id Admin','Tipo de indentificacion del administrador de subsidio monetario','VARIABLE', (SELECT pcoId FROM PlantillaComunicado where pcoEtiqueta = 'COM_PAG_SUB_RET_VENT'));
INSERT VariableComunicado (vcoClave,vcoOrden,vcoNombre,vcoDescripcion,vcoTipoVariableComunicado,vcoPlantillaComunicado) VALUES ('${numeroIdAdmin}','0','Numero Id Admin','Numero de identificacion del administrador de subsidio monetario','VARIABLE', (SELECT pcoId FROM PlantillaComunicado where pcoEtiqueta = 'COM_PAG_SUB_RET_VENT'));
INSERT VariableComunicado (vcoClave,vcoOrden,vcoNombre,vcoDescripcion,vcoTipoVariableComunicado,vcoPlantillaComunicado) VALUES ('${usuarioRegistroTran}','0','Usuario Registro Tran','Usuario que realizo la transaccion de retiro','VARIABLE', (SELECT pcoId FROM PlantillaComunicado where pcoEtiqueta = 'COM_PAG_SUB_RET_VENT'));
INSERT VariableComunicado (vcoClave,vcoOrden,vcoNombre,vcoDescripcion,vcoTipoVariableComunicado,vcoPlantillaComunicado) VALUES ('${valorRetiro}','0','Valor Retiro','Valor del retiro por ventanilla efectuado','VARIABLE', (SELECT pcoId FROM PlantillaComunicado where pcoEtiqueta = 'COM_PAG_SUB_RET_VENT'));
INSERT VariableComunicado (vcoClave,vcoOrden,vcoNombre,vcoDescripcion,vcoTipoVariableComunicado,vcoPlantillaComunicado) VALUES ('${identificadorRespuesta}','0','Identificador Respuesta','Identificador de registro de transaccion de retiro (Numero de comprobante de transaccion)','VARIABLE', (SELECT pcoId FROM PlantillaComunicado where pcoEtiqueta = 'COM_PAG_SUB_RET_VENT'));
INSERT VariableComunicado (vcoClave,vcoOrden,vcoNombre,vcoDescripcion,vcoTipoVariableComunicado,vcoPlantillaComunicado) VALUES ('${reporteEmpleadores}','0','Reporte Empleadores','Representa la variable de una tabla que se genera con los datos de la persona autorizada que realizo el cobro y los empleadores relacionados en la transaccion de retiro','REPORTE_VARIABLE', (SELECT pcoId FROM PlantillaComunicado where pcoEtiqueta = 'COM_PAG_SUB_RET_VENT'));
--COM_PAG_SUB_INC_ARC_CON
INSERT VariableComunicado (vcoClave,vcoOrden,vcoNombre,vcoDescripcion,vcoTipoVariableComunicado,vcoPlantillaComunicado) VALUES ('${nombreArchivo}','0','Nombre Archivo','Nombre del archivo de consumos  ','VARIABLE', (SELECT pcoId FROM PlantillaComunicado where pcoEtiqueta = 'COM_PAG_SUB_INC_ARC_CON'));
INSERT VariableComunicado (vcoClave,vcoOrden,vcoNombre,vcoDescripcion,vcoTipoVariableComunicado,vcoPlantillaComunicado) VALUES ('${fechaHoraCargue}','0','Fecha Hora Cargue','Fecha y hora de cargue del archivo de consumos','VARIABLE', (SELECT pcoId FROM PlantillaComunicado where pcoEtiqueta = 'COM_PAG_SUB_INC_ARC_CON'));
INSERT VariableComunicado (vcoClave,vcoOrden,vcoNombre,vcoDescripcion,vcoTipoVariableComunicado,vcoPlantillaComunicado) VALUES ('${usuarioCargue}','0','Usuario Cargue','Usuario que realizo el cargue (Automatico: GENESYS)','VARIABLE', (SELECT pcoId FROM PlantillaComunicado where pcoEtiqueta = 'COM_PAG_SUB_INC_ARC_CON'));
INSERT VariableComunicado (vcoClave,vcoOrden,vcoNombre,vcoDescripcion,vcoTipoVariableComunicado,vcoPlantillaComunicado) VALUES ('${tipoCargue}','0','Tipo Cargue','Tipo de cargue del archivo de consumos (MANUAL o AUTOMATICO)','VARIABLE', (SELECT pcoId FROM PlantillaComunicado where pcoEtiqueta = 'COM_PAG_SUB_INC_ARC_CON'));
INSERT VariableComunicado (vcoClave,vcoOrden,vcoNombre,vcoDescripcion,vcoTipoVariableComunicado,vcoPlantillaComunicado) VALUES ('${fechaHoraProcesamiento}','0','Fecha Hora Procesamiento','Fecha y hora de procesamiento del archivo de consumos','VARIABLE', (SELECT pcoId FROM PlantillaComunicado where pcoEtiqueta = 'COM_PAG_SUB_INC_ARC_CON'));
INSERT VariableComunicado (vcoClave,vcoOrden,vcoNombre,vcoDescripcion,vcoTipoVariableComunicado,vcoPlantillaComunicado) VALUES ('${usuarioProcesamiento}','0','Usuario Procesamiento','Usuario que realizo el procesamiento del archivo de consumos','VARIABLE', (SELECT pcoId FROM PlantillaComunicado where pcoEtiqueta = 'COM_PAG_SUB_INC_ARC_CON'));
INSERT VariableComunicado (vcoClave,vcoOrden,vcoNombre,vcoDescripcion,vcoTipoVariableComunicado,vcoPlantillaComunicado) VALUES ('${estadoArchivo}','0','Estado Archivo','Estado del archivo de consumos','VARIABLE', (SELECT pcoId FROM PlantillaComunicado where pcoEtiqueta = 'COM_PAG_SUB_INC_ARC_CON'));
INSERT VariableComunicado (vcoClave,vcoOrden,vcoNombre,vcoDescripcion,vcoTipoVariableComunicado,vcoPlantillaComunicado) VALUES ('${resultadoValidacionEstructura}','0','Resultado Validacion Estructura','Resultado de la validacion de estructura del archivo de consumos','VARIABLE', (SELECT pcoId FROM PlantillaComunicado where pcoEtiqueta = 'COM_PAG_SUB_INC_ARC_CON'));
INSERT VariableComunicado (vcoClave,vcoOrden,vcoNombre,vcoDescripcion,vcoTipoVariableComunicado,vcoPlantillaComunicado) VALUES ('${resultadoValidacionContenido}','0','Resultado Validacion Contenido','Resultado de validacion de contenido del archivo de consumos','VARIABLE', (SELECT pcoId FROM PlantillaComunicado where pcoEtiqueta = 'COM_PAG_SUB_INC_ARC_CON'));
INSERT VariableComunicado (vcoClave,vcoOrden,vcoNombre,vcoDescripcion,vcoTipoVariableComunicado,vcoPlantillaComunicado) VALUES ('${tipoInconsistenciaArchivo}','0','Tipo Inconsistencia Archivo','Descripcion de la inconsistencia del archivo de consumos','VARIABLE', (SELECT pcoId FROM PlantillaComunicado where pcoEtiqueta = 'COM_PAG_SUB_INC_ARC_CON'));
INSERT VariableComunicado (vcoClave,vcoOrden,vcoNombre,vcoDescripcion,vcoTipoVariableComunicado,vcoPlantillaComunicado) VALUES ('${reporteInconsistencias}','0','Reporte Inconsistencias','Representa la variable de una tabla que se genera con los datos de las inconsistencias detectadas a los campos del registro del archivo de consumos','REPORTE_VARIABLE', (SELECT pcoId FROM PlantillaComunicado where pcoEtiqueta = 'COM_PAG_SUB_INC_ARC_CON'));

--changeset hhernandez:03
--comment:Actualizacion de registros en la tabla PlantillaComunicado - Variables
--COM_PAG_SUB_RET_VENT
UPDATE PlantillaComunicado SET pcoCuerpo  =  CONCAT(pcoCuerpo , '<br  /> <p>${ciudadSolicitud}</p>'), pcoMensaje = CONCAT(pcoMensaje, '<br /> ${ciudadSolicitud}') WHERE pcoEtiqueta = 'COM_PAG_SUB_RET_VENT';
UPDATE PlantillaComunicado SET pcoCuerpo  =  CONCAT(pcoCuerpo , '<br  /> <p>${fechaDelSistema}</p>'), pcoMensaje = CONCAT(pcoMensaje, '<br /> ${fechaDelSistema}') WHERE pcoEtiqueta = 'COM_PAG_SUB_RET_VENT';
UPDATE PlantillaComunicado SET pcoCuerpo  =  CONCAT(pcoCuerpo , '<br  /> <p>${nombreCompletoAdmin}</p>'), pcoMensaje = CONCAT(pcoMensaje, '<br /> ${nombreCompletoAdmin}') WHERE pcoEtiqueta = 'COM_PAG_SUB_RET_VENT';
UPDATE PlantillaComunicado SET pcoCuerpo  =  CONCAT(pcoCuerpo , '<br  /> <p>${tipoIdAdmin}</p>'), pcoMensaje = CONCAT(pcoMensaje, '<br /> ${tipoIdAdmin}') WHERE pcoEtiqueta = 'COM_PAG_SUB_RET_VENT';
UPDATE PlantillaComunicado SET pcoCuerpo  =  CONCAT(pcoCuerpo , '<br  /> <p>${numeroIdAdmin}</p>'), pcoMensaje = CONCAT(pcoMensaje, '<br /> ${numeroIdAdmin}') WHERE pcoEtiqueta = 'COM_PAG_SUB_RET_VENT';
UPDATE PlantillaComunicado SET pcoCuerpo  =  CONCAT(pcoCuerpo , '<br  /> <p>${usuarioRegistroTran}</p>'), pcoMensaje = CONCAT(pcoMensaje, '<br /> ${usuarioRegistroTran}') WHERE pcoEtiqueta = 'COM_PAG_SUB_RET_VENT';
UPDATE PlantillaComunicado SET pcoCuerpo  =  CONCAT(pcoCuerpo , '<br  /> <p>${valorRetiro}</p>'), pcoMensaje = CONCAT(pcoMensaje, '<br /> ${valorRetiro}') WHERE pcoEtiqueta = 'COM_PAG_SUB_RET_VENT';
UPDATE PlantillaComunicado SET pcoCuerpo  =  CONCAT(pcoCuerpo , '<br  /> <p>${identificadorRespuesta}</p>'), pcoMensaje = CONCAT(pcoMensaje, '<br /> ${identificadorRespuesta}') WHERE pcoEtiqueta = 'COM_PAG_SUB_RET_VENT';
UPDATE PlantillaComunicado SET pcoCuerpo  =  CONCAT(pcoCuerpo , '<br  /> <p>${reporteEmpleadores}</p>'), pcoMensaje = CONCAT(pcoMensaje, '<br /> ${reporteEmpleadores}') WHERE pcoEtiqueta = 'COM_PAG_SUB_RET_VENT';
--COM_PAG_SUB_INC_ARC_CON
UPDATE PlantillaComunicado SET pcoCuerpo  =  CONCAT(pcoCuerpo , '<br  /> <p>${nombreArchivo}</p>'), pcoMensaje = CONCAT(pcoMensaje, '<br /> ${nombreArchivo}') WHERE pcoEtiqueta = 'COM_PAG_SUB_INC_ARC_CON';
UPDATE PlantillaComunicado SET pcoCuerpo  =  CONCAT(pcoCuerpo , '<br  /> <p>${fechaHoraCargue}</p>'), pcoMensaje = CONCAT(pcoMensaje, '<br /> ${fechaHoraCargue}') WHERE pcoEtiqueta = 'COM_PAG_SUB_INC_ARC_CON';
UPDATE PlantillaComunicado SET pcoCuerpo  =  CONCAT(pcoCuerpo , '<br  /> <p>${usuarioCargue}</p>'), pcoMensaje = CONCAT(pcoMensaje, '<br /> ${usuarioCargue}') WHERE pcoEtiqueta = 'COM_PAG_SUB_INC_ARC_CON';
UPDATE PlantillaComunicado SET pcoCuerpo  =  CONCAT(pcoCuerpo , '<br  /> <p>${tipoCargue}</p>'), pcoMensaje = CONCAT(pcoMensaje, '<br /> ${tipoCargue}') WHERE pcoEtiqueta = 'COM_PAG_SUB_INC_ARC_CON';
UPDATE PlantillaComunicado SET pcoCuerpo  =  CONCAT(pcoCuerpo , '<br  /> <p>${fechaHoraProcesamiento}</p>'), pcoMensaje = CONCAT(pcoMensaje, '<br /> ${fechaHoraProcesamiento}') WHERE pcoEtiqueta = 'COM_PAG_SUB_INC_ARC_CON';
UPDATE PlantillaComunicado SET pcoCuerpo  =  CONCAT(pcoCuerpo , '<br  /> <p>${usuarioProcesamiento}</p>'), pcoMensaje = CONCAT(pcoMensaje, '<br /> ${usuarioProcesamiento}') WHERE pcoEtiqueta = 'COM_PAG_SUB_INC_ARC_CON';
UPDATE PlantillaComunicado SET pcoCuerpo  =  CONCAT(pcoCuerpo , '<br  /> <p>${estadoArchivo}</p>'), pcoMensaje = CONCAT(pcoMensaje, '<br /> ${estadoArchivo}') WHERE pcoEtiqueta = 'COM_PAG_SUB_INC_ARC_CON';
UPDATE PlantillaComunicado SET pcoCuerpo  =  CONCAT(pcoCuerpo , '<br  /> <p>${resultadoValidacionEstructura}</p>'), pcoMensaje = CONCAT(pcoMensaje, '<br /> ${resultadoValidacionEstructura}') WHERE pcoEtiqueta = 'COM_PAG_SUB_INC_ARC_CON';
UPDATE PlantillaComunicado SET pcoCuerpo  =  CONCAT(pcoCuerpo , '<br  /> <p>${resultadoValidacionContenido}</p>'), pcoMensaje = CONCAT(pcoMensaje, '<br /> ${resultadoValidacionContenido}') WHERE pcoEtiqueta = 'COM_PAG_SUB_INC_ARC_CON';
UPDATE PlantillaComunicado SET pcoCuerpo  =  CONCAT(pcoCuerpo , '<br  /> <p>${tipoInconsistenciaArchivo}</p>'), pcoMensaje = CONCAT(pcoMensaje, '<br /> ${tipoInconsistenciaArchivo}') WHERE pcoEtiqueta = 'COM_PAG_SUB_INC_ARC_CON';
UPDATE PlantillaComunicado SET pcoCuerpo  =  CONCAT(pcoCuerpo , '<br  /> <p>${reporteInconsistencias}</p>'), pcoMensaje = CONCAT(pcoMensaje, '<br /> ${reporteInconsistencias}') WHERE pcoEtiqueta = 'COM_PAG_SUB_INC_ARC_CON';

--changeset hhernandez:04
--comment:Insercion de registros en la tabla VariableComunicado - Constantes
--COM_PAG_SUB_RET_VENT
INSERT VariableComunicado (vcoClave,vcoNombre,vcoDescripcion,vcoNombreConstante,vcoTipoVariableComunicado,vcoPlantillaComunicado) VALUES ('${nombreCcf}','Nombre CCF','Nombre de la caja de Compensación','NOMBRE_CCF','CONSTANTE',(SELECT pcoId FROM PlantillaComunicado where pcoEtiqueta = 'COM_PAG_SUB_RET_VENT'));
INSERT VariableComunicado (vcoClave,vcoNombre,vcoDescripcion,vcoNombreConstante,vcoTipoVariableComunicado,vcoPlantillaComunicado) VALUES ('${logoDeLaCcf}','Logo de la CCF','Logotipo de la Caja de Compensación','LOGO_DE_LA_CCF','CONSTANTE',(SELECT pcoId FROM PlantillaComunicado where pcoEtiqueta = 'COM_PAG_SUB_RET_VENT'));
INSERT VariableComunicado (vcoClave,vcoNombre,vcoDescripcion,vcoNombreConstante,vcoTipoVariableComunicado,vcoPlantillaComunicado) VALUES ('${departamentoCcf}','Departamento CCF','Departamento de la caja de Compensación','DEPARTAMENTO_CCF','CONSTANTE',(SELECT pcoId FROM PlantillaComunicado where pcoEtiqueta = 'COM_PAG_SUB_RET_VENT'));
INSERT VariableComunicado (vcoClave,vcoNombre,vcoDescripcion,vcoNombreConstante,vcoTipoVariableComunicado,vcoPlantillaComunicado) VALUES ('${ciudadCcf}','Ciudad CCF','Ciudad de la caja de Compensación','CIUDAD_CCF','CONSTANTE',(SELECT pcoId FROM PlantillaComunicado where pcoEtiqueta = 'COM_PAG_SUB_RET_VENT'));
INSERT VariableComunicado (vcoClave,vcoNombre,vcoDescripcion,vcoNombreConstante,vcoTipoVariableComunicado,vcoPlantillaComunicado) VALUES ('${direccionCcf}','Dirección CCF','Dirección de la caja de Compensación','DIRECCION_CCF','CONSTANTE',(SELECT pcoId FROM PlantillaComunicado where pcoEtiqueta = 'COM_PAG_SUB_RET_VENT'));
INSERT VariableComunicado (vcoClave,vcoNombre,vcoDescripcion,vcoNombreConstante,vcoTipoVariableComunicado,vcoPlantillaComunicado) VALUES ('${telefonoCcf}','Telefono CCF','Teléfono de la caja de Compensación','TELEFONO_CCF','CONSTANTE',(SELECT pcoId FROM PlantillaComunicado where pcoEtiqueta = 'COM_PAG_SUB_RET_VENT'));
INSERT VariableComunicado (vcoClave,vcoNombre,vcoDescripcion,vcoNombreConstante,vcoTipoVariableComunicado,vcoPlantillaComunicado) VALUES ('${webCcf}','Web CCF','Web de la caja de Compensación','WEB_CCF','CONSTANTE',(SELECT pcoId FROM PlantillaComunicado where pcoEtiqueta = 'COM_PAG_SUB_RET_VENT'));
INSERT VariableComunicado (vcoClave,vcoNombre,vcoDescripcion,vcoNombreConstante,vcoTipoVariableComunicado,vcoPlantillaComunicado) VALUES ('${logoSuperservicios}','Logo SuperServicios','Logo de la caja de Compensación','LOGO_SUPERSERVICIOS','CONSTANTE',(SELECT pcoId FROM PlantillaComunicado where pcoEtiqueta = 'COM_PAG_SUB_RET_VENT'));
INSERT VariableComunicado (vcoClave,vcoNombre,vcoDescripcion,vcoNombreConstante,vcoTipoVariableComunicado,vcoPlantillaComunicado) VALUES ('${responsableCcf}','Responsable CCF','Responsable de novedades de la caja de Compensación','RESPONSABLE_CCF','USUARIO_CONSTANTE',(SELECT pcoId FROM PlantillaComunicado where pcoEtiqueta = 'COM_PAG_SUB_RET_VENT'));
INSERT VariableComunicado (vcoClave,vcoNombre,vcoDescripcion,vcoNombreConstante,vcoTipoVariableComunicado,vcoPlantillaComunicado) VALUES ('${cargoResponsableCcf}','Cargo responsable CCF','Nombre de la caja de Compensación','CARGO_RESPONSABLE_CCF','USUARIO_CONSTANTE',(SELECT pcoId FROM PlantillaComunicado where pcoEtiqueta = 'COM_PAG_SUB_RET_VENT'));
--COM_PAG_SUB_INC_ARC_CON
INSERT VariableComunicado (vcoClave,vcoNombre,vcoDescripcion,vcoNombreConstante,vcoTipoVariableComunicado,vcoPlantillaComunicado) VALUES ('${nombreCcf}','Nombre CCF','Nombre de la caja de Compensación','NOMBRE_CCF','CONSTANTE',(SELECT pcoId FROM PlantillaComunicado where pcoEtiqueta = 'COM_PAG_SUB_INC_ARC_CON'));
INSERT VariableComunicado (vcoClave,vcoNombre,vcoDescripcion,vcoNombreConstante,vcoTipoVariableComunicado,vcoPlantillaComunicado) VALUES ('${logoDeLaCcf}','Logo de la CCF','Logotipo de la Caja de Compensación','LOGO_DE_LA_CCF','CONSTANTE',(SELECT pcoId FROM PlantillaComunicado where pcoEtiqueta = 'COM_PAG_SUB_INC_ARC_CON'));
INSERT VariableComunicado (vcoClave,vcoNombre,vcoDescripcion,vcoNombreConstante,vcoTipoVariableComunicado,vcoPlantillaComunicado) VALUES ('${departamentoCcf}','Departamento CCF','Departamento de la caja de Compensación','DEPARTAMENTO_CCF','CONSTANTE',(SELECT pcoId FROM PlantillaComunicado where pcoEtiqueta = 'COM_PAG_SUB_INC_ARC_CON'));
INSERT VariableComunicado (vcoClave,vcoNombre,vcoDescripcion,vcoNombreConstante,vcoTipoVariableComunicado,vcoPlantillaComunicado) VALUES ('${ciudadCcf}','Ciudad CCF','Ciudad de la caja de Compensación','CIUDAD_CCF','CONSTANTE',(SELECT pcoId FROM PlantillaComunicado where pcoEtiqueta = 'COM_PAG_SUB_INC_ARC_CON'));
INSERT VariableComunicado (vcoClave,vcoNombre,vcoDescripcion,vcoNombreConstante,vcoTipoVariableComunicado,vcoPlantillaComunicado) VALUES ('${direccionCcf}','Dirección CCF','Dirección de la caja de Compensación','DIRECCION_CCF','CONSTANTE',(SELECT pcoId FROM PlantillaComunicado where pcoEtiqueta = 'COM_PAG_SUB_INC_ARC_CON'));
INSERT VariableComunicado (vcoClave,vcoNombre,vcoDescripcion,vcoNombreConstante,vcoTipoVariableComunicado,vcoPlantillaComunicado) VALUES ('${telefonoCcf}','Telefono CCF','Teléfono de la caja de Compensación','TELEFONO_CCF','CONSTANTE',(SELECT pcoId FROM PlantillaComunicado where pcoEtiqueta = 'COM_PAG_SUB_INC_ARC_CON'));
INSERT VariableComunicado (vcoClave,vcoNombre,vcoDescripcion,vcoNombreConstante,vcoTipoVariableComunicado,vcoPlantillaComunicado) VALUES ('${webCcf}','Web CCF','Web de la caja de Compensación','WEB_CCF','CONSTANTE',(SELECT pcoId FROM PlantillaComunicado where pcoEtiqueta = 'COM_PAG_SUB_INC_ARC_CON'));
INSERT VariableComunicado (vcoClave,vcoNombre,vcoDescripcion,vcoNombreConstante,vcoTipoVariableComunicado,vcoPlantillaComunicado) VALUES ('${logoSuperservicios}','Logo SuperServicios','Logo de la caja de Compensación','LOGO_SUPERSERVICIOS','CONSTANTE',(SELECT pcoId FROM PlantillaComunicado where pcoEtiqueta = 'COM_PAG_SUB_INC_ARC_CON'));
INSERT VariableComunicado (vcoClave,vcoNombre,vcoDescripcion,vcoNombreConstante,vcoTipoVariableComunicado,vcoPlantillaComunicado) VALUES ('${responsableCcf}','Responsable CCF','Responsable de novedades de la caja de Compensación','RESPONSABLE_CCF','USUARIO_CONSTANTE',(SELECT pcoId FROM PlantillaComunicado where pcoEtiqueta = 'COM_PAG_SUB_INC_ARC_CON'));
INSERT VariableComunicado (vcoClave,vcoNombre,vcoDescripcion,vcoNombreConstante,vcoTipoVariableComunicado,vcoPlantillaComunicado) VALUES ('${cargoResponsableCcf}','Cargo responsable CCF','Nombre de la caja de Compensación','CARGO_RESPONSABLE_CCF','USUARIO_CONSTANTE',(SELECT pcoId FROM PlantillaComunicado where pcoEtiqueta = 'COM_PAG_SUB_INC_ARC_CON'));

--changeset hhernandez:05
--comment:Actualizacion de registros en la tabla PlantillaComunicado - Variables
--COM_PAG_SUB_RET_VENT
UPDATE PlantillaComunicado SET pcoCuerpo  =  CONCAT(pcoCuerpo , '<br  /> <p>${nombreCcf}</p>'), pcoMensaje = CONCAT(pcoMensaje, '<br /> ${nombreCcf}') WHERE pcoEtiqueta = 'COM_PAG_SUB_RET_VENT';
UPDATE PlantillaComunicado SET pcoCuerpo  =  CONCAT(pcoCuerpo , '<br  /> <p>${logoDeLaCcf}</p>'), pcoMensaje = CONCAT(pcoMensaje, '<br /> ${logoDeLaCcf}') WHERE pcoEtiqueta = 'COM_PAG_SUB_RET_VENT';
UPDATE PlantillaComunicado SET pcoCuerpo  =  CONCAT(pcoCuerpo , '<br  /> <p>${departamentoCcf}</p>'), pcoMensaje = CONCAT(pcoMensaje, '<br /> ${departamentoCcf}') WHERE pcoEtiqueta = 'COM_PAG_SUB_RET_VENT';
UPDATE PlantillaComunicado SET pcoCuerpo  =  CONCAT(pcoCuerpo , '<br  /> <p>${ciudadCcf}</p>'), pcoMensaje = CONCAT(pcoMensaje, '<br /> ${ciudadCcf}') WHERE pcoEtiqueta = 'COM_PAG_SUB_RET_VENT';
UPDATE PlantillaComunicado SET pcoCuerpo  =  CONCAT(pcoCuerpo , '<br  /> <p>${direccionCcf}</p>'), pcoMensaje = CONCAT(pcoMensaje, '<br /> ${direccionCcf}') WHERE pcoEtiqueta = 'COM_PAG_SUB_RET_VENT';
UPDATE PlantillaComunicado SET pcoCuerpo  =  CONCAT(pcoCuerpo , '<br  /> <p>${telefonoCcf}</p>'), pcoMensaje = CONCAT(pcoMensaje, '<br /> ${telefonoCcf}') WHERE pcoEtiqueta = 'COM_PAG_SUB_RET_VENT';
UPDATE PlantillaComunicado SET pcoCuerpo  =  CONCAT(pcoCuerpo , '<br  /> <p>${webCcf}</p>'), pcoMensaje = CONCAT(pcoMensaje, '<br /> ${webCcf}') WHERE pcoEtiqueta = 'COM_PAG_SUB_RET_VENT';
UPDATE PlantillaComunicado SET pcoCuerpo  =  CONCAT(pcoCuerpo , '<br  /> <p>${logoSuperservicios}</p>'), pcoMensaje = CONCAT(pcoMensaje, '<br /> ${logoSuperservicios}') WHERE pcoEtiqueta = 'COM_PAG_SUB_RET_VENT';
UPDATE PlantillaComunicado SET pcoCuerpo  =  CONCAT(pcoCuerpo , '<br  /> <p>${responsableCcf}</p>'), pcoMensaje = CONCAT(pcoMensaje, '<br /> ${responsableCcf}') WHERE pcoEtiqueta = 'COM_PAG_SUB_RET_VENT';
UPDATE PlantillaComunicado SET pcoCuerpo  =  CONCAT(pcoCuerpo , '<br  /> <p>${cargoResponsableCcf}</p>'), pcoMensaje = CONCAT(pcoMensaje, '<br /> ${cargoResponsableCcf}') WHERE pcoEtiqueta = 'COM_PAG_SUB_RET_VENT';
--COM_PAG_SUB_INC_ARC_CON
UPDATE PlantillaComunicado SET pcoCuerpo  =  CONCAT(pcoCuerpo , '<br  /> <p>${nombreCcf}</p>'), pcoMensaje = CONCAT(pcoMensaje, '<br /> ${nombreCcf}') WHERE pcoEtiqueta = 'COM_PAG_SUB_INC_ARC_CON';
UPDATE PlantillaComunicado SET pcoCuerpo  =  CONCAT(pcoCuerpo , '<br  /> <p>${logoDeLaCcf}</p>'), pcoMensaje = CONCAT(pcoMensaje, '<br /> ${logoDeLaCcf}') WHERE pcoEtiqueta = 'COM_PAG_SUB_INC_ARC_CON';
UPDATE PlantillaComunicado SET pcoCuerpo  =  CONCAT(pcoCuerpo , '<br  /> <p>${departamentoCcf}</p>'), pcoMensaje = CONCAT(pcoMensaje, '<br /> ${departamentoCcf}') WHERE pcoEtiqueta = 'COM_PAG_SUB_INC_ARC_CON';
UPDATE PlantillaComunicado SET pcoCuerpo  =  CONCAT(pcoCuerpo , '<br  /> <p>${ciudadCcf}</p>'), pcoMensaje = CONCAT(pcoMensaje, '<br /> ${ciudadCcf}') WHERE pcoEtiqueta = 'COM_PAG_SUB_INC_ARC_CON';
UPDATE PlantillaComunicado SET pcoCuerpo  =  CONCAT(pcoCuerpo , '<br  /> <p>${direccionCcf}</p>'), pcoMensaje = CONCAT(pcoMensaje, '<br /> ${direccionCcf}') WHERE pcoEtiqueta = 'COM_PAG_SUB_INC_ARC_CON';
UPDATE PlantillaComunicado SET pcoCuerpo  =  CONCAT(pcoCuerpo , '<br  /> <p>${telefonoCcf}</p>'), pcoMensaje = CONCAT(pcoMensaje, '<br /> ${telefonoCcf}') WHERE pcoEtiqueta = 'COM_PAG_SUB_INC_ARC_CON';
UPDATE PlantillaComunicado SET pcoCuerpo  =  CONCAT(pcoCuerpo , '<br  /> <p>${webCcf}</p>'), pcoMensaje = CONCAT(pcoMensaje, '<br /> ${webCcf}') WHERE pcoEtiqueta = 'COM_PAG_SUB_INC_ARC_CON';
UPDATE PlantillaComunicado SET pcoCuerpo  =  CONCAT(pcoCuerpo , '<br  /> <p>${logoSuperservicios}</p>'), pcoMensaje = CONCAT(pcoMensaje, '<br /> ${logoSuperservicios}') WHERE pcoEtiqueta = 'COM_PAG_SUB_INC_ARC_CON';
UPDATE PlantillaComunicado SET pcoCuerpo  =  CONCAT(pcoCuerpo , '<br  /> <p>${responsableCcf}</p>'), pcoMensaje = CONCAT(pcoMensaje, '<br /> ${responsableCcf}') WHERE pcoEtiqueta = 'COM_PAG_SUB_INC_ARC_CON';
UPDATE PlantillaComunicado SET pcoCuerpo  =  CONCAT(pcoCuerpo , '<br  /> <p>${cargoResponsableCcf}</p>'), pcoMensaje = CONCAT(pcoMensaje, '<br /> ${cargoResponsableCcf}') WHERE pcoEtiqueta = 'COM_PAG_SUB_INC_ARC_CON';

--changeset hhernandez:06
--comment:Insercion de registros en las tablas Constante, Parametro y ParametrizacionEjecucionProgramada
INSERT Constante(cnsNombre,cnsValor,cnsDescripcion) VALUES('FILE_DEFINITION_ID_ARCHIVO_CONSUMO_RETIRO_TARJETAS_ANIBOL_PAGOS_SUBSIDIO_MONETARIO','1225','Identificador del cargue del archivo de consumo de los retiros realizados por tarjeta a través de anibol');
INSERT Parametro (prmNombre,prmValor,prmSubCategoriaParametro,prmDescripcion) VALUES ('FTP_ARCHIVO_CONSUMO_TARJETA_ANIBOL_NOMBRE_HOST','127.0.0.1','FTP_ARCHIVO_TAR_ANIBOL','Host del servidor FTP');
INSERT Parametro (prmNombre,prmValor,prmSubCategoriaParametro,prmDescripcion) VALUES ('FTP_ARCHIVO_CONSUMO_TARJETA_ANIBOL_NOMBRE_USUARIO','iul9iEBnrk0=','FTP_ARCHIVO_TAR_ANIBOL','Usuario asignado al servidor FTP');
INSERT Parametro (prmNombre,prmValor,prmSubCategoriaParametro,prmDescripcion) VALUES ('FTP_ARCHIVOS_CONSUMO_TARJETA_CONTRASENA','som5qv0zWeQ= ','FTP_ARCHIVO_TAR_ANIBOL','Constraseña para el usuario del servidor FTP');
INSERT Parametro (prmNombre,prmValor,prmSubCategoriaParametro,prmDescripcion) VALUES ('FTP_ARCHIVOS_CONSUMO_TARJETA_ANIBOL_PUERTO','22','FTP_ARCHIVO_TAR_ANIBOL','Puerto usado para el servidor FTP');
INSERT Parametro (prmNombre,prmValor,prmSubCategoriaParametro,prmDescripcion) VALUES ('FTP_ARCHIVOS_CONSUMO_TARJETA_URL','/FTPANIBOL','FTP_ARCHIVO_TAR_ANIBOL','URL asociada para el servidor FTP');
INSERT Parametro (prmNombre,prmValor,prmSubCategoriaParametro,prmDescripcion) VALUES ('FTP_ARCHIVOS_CONSUMO_TARJETA_PROTOCOLO','SFTP','FTP_ARCHIVO_TAR_ANIBOL','Protocolo usado para el servidor FTP');
INSERT ParametrizacionEjecucionProgramada (pepProceso,pepHoras,pepMinutos,pepSegundos,pepFrecuencia,pepEstado) VALUES ('EJECUTAR_CARGA_ARCHIVO_CONSUMO_TARJETAS_ANIBOL',23,50,0,'DIARIO','ACTIVO');

--changeset hhernandez:07
--comment:Insercion de validaciones Framework Lion - Archivo de consumo tarjetas
INSERT FILEDEFINITIONLOADTYPE (ID,DESCRIPTION,NAME) VALUES (1225,'Carga de archivo de consumo de retiros por tarjeta entregado por ANIBOL en el proceso de Pagos Subsidio Monetario','Consumo archivo de retiro de tarjetas por ANIBOL subsidio monetario');
INSERT FILEDEFINITIONLOAD (ID,DECIMALSEPARATOR,NOMBRE,TENANTID,THOUSANDSSEPARATOR,EXCLUDELINES,REGISTERSREAD,SHEETNUMBERXLS,USECHARACTERS,FILEDEFINITIONTYPE_ID) VALUES (1225,'.','Archivo de consumo ANIBOL de tarjetas subsidio monetario',null,null,1,null,null,0,1225);
INSERT LINELOADCATALOG (ID,CLASSNAME,DESCRIPTION,NAME,TENANTID,LINEORDER,LINESEPARATOR,TARGETENTITY) VALUES (1235,'com.asopagos.subsidiomonetario.pagos.persist.PagosSubsidioMonetarioTarjetaAnibolPersistLine','Información de cada retiro de tarjeta entregada por ANIBOL','Información del retiro de la tarjeta ANIBOL subsidio monetario',null,1,null,null);
INSERT LINEDEFINITIONLOAD (ID,IDENTIFIER,NUMBERGROUP,REQUIRED,REQUIREDINGROUP,ROLLBACKORDER,FILEDEFINITION_ID,LINELOADCATALOG_ID) VALUES (1235,'1',null,1,null,1,1225,1235);

INSERT FieldLoadCatalog (id,dataType,description,maxDecimalSize,minDecimalSize,name,fieldOrder,tenantId) VALUES (250009,'STRING','Bin (Identificador único de la Caja de Compensación)',NULL,NULL,'identificadorCajaCompensacion',1,0);
INSERT FieldLoadCatalog (id,dataType,description,maxDecimalSize,minDecimalSize,name,fieldOrder,tenantId) VALUES (250010,'STRING','Número de Tarjeta ',NULL,NULL,'numeroTarjeta',2,0);
INSERT FieldLoadCatalog (id,dataType,description,maxDecimalSize,minDecimalSize,name,fieldOrder,tenantId) VALUES (250011,'STRING','Nit Empresa',NULL,NULL,'nitEmpresa',3,0);
INSERT FieldLoadCatalog (id,dataType,description,maxDecimalSize,minDecimalSize,name,fieldOrder,tenantId) VALUES (250012,'STRING','Cuenta Relacionada',NULL,NULL,'cuentaRelacionada',4,0);
INSERT FieldLoadCatalog (id,dataType,description,maxDecimalSize,minDecimalSize,name,fieldOrder,tenantId) VALUES (250013,'STRING','Dispositivo Origen',NULL,NULL,'dispositivoOrigen',5,0);
INSERT FieldLoadCatalog (id,dataType,description,maxDecimalSize,minDecimalSize,name,fieldOrder,tenantId) VALUES (250014,'STRING','Descripción estado cobro',NULL,NULL,'descripcionEstadoCobro',6,0);
INSERT FieldLoadCatalog (id,dataType,description,maxDecimalSize,minDecimalSize,name,fieldOrder,tenantId) VALUES (250015,'STRING','Descripción transacción',NULL,NULL,'descripcionTransaccion',7,0);
INSERT FieldLoadCatalog (id,dataType,description,maxDecimalSize,minDecimalSize,name,fieldOrder,tenantId) VALUES (250016,'BIGDECIMAL','Valor transacción',2,0,'valorTransaccion',8,0);
INSERT FieldLoadCatalog (id,dataType,description,maxDecimalSize,minDecimalSize,name,fieldOrder,tenantId) VALUES (250017,'BIGDECIMAL','Valor dispensado',2,0,'valorDispensado',9,0);
INSERT FieldLoadCatalog (id,dataType,description,maxDecimalSize,minDecimalSize,name,fieldOrder,tenantId) VALUES (250018,'STRING','Fecha Transacción',NULL,NULL,'fechaTransaccion',10,0);
INSERT FieldLoadCatalog (id,dataType,description,maxDecimalSize,minDecimalSize,name,fieldOrder,tenantId) VALUES (250019,'BIGDECIMAL','Valor a cobrar',2,0,'valorCobro',11,0);
INSERT FieldLoadCatalog (id,dataType,description,maxDecimalSize,minDecimalSize,name,fieldOrder,tenantId) VALUES (250020,'BIGDECIMAL','Valor impuestos ',2,0,'valorImpuestos',12,0);
INSERT FieldLoadCatalog (id,dataType,description,maxDecimalSize,minDecimalSize,name,fieldOrder,tenantId) VALUES (250021,'BIGDECIMAL','Total a cobrar',2,0,'totalCobro',13,0);
INSERT FieldLoadCatalog (id,dataType,description,maxDecimalSize,minDecimalSize,name,fieldOrder,tenantId) VALUES (250022,'BIGDECIMAL','Impuesto Emergencia económica',2,0,'impuestoEmergenciaEconomica',14,0);
INSERT FieldLoadCatalog (id,dataType,description,maxDecimalSize,minDecimalSize,name,fieldOrder,tenantId) VALUES (250023,'CHAR','Indicador reverso ',NULL,NULL,'indicadorReverso',15,0);
INSERT FieldLoadCatalog (id,dataType,description,maxDecimalSize,minDecimalSize,name,fieldOrder,tenantId) VALUES (250024,'STRING','Respuesta autorizador',NULL,NULL,'respuestaAutorizador',16,0);
INSERT FieldLoadCatalog (id,dataType,description,maxDecimalSize,minDecimalSize,name,fieldOrder,tenantId) VALUES (250025,'STRING','Descripción respuesta',NULL,NULL,'descripcionRespuesta',17,0);
INSERT FieldLoadCatalog (id,dataType,description,maxDecimalSize,minDecimalSize,name,fieldOrder,tenantId) VALUES (250026,'STRING','Código autorización',NULL,NULL,'codigoAutorizacion',18,0);
INSERT FieldLoadCatalog (id,dataType,description,maxDecimalSize,minDecimalSize,name,fieldOrder,tenantId) VALUES (250027,'STRING','Subtipo',NULL,NULL,'subtipo',19,0);
INSERT FieldLoadCatalog (id,dataType,description,maxDecimalSize,minDecimalSize,name,fieldOrder,tenantId) VALUES (250028,'STRING','Fecha autorizador',NULL,NULL,'fechaAutorizador',20,0);
INSERT FieldLoadCatalog (id,dataType,description,maxDecimalSize,minDecimalSize,name,fieldOrder,tenantId) VALUES (250029,'STRING','Hora autorizador',NULL,NULL,'horaAutorizador',21,0);
INSERT FieldLoadCatalog (id,dataType,description,maxDecimalSize,minDecimalSize,name,fieldOrder,tenantId) VALUES (250030,'STRING','Hora dispositivo',NULL,NULL,'horaDispositivo',22,0);
INSERT FieldLoadCatalog (id,dataType,description,maxDecimalSize,minDecimalSize,name,fieldOrder,tenantId) VALUES (250031,'STRING','Número referencia',NULL,NULL,'numeroReferencia',23,0);
INSERT FieldLoadCatalog (id,dataType,description,maxDecimalSize,minDecimalSize,name,fieldOrder,tenantId) VALUES (250032,'STRING','Red',NULL,NULL,'red',24,0);
INSERT FieldLoadCatalog (id,dataType,description,maxDecimalSize,minDecimalSize,name,fieldOrder,tenantId) VALUES (250033,'STRING','Número dispositivo',NULL,NULL,'numeroDispositivo',25,0);
INSERT FieldLoadCatalog (id,dataType,description,maxDecimalSize,minDecimalSize,name,fieldOrder,tenantId) VALUES (250034,'STRING','Código establecimiento',NULL,NULL,'codigoEstablecimiento',26,0);
INSERT FieldLoadCatalog (id,dataType,description,maxDecimalSize,minDecimalSize,name,fieldOrder,tenantId) VALUES (250035,'STRING','Código de cuenta (Bolsillo DB)',NULL,NULL,'codigoCuenta',27,0);

INSERT FieldDefinitionLoad (id,finalPosition,formatDate,initialPosition,label,identifierLine,removeFormat,required,fieldLoadCatalog_id,lineDefinition_id) VALUES (250009,9,NULL,0,'identificadorCajaCompensacion',0,0,1,250009,1235);
INSERT FieldDefinitionLoad (id,finalPosition,formatDate,initialPosition,label,identifierLine,removeFormat,required,fieldLoadCatalog_id,lineDefinition_id) VALUES (250010,28,NULL,9,'numeroTarjeta',0,0,1,250010,1235);
INSERT FieldDefinitionLoad (id,finalPosition,formatDate,initialPosition,label,identifierLine,removeFormat,required,fieldLoadCatalog_id,lineDefinition_id) VALUES (250011,43,NULL,28,'nitEmpresa',0,0,1,250011,1235);
INSERT FieldDefinitionLoad (id,finalPosition,formatDate,initialPosition,label,identifierLine,removeFormat,required,fieldLoadCatalog_id,lineDefinition_id) VALUES (250012,62,NULL,43,'cuentaRelacionada',0,0,1,250012,1235);
INSERT FieldDefinitionLoad (id,finalPosition,formatDate,initialPosition,label,identifierLine,removeFormat,required,fieldLoadCatalog_id,lineDefinition_id) VALUES (250013,64,NULL,62,'dispositivoOrigen',0,0,1,250013,1235);
INSERT FieldDefinitionLoad (id,finalPosition,formatDate,initialPosition,label,identifierLine,removeFormat,required,fieldLoadCatalog_id,lineDefinition_id) VALUES (250014,93,NULL,64,'descripcionEstadoCobro',0,0,1,250014,1235);
INSERT FieldDefinitionLoad (id,finalPosition,formatDate,initialPosition,label,identifierLine,removeFormat,required,fieldLoadCatalog_id,lineDefinition_id) VALUES (250015,124,NULL,93,'descripcionTransaccion',0,0,1,250015,1235);
INSERT FieldDefinitionLoad (id,finalPosition,formatDate,initialPosition,label,identifierLine,removeFormat,required,fieldLoadCatalog_id,lineDefinition_id) VALUES (250016,141,NULL,124,'valorTransaccion',0,0,1,250016,1235);
INSERT FieldDefinitionLoad (id,finalPosition,formatDate,initialPosition,label,identifierLine,removeFormat,required,fieldLoadCatalog_id,lineDefinition_id) VALUES (250017,158,NULL,141,'valorDispensando',0,0,1,250017,1235);
INSERT FieldDefinitionLoad (id,finalPosition,formatDate,initialPosition,label,identifierLine,removeFormat,required,fieldLoadCatalog_id,lineDefinition_id) VALUES (250018,166,NULL,158,'fechaTransaccion',0,0,1,250018,1235);
INSERT FieldDefinitionLoad (id,finalPosition,formatDate,initialPosition,label,identifierLine,removeFormat,required,fieldLoadCatalog_id,lineDefinition_id) VALUES (250019,183,NULL,166,'valorCobro',0,0,1,250019,1235);
INSERT FieldDefinitionLoad (id,finalPosition,formatDate,initialPosition,label,identifierLine,removeFormat,required,fieldLoadCatalog_id,lineDefinition_id) VALUES (250020,200,NULL,183,'valorImpuestos',0,0,1,250020,1235);
INSERT FieldDefinitionLoad (id,finalPosition,formatDate,initialPosition,label,identifierLine,removeFormat,required,fieldLoadCatalog_id,lineDefinition_id) VALUES (250021,217,NULL,200,'totalCobro',0,0,1,250021,1235);
INSERT FieldDefinitionLoad (id,finalPosition,formatDate,initialPosition,label,identifierLine,removeFormat,required,fieldLoadCatalog_id,lineDefinition_id) VALUES (250022,234,NULL,217,'impuestoEmergenciaEconomica',0,0,1,250022,1235);
INSERT FieldDefinitionLoad (id,finalPosition,formatDate,initialPosition,label,identifierLine,removeFormat,required,fieldLoadCatalog_id,lineDefinition_id) VALUES (250023,235,NULL,234,'indicadorReverso',0,0,1,250023,1235);
INSERT FieldDefinitionLoad (id,finalPosition,formatDate,initialPosition,label,identifierLine,removeFormat,required,fieldLoadCatalog_id,lineDefinition_id) VALUES (250024,237,NULL,235,'respuestaAutorizador',0,0,1,250024,1235);
INSERT FieldDefinitionLoad (id,finalPosition,formatDate,initialPosition,label,identifierLine,removeFormat,required,fieldLoadCatalog_id,lineDefinition_id) VALUES (250025,267,NULL,237,'descripcionRespuesta',0,0,1,250025,1235);
INSERT FieldDefinitionLoad (id,finalPosition,formatDate,initialPosition,label,identifierLine,removeFormat,required,fieldLoadCatalog_id,lineDefinition_id) VALUES (250026,273,NULL,267,'codigoAutorizacion',0,0,1,250026,1235);
INSERT FieldDefinitionLoad (id,finalPosition,formatDate,initialPosition,label,identifierLine,removeFormat,required,fieldLoadCatalog_id,lineDefinition_id) VALUES (250027,276,NULL,273,'subtipo',0,0,1,250027,1235);
INSERT FieldDefinitionLoad (id,finalPosition,formatDate,initialPosition,label,identifierLine,removeFormat,required,fieldLoadCatalog_id,lineDefinition_id) VALUES (250028,284,NULL,276,'fechaAutorizador',0,0,1,250028,1235);
INSERT FieldDefinitionLoad (id,finalPosition,formatDate,initialPosition,label,identifierLine,removeFormat,required,fieldLoadCatalog_id,lineDefinition_id) VALUES (250029,293,NULL,284,'horaAutorizador',0,0,1,250029,1235);
INSERT FieldDefinitionLoad (id,finalPosition,formatDate,initialPosition,label,identifierLine,removeFormat,required,fieldLoadCatalog_id,lineDefinition_id) VALUES (250030,299,NULL,293,'horaDispositivo',0,0,1,250030,1235);
INSERT FieldDefinitionLoad (id,finalPosition,formatDate,initialPosition,label,identifierLine,removeFormat,required,fieldLoadCatalog_id,lineDefinition_id) VALUES (250031,311,NULL,299,'numeroReferencia',0,0,1,250031,1235);
INSERT FieldDefinitionLoad (id,finalPosition,formatDate,initialPosition,label,identifierLine,removeFormat,required,fieldLoadCatalog_id,lineDefinition_id) VALUES (250032,315,NULL,311,'red',0,0,1,250032,1235);
INSERT FieldDefinitionLoad (id,finalPosition,formatDate,initialPosition,label,identifierLine,removeFormat,required,fieldLoadCatalog_id,lineDefinition_id) VALUES (250033,331,NULL,315,'numeroDispositivo',0,0,1,250033,1235);
INSERT FieldDefinitionLoad (id,finalPosition,formatDate,initialPosition,label,identifierLine,removeFormat,required,fieldLoadCatalog_id,lineDefinition_id) VALUES (250034,341,NULL,331,'codigoEstablecimiento',0,0,1,250034,1235);
INSERT FieldDefinitionLoad (id,finalPosition,formatDate,initialPosition,label,identifierLine,removeFormat,required,fieldLoadCatalog_id,lineDefinition_id) VALUES (250035,343,NULL,341,'codigoCuenta',0,0,1,250035,1235);

INSERT VALIDATORCATALOG (id,className,description,name,scope,tenantId) VALUES (1235,'com.asopagos.subsidiomonetario.pagos.load.validator.PagosSubsidioMonetarioTarjetaAnibolLineValidator','validador de línea de carga de solicitud de conciliación de retiros del tercer pagador','Validador línea carga conciliación retiros del tercer pagador','LINE',null);
INSERT VALIDATORDEFINITION (ID,EXCLUDELINE,STOPPROCESS,VALIDATORORDER,FIELDDEFINITION_ID,FILEDEFINITIONLOAD_ID,LINEDEFINITION_ID,VALIDATORCATALOG_ID) VALUES (1235,1,null,1,null,null,1235,1235);

--changeset borozco:08
--comment:Se modifica campo en la tabla BitacoraCartera
ALTER TABLE BitacoraCartera ALTER COLUMN bcaActividad VARCHAR(22) NULL;

--changeset jocorrea:09
--comment:Se actualizan registros en las tablas ValidacionProceso y ParametrizacionNovedad
UPDATE ValidacionProceso SET vapBloque = 'NOVEDAD_AGREGAR_MIEMBRO_HOGAR_ADOPTIVO' WHERE vapBloque = 'NOVEDAD_AGREGAR_MIEMBRO_HOGAR_HIJO_ADOPTIVO' AND vapProceso = 'NOVEDADES_FOVIS_ESPECIAL' AND vapObjetoValidacion = 'HIJO_ADOPTIVO_HOGAR';
UPDATE ValidacionProceso SET vapBloque = 'NOVEDAD_AGREGAR_MIEMBRO_HOGAR_BIOLOGICO' WHERE vapBloque = 'NOVEDAD_AGREGAR_MIEMBRO_HOGAR_HIJO_BIOLOGICO' AND vapProceso = 'NOVEDADES_FOVIS_ESPECIAL' AND vapObjetoValidacion = 'HIJO_BIOLOGICO_HOGAR';
UPDATE ParametrizacionNovedad SET novTipoTransaccion = 'AGREGAR_MIEMBRO_HOGAR_ADOPTIVO' WHERE novTipoTransaccion = 'AGREGAR_MIEMBRO_HOGAR_HIJO_ADOPTIVO' AND novTipoNovedad = 'INTEGRANTE_HOGAR' AND novProceso = 'NOVEDADES_FOVIS_ESPECIAL';
UPDATE ParametrizacionNovedad SET novTipoTransaccion = 'AGREGAR_MIEMBRO_HOGAR_BIOLOGICO' WHERE novTipoTransaccion = 'AGREGAR_MIEMBRO_HOGAR_HIJO_BIOLOGICO' AND novTipoNovedad = 'INTEGRANTE_HOGAR' AND novProceso = 'NOVEDADES_FOVIS_ESPECIAL';
