--liquibase formatted sql

--changeset abaquero:01
--comment: Se crean las tablas TipoInfraestructura, TipoTenencia, Infraestructura, SitioPago y se adiciona campo en la tabla MedioEfectivo
CREATE TABLE TipoInfraestructura(
	tifId bigint NOT NULL IDENTITY, 
	tifCodigo varchar(3) NOT NULL, 
	tifNombre varchar(255) NOT NULL, 
	tifMedidaCapacidad varchar(40) NOT NULL, 
	tifActivo bit NOT NULL, 
CONSTRAINT PK_TipoInfraestructura_tifId PRIMARY KEY (tifId)
);

CREATE TABLE TipoTenencia(
	tenId bigint NOT NULL IDENTITY, 
	tenCodigo smallint NOT NULL, 
	tenNombre varchar(255) NOT NULL, 
	tenActivo bit NOT NULL, 
CONSTRAINT PK_TipoTenencia_tenId PRIMARY KEY (tenId)
);

CREATE TABLE Infraestructura(
	infId bigint NOT NULL IDENTITY, 
	infCodigoParaSSF varchar(13) NOT NULL, 
	infCodigoParaCCF varchar(12) NOT NULL, 
	infConsecutivoInfraestructura smallint NOT NULL, 
	infNombre varchar(255) NOT NULL, 
	infTipoInfraestructura bigint NOT NULL, 
	infZona varchar(255) NOT NULL, 
	infDireccion varchar(300) NOT NULL, 
	infAreaGeografica varchar(6) NOT NULL, 
	infMunicipio bigint NOT NULL, 
	infTipoTenencia bigint NOT NULL, 
	infLatitud numeric(9,6) NOT NULL, 
	infLongitud numeric(9,6) NOT NULL, 
	infActivo bit NOT NULL, 
	CONSTRAINT PK_Infraestructura_infId PRIMARY KEY (infId)
);

CREATE TABLE SitioPago(
	sipId bigint NOT NULL IDENTITY, 
	sipCodigo varchar(3) NOT NULL, 
	sipNombre varchar(255) NOT NULL, 
	sipInfraestructura bigint NOT NULL, 
	sipActivo bit NOT NULL, 
	CONSTRAINT PK_SitioPago_sipId PRIMARY KEY (sipId)
);

ALTER TABLE Infraestructura ADD CONSTRAINT FK_Infraestructura_infTipoInfraestructura FOREIGN KEY (infTipoInfraestructura) REFERENCES TipoInfraestructura (tifId);
ALTER TABLE Infraestructura ADD CONSTRAINT FK_Infraestructura_infTipoTenencia FOREIGN KEY (infTipoTenencia) REFERENCES TipoTenencia (tenId);
ALTER TABLE SitioPago ADD CONSTRAINT FK_SitioPago_sipInfraestructura FOREIGN KEY (sipInfraestructura) REFERENCES Infraestructura (infId);

ALTER TABLE MedioEfectivo ADD mefSitioPago bigint;
ALTER TABLE MedioEfectivo ADD CONSTRAINT FK_MedioEfectivo_mefSitioPago FOREIGN KEY (mefSitioPago) REFERENCES SitioPago (sipId);

--changeset abaquero:02
--comment: Insercion en las tablas TipoInfraestructura, TipoTenencia, Infraestructura y SitioPago
INSERT TipoTenencia (tenCodigo,tenNombre,tenActivo) VALUES ('01','Propio',1);
INSERT TipoTenencia (tenCodigo,tenNombre,tenActivo) VALUES ('02','Copropietario',1);
INSERT TipoTenencia (tenCodigo,tenNombre,tenActivo) VALUES ('03','Arrendador',1);
INSERT TipoTenencia (tenCodigo,tenNombre,tenActivo) VALUES ('04','Arrendatario',1);
INSERT TipoTenencia (tenCodigo,tenNombre,tenActivo) VALUES ('05','Administración/Coadministración',1);
INSERT TipoTenencia (tenCodigo,tenNombre,tenActivo) VALUES ('06','Comodatario',1);
INSERT TipoTenencia (tenCodigo,tenNombre,tenActivo) VALUES ('07','Concesionario',1);
INSERT TipoTenencia (tenCodigo,tenNombre,tenActivo) VALUES ('08','Concedente',1);
INSERT TipoTenencia (tenCodigo,tenNombre,tenActivo) VALUES ('09','Convenio',1);
INSERT TipoTenencia (tenCodigo,tenNombre,tenActivo) VALUES ('10','Uso libre',1);

INSERT TipoInfraestructura (tifCodigo,tifNombre,tifMedidaCapacidad,tifActivo) VALUES ('01','Centros recreacionales,unidades deportivas y/o clubes (no incluye alojamiento) ','NUMERO_MAXIMO_PERSONAS',1);
INSERT TipoInfraestructura (tifCodigo,tifNombre,tifMedidaCapacidad,tifActivo) VALUES ('02','Centros vacacionales (incluye alojamiento)','NUMERO_MAXIMO_PERSONAS',1);
INSERT TipoInfraestructura (tifCodigo,tifNombre,tifMedidaCapacidad,tifActivo) VALUES ('03','Parques temáticos','NUMERO_MAXIMO_PERSONAS',1);
INSERT TipoInfraestructura (tifCodigo,tifNombre,tifMedidaCapacidad,tifActivo) VALUES ('04','Hotel/ hostería /hostal','NUMERO_MAXIMO_PERSONAS',1);
INSERT TipoInfraestructura (tifCodigo,tifNombre,tifMedidaCapacidad,tifActivo) VALUES ('05','Museos','NUMERO_MAXIMO_PERSONAS',1);
INSERT TipoInfraestructura (tifCodigo,tifNombre,tifMedidaCapacidad,tifActivo) VALUES ('06','Teatros y/o Centro Cultural/ Centro de convenciones y/o auditorios','NUMERO_MAXIMO_PERSONAS',1);
INSERT TipoInfraestructura (tifCodigo,tifNombre,tifMedidaCapacidad,tifActivo) VALUES ('07','UIS Unidad integral de servicios (Cuando se prestan varios servicios en una misma infraestructura)/ Sede Administrativa','NUMERO_MAXIMO_PERSONAS',1);
INSERT TipoInfraestructura (tifCodigo,tifNombre,tifMedidaCapacidad,tifActivo) VALUES ('08','Unidad móvil','NUMERO_MAXIMO_PERSONAS',1);
INSERT TipoInfraestructura (tifCodigo,tifNombre,tifMedidaCapacidad,tifActivo) VALUES ('09','Biblioteca','NUMERO_MAXIMO_PERSONAS',1);
INSERT TipoInfraestructura (tifCodigo,tifNombre,tifMedidaCapacidad,tifActivo) VALUES ('10','Jardines Sociales/ Centro de Desarrollo Infantil/ Hogar Infantil','NUMERO_MAXIMO_CUPOS',1);
INSERT TipoInfraestructura (tifCodigo,tifNombre,tifMedidaCapacidad,tifActivo) VALUES ('11','Jardines Infantiles/ Guarderías','NUMERO_MAXIMO_CUPOS',1);
INSERT TipoInfraestructura (tifCodigo,tifNombre,tifMedidaCapacidad,tifActivo) VALUES ('12','Colegios','NUMERO_MAXIMO_CUPOS',1);
INSERT TipoInfraestructura (tifCodigo,tifNombre,tifMedidaCapacidad,tifActivo) VALUES ('13','Institutos Técnicos Profesional o escuelas Tecnológicas','NUMERO_MAXIMO_CUPOS',1);
INSERT TipoInfraestructura (tifCodigo,tifNombre,tifMedidaCapacidad,tifActivo) VALUES ('14','Universidades','NUMERO_MAXIMO_CUPOS',1);
INSERT TipoInfraestructura (tifCodigo,tifNombre,tifMedidaCapacidad,tifActivo) VALUES ('15','Centros de formación y capacitación','NUMERO_MAXIMO_CUPOS',1);
INSERT TipoInfraestructura (tifCodigo,tifNombre,tifMedidaCapacidad,tifActivo) VALUES ('16','Supermercados y/o almacenes','METROS_CUADRADOS',1);
INSERT TipoInfraestructura (tifCodigo,tifNombre,tifMedidaCapacidad,tifActivo) VALUES ('17','Droguerías','NO_APLICA',1);
INSERT TipoInfraestructura (tifCodigo,tifNombre,tifMedidaCapacidad,tifActivo) VALUES ('18','Ópticas','NO_APLICA',1);
INSERT TipoInfraestructura (tifCodigo,tifNombre,tifMedidaCapacidad,tifActivo) VALUES ('19','Restaurantes y cafeterías','NO_APLICA',1);
INSERT TipoInfraestructura (tifCodigo,tifNombre,tifMedidaCapacidad,tifActivo) VALUES ('20','Centro Médico NIVEL I','NO_APLICA',1);
INSERT TipoInfraestructura (tifCodigo,tifNombre,tifMedidaCapacidad,tifActivo) VALUES ('21','Centro Médico NIVEL II','NO_APLICA',1);
INSERT TipoInfraestructura (tifCodigo,tifNombre,tifMedidaCapacidad,tifActivo) VALUES ('22','Centro Médico NIVEL III','NO_APLICA',1);
INSERT TipoInfraestructura (tifCodigo,tifNombre,tifMedidaCapacidad,tifActivo) VALUES ('23','Centro Médico NIVEL IV','NO_APLICA',1);
INSERT TipoInfraestructura (tifCodigo,tifNombre,tifMedidaCapacidad,tifActivo) VALUES ('24','Agencias de empleo','NO_APLICA',1);
INSERT TipoInfraestructura (tifCodigo,tifNombre,tifMedidaCapacidad,tifActivo) VALUES ('25','Agencias de viajes','NO_APLICA',1);
INSERT TipoInfraestructura (tifCodigo,tifNombre,tifMedidaCapacidad,tifActivo) VALUES ('26','Infraestructura para programas o convenios especiales','NO_APLICA',1);
INSERT TipoInfraestructura (tifCodigo,tifNombre,tifMedidaCapacidad,tifActivo) VALUES ('27','Infraestructura EPSC/ EPSS/Medicina Prepagada','NO_APLICA',1);
INSERT TipoInfraestructura (tifCodigo,tifNombre,tifMedidaCapacidad,tifActivo) VALUES ('28','Bienes inmuebles de propiedad de la caja sin utilización en servicios al afiliado','METROS_CUADRADOS',1);
INSERT TipoInfraestructura (tifCodigo,tifNombre,tifMedidaCapacidad,tifActivo) VALUES ('29','Jardines Sociales/ Centro de Desarrollo Infantil/ Hogar Infantil y otros','NUMERO_MAXIMO_CUPOS',1);
INSERT TipoInfraestructura (tifCodigo,tifNombre,tifMedidaCapacidad,tifActivo) VALUES ('30','Espacios comunitarios para actividades AIN y JEC','NUMERO_MAXIMO_CUPOS',1);

INSERT Infraestructura (infCodigoParaSSF,infCodigoParaCCF,infConsecutivoInfraestructura,infNombre,infTipoInfraestructura,infZona,infDireccion,infAreaGeografica,infMunicipio,infTipoTenencia,infLatitud,infLongitud,infActivo) VALUES ('CCF011-15-001','CCF11-15-001',1,'ACADEMIA ALEXANDER',15,'Manizales','CARRERA 24 N° 53 A 25','URBANA',319,1,5.062274,-75.495666,1);
INSERT Infraestructura (infCodigoParaSSF,infCodigoParaCCF,infConsecutivoInfraestructura,infNombre,infTipoInfraestructura,infZona,infDireccion,infAreaGeografica,infMunicipio,infTipoTenencia,infLatitud,infLongitud,infActivo) VALUES ('CCF011-07-002','CCF11-07-002',2,'AGENCIA ANSERMA',7,'SurOcc','CALLE 8 NO 3-38 CENTRO ','URBANA',321,1,5.062274,-75.787138,1);
INSERT Infraestructura (infCodigoParaSSF,infCodigoParaCCF,infConsecutivoInfraestructura,infNombre,infTipoInfraestructura,infZona,infDireccion,infAreaGeografica,infMunicipio,infTipoTenencia,infLatitud,infLongitud,infActivo) VALUES ('CCF011-07-003','CCF11-07-003',3,'AGENCIA CHINCHINÁ',7,'CentroSur','CRA 6A NO 8-35 CENTRO DE SERVICIOS CAFETEROS','URBANA',324,1,5.062274,-75.603056,1);
INSERT Infraestructura (infCodigoParaSSF,infCodigoParaCCF,infConsecutivoInfraestructura,infNombre,infTipoInfraestructura,infZona,infDireccion,infAreaGeografica,infMunicipio,infTipoTenencia,infLatitud,infLongitud,infActivo) VALUES ('CCF011-07-004','CCF11-07-004',4,'AGENCIA PENSILVANIA',7,'Oriente','CALLE 3 Nº 7 - 49','URBANA',336,1,5.062274,-75.161847,1);
INSERT Infraestructura (infCodigoParaSSF,infCodigoParaCCF,infConsecutivoInfraestructura,infNombre,infTipoInfraestructura,infZona,infDireccion,infAreaGeografica,infMunicipio,infTipoTenencia,infLatitud,infLongitud,infActivo) VALUES ('CCF011-07-005','CCF11-07-005',5,'AGENCIA RIOSUCIO',7,'Occidente',' CARRERA 6A Nº 6 - 13 ','URBANA',337,1,5.062274,-75.703974,1);
INSERT Infraestructura (infCodigoParaSSF,infCodigoParaCCF,infConsecutivoInfraestructura,infNombre,infTipoInfraestructura,infZona,infDireccion,infAreaGeografica,infMunicipio,infTipoTenencia,infLatitud,infLongitud,infActivo) VALUES ('CCF011-07-006','CCF11-07-006',6,'AGENCIA SALAMINA',7,'Norte','CALLE 7A Nº 6 - 13','URBANA',339,1,5.062274,-75.487314,1);
INSERT Infraestructura (infCodigoParaSSF,infCodigoParaCCF,infConsecutivoInfraestructura,infNombre,infTipoInfraestructura,infZona,infDireccion,infAreaGeografica,infMunicipio,infTipoTenencia,infLatitud,infLongitud,infActivo) VALUES ('CCF011-06-007','CCF11-06-007',7,'AUDITORIO HERNANDO ARISTIZÁBAL BOTERO',6,'Manizales','CR 25 CLL 50 ESQUINA','URBANA',319,1,5.062274,-75.498748,1);
INSERT Infraestructura (infCodigoParaSSF,infCodigoParaCCF,infConsecutivoInfraestructura,infNombre,infTipoInfraestructura,infZona,infDireccion,infAreaGeografica,infMunicipio,infTipoTenencia,infLatitud,infLongitud,infActivo) VALUES ('CCF011-09-008','CCF11-09-008',8,'BIBLIOTECA AGUADAS',9,'Norte','CLL 6,CR 3 - ESQUINA CASA DE LA CULTURA FRANCISCO GIRALDO,BIBLIO PÚBLICA MUNICIPAL ','URBANA',320,1,5.062274,-75.459207,1);
INSERT Infraestructura (infCodigoParaSSF,infCodigoParaCCF,infConsecutivoInfraestructura,infNombre,infTipoInfraestructura,infZona,infDireccion,infAreaGeografica,infMunicipio,infTipoTenencia,infLatitud,infLongitud,infActivo) VALUES ('CCF011-09-009','CCF11-09-009',9,'BIBLIOTECA ANSERMA',9,'SurOcc','CR 2 CASA DE LA CULTURA','URBANA',321,1,5.062274,-75.784146,1);
INSERT Infraestructura (infCodigoParaSSF,infCodigoParaCCF,infConsecutivoInfraestructura,infNombre,infTipoInfraestructura,infZona,infDireccion,infAreaGeografica,infMunicipio,infTipoTenencia,infLatitud,infLongitud,infActivo) VALUES ('CCF011-09-010','CCF11-09-010',10,'BIBLIOTECA ARAUCA',9,'CentroSur','CR 4 PRIMER PISO CASA CURAL AUDITORIO ANTONIO ROJAS','URBANA',335,1,5.062274,-75.702423,1);
INSERT Infraestructura (infCodigoParaSSF,infCodigoParaCCF,infConsecutivoInfraestructura,infNombre,infTipoInfraestructura,infZona,infDireccion,infAreaGeografica,infMunicipio,infTipoTenencia,infLatitud,infLongitud,infActivo) VALUES ('CCF011-09-011','CCF11-09-011',11,'BIBLIOTECA BOSQUES DEL NORTE',9,'Manizales','CR 4 # 48 I - 01 BOSQUES DEL NORTE,CENTRO INTEGRAL SOCIAL Y COMUNITARIO.','URBANA',319,1,5.062274,-75.491391,1);
INSERT Infraestructura (infCodigoParaSSF,infCodigoParaCCF,infConsecutivoInfraestructura,infNombre,infTipoInfraestructura,infZona,infDireccion,infAreaGeografica,infMunicipio,infTipoTenencia,infLatitud,infLongitud,infActivo) VALUES ('CCF011-09-012','CCF11-09-012',12,'BIBLIOTECA CHINCHINÁ',9,'CentroSur','CR 6 # 8 - 35 CENTRO DE SERVICIOS PARA EL TRABAJADOR CAFETERO','URBANA',324,1,5.062274,-75.603083,1);
INSERT Infraestructura (infCodigoParaSSF,infCodigoParaCCF,infConsecutivoInfraestructura,infNombre,infTipoInfraestructura,infZona,infDireccion,infAreaGeografica,infMunicipio,infTipoTenencia,infLatitud,infLongitud,infActivo) VALUES ('CCF011-09-013','CCF11-09-013',13,'BIBLIOTECA DORADA CENTRO',9,'MagdalenaCaldense','CRA 3 # 14-49 SEDE PRINCIPAL CONFAMILIARES DORADA.','URBANA',326,1,5.062274,-74.663471,1);
INSERT Infraestructura (infCodigoParaSSF,infCodigoParaCCF,infConsecutivoInfraestructura,infNombre,infTipoInfraestructura,infZona,infDireccion,infAreaGeografica,infMunicipio,infTipoTenencia,infLatitud,infLongitud,infActivo) VALUES ('CCF011-09-014','CCF11-09-014',14,'BIBLIOTECA DORADA FERIAS',9,'MagdalenaCaldense','CR 9 # 45 A - 14','URBANA',326,1,5.062274,-74.675511,1);
INSERT Infraestructura (infCodigoParaSSF,infCodigoParaCCF,infConsecutivoInfraestructura,infNombre,infTipoInfraestructura,infZona,infDireccion,infAreaGeografica,infMunicipio,infTipoTenencia,infLatitud,infLongitud,infActivo) VALUES ('CCF011-09-015','CCF11-09-015',15,'BIBLIOTECA FILADELFIA',9,'Norte','AV. LOS CRISTALES - SEDE EMBAJADA DEL JAPÓN','URBANA',325,1,5.062274,-75.561582,1);
INSERT Infraestructura (infCodigoParaSSF,infCodigoParaCCF,infConsecutivoInfraestructura,infNombre,infTipoInfraestructura,infZona,infDireccion,infAreaGeografica,infMunicipio,infTipoTenencia,infLatitud,infLongitud,infActivo) VALUES ('CCF011-09-016','CCF11-09-016',16,'BIBLIOTECA LA MERCED',9,'Occidente','COLISEO MUNICIPAL','URBANA',327,1,5.062274,-75.547502,1);
INSERT Infraestructura (infCodigoParaSSF,infCodigoParaCCF,infConsecutivoInfraestructura,infNombre,infTipoInfraestructura,infZona,infDireccion,infAreaGeografica,infMunicipio,infTipoTenencia,infLatitud,infLongitud,infActivo) VALUES ('CCF011-09-017','CCF11-09-017',17,'BIBLIOTECA MALHABAR',9,'Manizales','CR 42 # 67C - 31 CASA DE LA CULTURA MALHABAR','URBANA',319,1,5.062274,-75.503555,1);
INSERT Infraestructura (infCodigoParaSSF,infCodigoParaCCF,infConsecutivoInfraestructura,infNombre,infTipoInfraestructura,infZona,infDireccion,infAreaGeografica,infMunicipio,infTipoTenencia,infLatitud,infLongitud,infActivo) VALUES ('CCF011-09-018','CCF11-09-018',18,'BIBLIOTECA MANZANARES',9,'Oriente','CR 4 # 6-34,SEGUNDO PISO GALERIAS CENTRO CULTURAL Y DE LA JUVENTUD NESTOR VILLEGAS DUQUE','URBANA',328,1,5.062274,-75.155227,1);
INSERT Infraestructura (infCodigoParaSSF,infCodigoParaCCF,infConsecutivoInfraestructura,infNombre,infTipoInfraestructura,infZona,infDireccion,infAreaGeografica,infMunicipio,infTipoTenencia,infLatitud,infLongitud,infActivo) VALUES ('CCF011-09-019','CCF11-09-019',19,'BIBLIOTECA MARMATO',9,'Occidente','SECTOR LA PLAZA EN EL ALTO ANTIGUO HOSPITAL','URBANA',329,1,5.062274,-75.601032,1);
INSERT Infraestructura (infCodigoParaSSF,infCodigoParaCCF,infConsecutivoInfraestructura,infNombre,infTipoInfraestructura,infZona,infDireccion,infAreaGeografica,infMunicipio,infTipoTenencia,infLatitud,infLongitud,infActivo) VALUES ('CCF011-09-020','CCF11-09-020',20,'BIBLIOTECA MARQUETALIA',9,'Oriente','CR 7 COLISEO DEPORTIVO','URBANA',330,1,5.062274,-75.054040,1);
INSERT Infraestructura (infCodigoParaSSF,infCodigoParaCCF,infConsecutivoInfraestructura,infNombre,infTipoInfraestructura,infZona,infDireccion,infAreaGeografica,infMunicipio,infTipoTenencia,infLatitud,infLongitud,infActivo) VALUES ('CCF011-09-021','CCF11-09-021',21,'BIBLIOTECA MARULANDA',9,'Oriente','CR 6 # 7-35,CASA DE LA CULTURA PLAZA PRINCIPAL','URBANA',331,1,5.062274,-75.261310,1);
INSERT Infraestructura (infCodigoParaSSF,infCodigoParaCCF,infConsecutivoInfraestructura,infNombre,infTipoInfraestructura,infZona,infDireccion,infAreaGeografica,infMunicipio,infTipoTenencia,infLatitud,infLongitud,infActivo) VALUES ('CCF011-09-022','CCF11-09-022',22,'BIBLIOTECA PÁCORA',9,'Norte','CR 3 ENCIMA DE LA ESTACIÓN DE POLICÍA','URBANA',334,1,5.062274,-75.460649,1);
INSERT Infraestructura (infCodigoParaSSF,infCodigoParaCCF,infConsecutivoInfraestructura,infNombre,infTipoInfraestructura,infZona,infDireccion,infAreaGeografica,infMunicipio,infTipoTenencia,infLatitud,infLongitud,infActivo) VALUES ('CCF011-09-023','CCF11-09-023',23,'BIBLIOTECA PENSILVANIA',9,'Oriente','CLL 6 # 6-44,BIBLIOTECA PÚBLICA MUNICIPAL','URBANA',336,1,5.062274,-75.160878,1);
INSERT Infraestructura (infCodigoParaSSF,infCodigoParaCCF,infConsecutivoInfraestructura,infNombre,infTipoInfraestructura,infZona,infDireccion,infAreaGeografica,infMunicipio,infTipoTenencia,infLatitud,infLongitud,infActivo) VALUES ('CCF011-09-024','CCF11-09-024',24,'BIBLIOTECA RESGUARDO INDÍGENA ESCOPETERA Y PIRZA',9,'Occidente','VEREDA BONAFÓN PARQUE PRINCIPAL','URBANA',337,1,5.062274,-75.678891,1);
INSERT Infraestructura (infCodigoParaSSF,infCodigoParaCCF,infConsecutivoInfraestructura,infNombre,infTipoInfraestructura,infZona,infDireccion,infAreaGeografica,infMunicipio,infTipoTenencia,infLatitud,infLongitud,infActivo) VALUES ('CCF011-09-025','CCF11-09-025',25,'BIBLIOTECA RESGUARDO INDÍGENA LA MONTAÑA',9,'Occidente','VEREDA EL SALADO  PARQUE PRINCIPAL','URBANA',337,1,5.062274,-75.172502,1);
INSERT Infraestructura (infCodigoParaSSF,infCodigoParaCCF,infConsecutivoInfraestructura,infNombre,infTipoInfraestructura,infZona,infDireccion,infAreaGeografica,infMunicipio,infTipoTenencia,infLatitud,infLongitud,infActivo) VALUES ('CCF011-09-026','CCF11-09-026',26,'BIBLIOTECA RESGUARDO INDÍGENA SAN LORENZO',9,'Occidente','PARQUE PRINCIPAL RESGUARDO INDIGENA SAN LORENZO','URBANA',337,1,5.062274,-75.694234,1);
INSERT Infraestructura (infCodigoParaSSF,infCodigoParaCCF,infConsecutivoInfraestructura,infNombre,infTipoInfraestructura,infZona,infDireccion,infAreaGeografica,infMunicipio,infTipoTenencia,infLatitud,infLongitud,infActivo) VALUES ('CCF011-09-027','CCF11-09-027',27,'BIBLIOTECA RISARALDA',9,'SurOcc','CENTRO CULTURAL Y EDUCATIVO "ANGASKA" FRENTE AL PARQUE BOLIVAR','URBANA',338,1,5.062274,-75.767569,1);
INSERT Infraestructura (infCodigoParaSSF,infCodigoParaCCF,infConsecutivoInfraestructura,infNombre,infTipoInfraestructura,infZona,infDireccion,infAreaGeografica,infMunicipio,infTipoTenencia,infLatitud,infLongitud,infActivo) VALUES ('CCF011-09-028','CCF11-09-028',28,'BIBLIOTECA SAMANÁ',9,'MagdalenaCaldense','CENTRO CULTURAL AGUA Y MIEL MUNICIPIO DE SAMANA','URBANA',340,1,5.062274,-74.992470,1);
INSERT Infraestructura (infCodigoParaSSF,infCodigoParaCCF,infConsecutivoInfraestructura,infNombre,infTipoInfraestructura,infZona,infDireccion,infAreaGeografica,infMunicipio,infTipoTenencia,infLatitud,infLongitud,infActivo) VALUES ('CCF011-09-029','CCF11-09-029',29,'BIBLIOTECA SAN JOSÉ',9,'Manizales','CR 17 # 26 - 53 CASA DE LA CULTURA SAN JOSE ','URBANA',319,1,5.062274,-75.514720,1);
INSERT Infraestructura (infCodigoParaSSF,infCodigoParaCCF,infConsecutivoInfraestructura,infNombre,infTipoInfraestructura,infZona,infDireccion,infAreaGeografica,infMunicipio,infTipoTenencia,infLatitud,infLongitud,infActivo) VALUES ('CCF011-09-030','CCF11-09-030',30,'BIBLIOTECA SAN JOSE DE CALDAS',9,'SurOcc','CR 2 # 6-09 CENTRO DE DESARROLLO MUNICIPAL','URBANA',341,1,5.062274,-75.791422,1);
INSERT Infraestructura (infCodigoParaSSF,infCodigoParaCCF,infConsecutivoInfraestructura,infNombre,infTipoInfraestructura,infZona,infDireccion,infAreaGeografica,infMunicipio,infTipoTenencia,infLatitud,infLongitud,infActivo) VALUES ('CCF011-09-031','CCF11-09-031',31,'BIBLIOTECA SAN MARCEL',9,'Manizales','CR 30  # 93 25 AV. ALBERTO MENDOZA','URBANA',319,1,5.062274,-75.468852,1);
INSERT Infraestructura (infCodigoParaSSF,infCodigoParaCCF,infConsecutivoInfraestructura,infNombre,infTipoInfraestructura,infZona,infDireccion,infAreaGeografica,infMunicipio,infTipoTenencia,infLatitud,infLongitud,infActivo) VALUES ('CCF011-09-032','CCF11-09-032',32,'BIBLIOTECA VILLAMARÍA',9,'CentroSur','CR 4 PARQUE PRINCIPAL ESQUINA CASA DE LA CULTURA ','URBANA',344,1,5.062274,-75.512531,1);
INSERT Infraestructura (infCodigoParaSSF,infCodigoParaCCF,infConsecutivoInfraestructura,infNombre,infTipoInfraestructura,infZona,infDireccion,infAreaGeografica,infMunicipio,infTipoTenencia,infLatitud,infLongitud,infActivo) VALUES ('CCF011-09-033','CCF11-09-033',33,'BIBLIOTECA VITERBO',9,'SurOcc','CR 8 # 7-39,SEDE CASA DE LA CULTURA ','URBANA',345,1,5.062274,-75.872717,1);
INSERT Infraestructura (infCodigoParaSSF,infCodigoParaCCF,infConsecutivoInfraestructura,infNombre,infTipoInfraestructura,infZona,infDireccion,infAreaGeografica,infMunicipio,infTipoTenencia,infLatitud,infLongitud,infActivo) VALUES ('CCF011-26-034','CCF11-26-034',34,'BUENCAFE',26,'CentroSur','BARRIO LA CEIBA CARRERA 5','URBANA',324,1,5.062274,-75.610331,1);
INSERT Infraestructura (infCodigoParaSSF,infCodigoParaCCF,infConsecutivoInfraestructura,infNombre,infTipoInfraestructura,infZona,infDireccion,infAreaGeografica,infMunicipio,infTipoTenencia,infLatitud,infLongitud,infActivo) VALUES ('CCF011-15-035','CCF11-15-035',35,'CASA TALLER KALHO',15,'Manizales','CLLE 54 NO. 23-91','URBANA',319,1,5.062274,-75.495255,1);
INSERT Infraestructura (infCodigoParaSSF,infCodigoParaCCF,infConsecutivoInfraestructura,infNombre,infTipoInfraestructura,infZona,infDireccion,infAreaGeografica,infMunicipio,infTipoTenencia,infLatitud,infLongitud,infActivo) VALUES ('CCF011-01-037','CCF11-01-037',37,'CENTRO RECREACIONAL ALEGRÍA TROPICAL',1,'MagdalenaCaldense','CARRERA 6 VARIANTE A 600 MTS','URBANA',326,1,5.062274,-74.673534,1);
INSERT Infraestructura (infCodigoParaSSF,infCodigoParaCCF,infConsecutivoInfraestructura,infNombre,infTipoInfraestructura,infZona,infDireccion,infAreaGeografica,infMunicipio,infTipoTenencia,infLatitud,infLongitud,infActivo) VALUES ('CCF011-02-038','CCF11-02-038',38,'CENTRO VACACIONAL EL BOSQUE',2,'Oriente','VEREDA EL BOSQUE','URBANA',336,1,5.062274,-75.182091,1);
INSERT Infraestructura (infCodigoParaSSF,infCodigoParaCCF,infConsecutivoInfraestructura,infNombre,infTipoInfraestructura,infZona,infDireccion,infAreaGeografica,infMunicipio,infTipoTenencia,infLatitud,infLongitud,infActivo) VALUES ('CCF011-02-039','CCF11-02-039',39,'CENTRO VACACIONAL LA ROCHELA',2,'CentroSur','KM 32 VIA ARAUCA','URBANA',335,1,5.062274,-75.682335,1);
INSERT Infraestructura (infCodigoParaSSF,infCodigoParaCCF,infConsecutivoInfraestructura,infNombre,infTipoInfraestructura,infZona,infDireccion,infAreaGeografica,infMunicipio,infTipoTenencia,infLatitud,infLongitud,infActivo) VALUES ('CCF011-02-040','CCF11-02-040',40,'CENTRO VACACIONAL SANTÁGUEDA',2,'CentroSur','KM 30 VIA ARAUCA','URBANA',335,1,5.062274,-75.667275,1);
INSERT Infraestructura (infCodigoParaSSF,infCodigoParaCCF,infConsecutivoInfraestructura,infNombre,infTipoInfraestructura,infZona,infDireccion,infAreaGeografica,infMunicipio,infTipoTenencia,infLatitud,infLongitud,infActivo) VALUES ('CCF011-26-041','CCF11-26-041',41,'CHEC',26,'Manizales','KM 1 VIA CHINCHINA','URBANA',319,1,5.062274,-75.532163,1);
INSERT Infraestructura (infCodigoParaSSF,infCodigoParaCCF,infConsecutivoInfraestructura,infNombre,infTipoInfraestructura,infZona,infDireccion,infAreaGeografica,infMunicipio,infTipoTenencia,infLatitud,infLongitud,infActivo) VALUES ('CCF011-07-042','CCF11-07-042',42,'COORDINACIÓN MANZANARES ',7,'Oriente','CRA 4 NO 5-12','URBANA',328,1,5.062274,-75.154304,1);
INSERT Infraestructura (infCodigoParaSSF,infCodigoParaCCF,infConsecutivoInfraestructura,infNombre,infTipoInfraestructura,infZona,infDireccion,infAreaGeografica,infMunicipio,infTipoTenencia,infLatitud,infLongitud,infActivo) VALUES ('CCF011-07-043','CCF11-07-043',43,'COORDINACIÓN SUPÍA',7,'Occidente','CLLE 33 NO 7-28','URBANA',342,1,5.062274,-75.650108,1);
INSERT Infraestructura (infCodigoParaSSF,infCodigoParaCCF,infConsecutivoInfraestructura,infNombre,infTipoInfraestructura,infZona,infDireccion,infAreaGeografica,infMunicipio,infTipoTenencia,infLatitud,infLongitud,infActivo) VALUES ('CCF011-07-044','CCF11-07-044',44,'COORDINACIÓN VILLAMARÍA',7,'CentroSur','CALLE 10 NO 4-14 ','URBANA',344,1,5.062274,-75.511557,1);
INSERT Infraestructura (infCodigoParaSSF,infCodigoParaCCF,infConsecutivoInfraestructura,infNombre,infTipoInfraestructura,infZona,infDireccion,infAreaGeografica,infMunicipio,infTipoTenencia,infLatitud,infLongitud,infActivo) VALUES ('CCF011-15-045','CCF11-15-045',45,'CORPORACIÓN ALBERTO ARANGO - CEDER',15,'Manizales','CRA 18 NO 72-61 ','URBANA',319,1,5.062274,-75.479696,1);
INSERT Infraestructura (infCodigoParaSSF,infCodigoParaCCF,infConsecutivoInfraestructura,infNombre,infTipoInfraestructura,infZona,infDireccion,infAreaGeografica,infMunicipio,infTipoTenencia,infLatitud,infLongitud,infActivo) VALUES ('CCF011-15-046','CCF11-15-046',46,'CORPORACIÓN RAFAEL POMBO',15,'Manizales','CLL 50 NO. 27-02','URBANA',319,1,5.062274,-75.468833,1);
INSERT Infraestructura (infCodigoParaSSF,infCodigoParaCCF,infConsecutivoInfraestructura,infNombre,infTipoInfraestructura,infZona,infDireccion,infAreaGeografica,infMunicipio,infTipoTenencia,infLatitud,infLongitud,infActivo) VALUES ('CCF011-15-047','CCF11-15-047',47,'FUNDACIÓN BATUTA',15,'Manizales','CRA 22 NO. 70B-31','URBANA',319,1,5.062274,-75.482805,1);
INSERT Infraestructura (infCodigoParaSSF,infCodigoParaCCF,infConsecutivoInfraestructura,infNombre,infTipoInfraestructura,infZona,infDireccion,infAreaGeografica,infMunicipio,infTipoTenencia,infLatitud,infLongitud,infActivo) VALUES ('CCF011-12-048','CCF11-12-048',48,'INSTITUCIÓN EDUCATIVA ANDRÉS BELLO',12,'Manizales','CLL 27 N° 32 - 03','URBANA',319,1,5.062274,-75.513831,1);
INSERT Infraestructura (infCodigoParaSSF,infCodigoParaCCF,infConsecutivoInfraestructura,infNombre,infTipoInfraestructura,infZona,infDireccion,infAreaGeografica,infMunicipio,infTipoTenencia,infLatitud,infLongitud,infActivo) VALUES ('CCF011-12-049','CCF11-12-049',49,'INSTITUCIÓN EDUCATIVA LA PALMA',12,'Manizales','KILOMETRO 3 VIA LA LINDA','URBANA',319,1,5.062274,-75.533175,1);
INSERT Infraestructura (infCodigoParaSSF,infCodigoParaCCF,infConsecutivoInfraestructura,infNombre,infTipoInfraestructura,infZona,infDireccion,infAreaGeografica,infMunicipio,infTipoTenencia,infLatitud,infLongitud,infActivo) VALUES ('CCF011-12-050','CCF11-12-050',50,'INSTITUCIÓN EDUCATIVA NORMAL SUPERIOR DE CALDAS',12,'Manizales','CRA 23 N° 23 - 48','URBANA',319,1,5.062274,-75.499197,1);
INSERT Infraestructura (infCodigoParaSSF,infCodigoParaCCF,infConsecutivoInfraestructura,infNombre,infTipoInfraestructura,infZona,infDireccion,infAreaGeografica,infMunicipio,infTipoTenencia,infLatitud,infLongitud,infActivo) VALUES ('CCF011-12-051','CCF11-12-051',51,'INSTITUCIÓN EDUCATIVA SAN ANTONIO DE ARMA',12,'Norte','CORREGIMIENTO DE ARMA','URBANA',320,1,5.062274,-75.538055,1);
INSERT Infraestructura (infCodigoParaSSF,infCodigoParaCCF,infConsecutivoInfraestructura,infNombre,infTipoInfraestructura,infZona,infDireccion,infAreaGeografica,infMunicipio,infTipoTenencia,infLatitud,infLongitud,infActivo) VALUES ('CCF011-12-052','CCF11-12-052',52,'INSTITUCIÓN EDUCATIVA SARA OSPINA GRISALES',12,'Norte','CRA 9 N° 3 - 75','URBANA',339,1,5.062274,-75.486002,1);
INSERT Infraestructura (infCodigoParaSSF,infCodigoParaCCF,infConsecutivoInfraestructura,infNombre,infTipoInfraestructura,infZona,infDireccion,infAreaGeografica,infMunicipio,infTipoTenencia,infLatitud,infLongitud,infActivo) VALUES ('CCF011-12-053','CCF11-12-053',53,'INSTITUCIÓN EDUCATIVA ADOLFO HOYOS',12,'Manizales','CRA 13 CLL 1A ','URBANA',319,1,5.062274,-75.538556,1);
INSERT Infraestructura (infCodigoParaSSF,infCodigoParaCCF,infConsecutivoInfraestructura,infNombre,infTipoInfraestructura,infZona,infDireccion,infAreaGeografica,infMunicipio,infTipoTenencia,infLatitud,infLongitud,infActivo) VALUES ('CCF011-12-054','CCF11-12-054',54,'INSTITUCIÓN EDUCATIVA ALFONSO LÓPEZ',12,'MagdalenaCaldense','CRA 2 ENTRE CLL 41 Y 42','URBANA',326,1,5.062274,-74.669366,1);
INSERT Infraestructura (infCodigoParaSSF,infCodigoParaCCF,infConsecutivoInfraestructura,infNombre,infTipoInfraestructura,infZona,infDireccion,infAreaGeografica,infMunicipio,infTipoTenencia,infLatitud,infLongitud,infActivo) VALUES ('CCF011-12-055','CCF11-12-055',55,'INSTITUCIÓN EDUCATIVA ARANJUEZ',12,'Manizales','CRA 43 SECTOR 77','URBANA',319,1,5.062274,-75.500361,1);
INSERT Infraestructura (infCodigoParaSSF,infCodigoParaCCF,infConsecutivoInfraestructura,infNombre,infTipoInfraestructura,infZona,infDireccion,infAreaGeografica,infMunicipio,infTipoTenencia,infLatitud,infLongitud,infActivo) VALUES ('CCF011-12-056','CCF11-12-056',56,'INSTITUCIÓN EDUCATIVA ASUNCIÓN',12,'Manizales','CRA 19A N° 52 - 25','URBANA',319,1,5.062274,-75.494446,1);
INSERT Infraestructura (infCodigoParaSSF,infCodigoParaCCF,infConsecutivoInfraestructura,infNombre,infTipoInfraestructura,infZona,infDireccion,infAreaGeografica,infMunicipio,infTipoTenencia,infLatitud,infLongitud,infActivo) VALUES ('CCF011-12-057','CCF11-12-057',57,'INSTITUCIÓN EDUCATIVA ATANASIO GIRARDOT',12,'Manizales','CLL 67 N° 30C -33','URBANA',319,1,5.062274,-75.494806,1);
INSERT Infraestructura (infCodigoParaSSF,infCodigoParaCCF,infConsecutivoInfraestructura,infNombre,infTipoInfraestructura,infZona,infDireccion,infAreaGeografica,infMunicipio,infTipoTenencia,infLatitud,infLongitud,infActivo) VALUES ('CCF011-12-058','CCF11-12-058',58,'INSTITUCIÓN EDUCATIVA AURELIANO FLÓREZ',12,'SurOcc','KM 4 VÍA A MEDELLIN','URBANA',321,1,5.062274,-75.780553,1);
INSERT Infraestructura (infCodigoParaSSF,infCodigoParaCCF,infConsecutivoInfraestructura,infNombre,infTipoInfraestructura,infZona,infDireccion,infAreaGeografica,infMunicipio,infTipoTenencia,infLatitud,infLongitud,infActivo) VALUES ('CCF011-12-059','CCF11-12-059',59,'INSTITUCIÓN EDUCATIVA BARTOLOMÉ MITRE',12,'CentroSur','CLL 5 ENTRE CRA 7 Y 8','URBANA',324,1,5.062274,-75.608558,1);
INSERT Infraestructura (infCodigoParaSSF,infCodigoParaCCF,infConsecutivoInfraestructura,infNombre,infTipoInfraestructura,infZona,infDireccion,infAreaGeografica,infMunicipio,infTipoTenencia,infLatitud,infLongitud,infActivo) VALUES ('CCF011-12-060','CCF11-12-060',60,'INSTITUCIÓN EDUCATIVA BOSQUES DEL NORTE',12,'Manizales','CLL 48E CRA 3F','URBANA',319,1,5.062274,-75.489157,1);
INSERT Infraestructura (infCodigoParaSSF,infCodigoParaCCF,infConsecutivoInfraestructura,infNombre,infTipoInfraestructura,infZona,infDireccion,infAreaGeografica,infMunicipio,infTipoTenencia,infLatitud,infLongitud,infActivo) VALUES ('CCF011-12-061','CCF11-12-061',61,'INSTITUCIÓN EDUCATIVA BUENA VISTA',12,'MagdalenaCaldense','VEREDA BUENA VISTA','URBANA',326,1,5.062274,-74.674826,1);
INSERT Infraestructura (infCodigoParaSSF,infCodigoParaCCF,infConsecutivoInfraestructura,infNombre,infTipoInfraestructura,infZona,infDireccion,infAreaGeografica,infMunicipio,infTipoTenencia,infLatitud,infLongitud,infActivo) VALUES ('CCF011-12-062','CCF11-12-062',62,'INSTITUCIÓN EDUCATIVA CAÑAMOMO Y LOMAPRIETA',12,'Occidente','COMUNIDAD DE GUAMAL','URBANA',342,1,5.062274,-75.660898,1);
INSERT Infraestructura (infCodigoParaSSF,infCodigoParaCCF,infConsecutivoInfraestructura,infNombre,infTipoInfraestructura,infZona,infDireccion,infAreaGeografica,infMunicipio,infTipoTenencia,infLatitud,infLongitud,infActivo) VALUES ('CCF011-12-063','CCF11-12-063',63,'INSTITUCIÓN EDUCATIVA CHIPRE',12,'Manizales','CRA 6A N° 7 - 21','URBANA',319,1,5.062274,-75.525333,1);
INSERT Infraestructura (infCodigoParaSSF,infCodigoParaCCF,infConsecutivoInfraestructura,infNombre,infTipoInfraestructura,infZona,infDireccion,infAreaGeografica,infMunicipio,infTipoTenencia,infLatitud,infLongitud,infActivo) VALUES ('CCF011-12-064','CCF11-12-064',64,'INSTITUCIÓN EDUCATIVA COLEGIO DE CRISTO',12,'Manizales','CRA 18 N° 71 - 33','URBANA',319,1,5.062274,-75.480306,1);
INSERT Infraestructura (infCodigoParaSSF,infCodigoParaCCF,infConsecutivoInfraestructura,infNombre,infTipoInfraestructura,infZona,infDireccion,infAreaGeografica,infMunicipio,infTipoTenencia,infLatitud,infLongitud,infActivo) VALUES ('CCF011-12-065','CCF11-12-065',65,'INSTITUCIÓN EDUCATIVA CRISTO REY ',12,'SurOcc','CRA 4 N° 21 - 36','URBANA',323,1,5.062274,-75.811132,1);
INSERT Infraestructura (infCodigoParaSSF,infCodigoParaCCF,infConsecutivoInfraestructura,infNombre,infTipoInfraestructura,infZona,infDireccion,infAreaGeografica,infMunicipio,infTipoTenencia,infLatitud,infLongitud,infActivo) VALUES ('CCF011-12-066','CCF11-12-066',66,'INSTITUCIÓN EDUCATIVA DIVINA PROVIDENCIA',12,'Manizales','CLL 27 N° 15 - 17','URBANA',319,1,5.062274,-75.514555,1);
INSERT Infraestructura (infCodigoParaSSF,infCodigoParaCCF,infConsecutivoInfraestructura,infNombre,infTipoInfraestructura,infZona,infDireccion,infAreaGeografica,infMunicipio,infTipoTenencia,infLatitud,infLongitud,infActivo) VALUES ('CCF011-12-067','CCF11-12-067',67,'INSTITUCIÓN EDUCATIVA DORADA',12,'MagdalenaCaldense','CRA 6 N° 3 - 81','URBANA',326,1,5.062274,-74.662446,1);
INSERT Infraestructura (infCodigoParaSSF,infCodigoParaCCF,infConsecutivoInfraestructura,infNombre,infTipoInfraestructura,infZona,infDireccion,infAreaGeografica,infMunicipio,infTipoTenencia,infLatitud,infLongitud,infActivo) VALUES ('CCF011-12-068','CCF11-12-068',68,'INSTITUCIÓN EDUCATIVA EL JAPÓN',12,'MagdalenaCaldense','VEREDA EL JAPON','URBANA',326,1,5.062274,-74.650167,1);
INSERT Infraestructura (infCodigoParaSSF,infCodigoParaCCF,infConsecutivoInfraestructura,infNombre,infTipoInfraestructura,infZona,infDireccion,infAreaGeografica,infMunicipio,infTipoTenencia,infLatitud,infLongitud,infActivo) VALUES ('CCF011-12-069','CCF11-12-069',69,'INSTITUCIÓN EDUCATIVA EL LLANO',12,'Occidente','CENTRO POBLADO MARMATO','URBANA',329,1,5.062274,-75.601032,1);
INSERT Infraestructura (infCodigoParaSSF,infCodigoParaCCF,infConsecutivoInfraestructura,infNombre,infTipoInfraestructura,infZona,infDireccion,infAreaGeografica,infMunicipio,infTipoTenencia,infLatitud,infLongitud,infActivo) VALUES ('CCF011-12-070','CCF11-12-070',70,'INSTITUCIÓN EDUCATIVA ESCUELA AUXILIAR DE ENFERMERÍA',12,'Manizales','CRA 24A N° 70 - 02','URBANA',319,1,5.062274,-75.486613,1);
INSERT Infraestructura (infCodigoParaSSF,infCodigoParaCCF,infConsecutivoInfraestructura,infNombre,infTipoInfraestructura,infZona,infDireccion,infAreaGeografica,infMunicipio,infTipoTenencia,infLatitud,infLongitud,infActivo) VALUES ('CCF011-12-071','CCF11-12-071',71,'INSTITUCIÓN EDUCATIVA ESTAMBUL',12,'Manizales','CRA 42 N° 11 - 05','URBANA',319,1,5.062274,-75.525948,1);
INSERT Infraestructura (infCodigoParaSSF,infCodigoParaCCF,infConsecutivoInfraestructura,infNombre,infTipoInfraestructura,infZona,infDireccion,infAreaGeografica,infMunicipio,infTipoTenencia,infLatitud,infLongitud,infActivo) VALUES ('CCF011-12-072','CCF11-12-072',72,'INSTITUCIÓN EDUCATIVA EUGENIO PACELLI',12,'Manizales','CLL 63A CRA 36 N° 63A - 25','URBANA',319,1,5.062274,-75.501388,1);
INSERT Infraestructura (infCodigoParaSSF,infCodigoParaCCF,infConsecutivoInfraestructura,infNombre,infTipoInfraestructura,infZona,infDireccion,infAreaGeografica,infMunicipio,infTipoTenencia,infLatitud,infLongitud,infActivo) VALUES ('CCF011-12-073','CCF11-12-073',73,'INSTITUCIÓN EDUCATIVA FE Y ALEGRÍA LA PAZ',12,'Manizales','CLL 48 CRA 12','URBANA',319,1,5.062274,-75.494805,1);
INSERT Infraestructura (infCodigoParaSSF,infCodigoParaCCF,infConsecutivoInfraestructura,infNombre,infTipoInfraestructura,infZona,infDireccion,infAreaGeografica,infMunicipio,infTipoTenencia,infLatitud,infLongitud,infActivo) VALUES ('CCF011-12-074','CCF11-12-074',74,'INSTITUCIÓN EDUCATIVA FILADELFIA',12,'Norte','CRA 7 N° 4 - 33','URBANA',325,1,5.062274,-75.563265,1);
INSERT Infraestructura (infCodigoParaSSF,infCodigoParaCCF,infConsecutivoInfraestructura,infNombre,infTipoInfraestructura,infZona,infDireccion,infAreaGeografica,infMunicipio,infTipoTenencia,infLatitud,infLongitud,infActivo) VALUES ('CCF011-12-075','CCF11-12-075',75,'INSTITUCIÓN EDUCATIVA FRANCISCO JOSÉ DE CALDAS (RISARALDA)',12,'SurOcc','VEREDA BETANIA','URBANA',338,1,5.062274,-75.749562,1);
INSERT Infraestructura (infCodigoParaSSF,infCodigoParaCCF,infConsecutivoInfraestructura,infNombre,infTipoInfraestructura,infZona,infDireccion,infAreaGeografica,infMunicipio,infTipoTenencia,infLatitud,infLongitud,infActivo) VALUES ('CCF011-12-076','CCF11-12-076',76,'INSTITUCIÓN EDUCATIVA FRANCISCO JOSÉ DE CALDAS (SUPÍA)',12,'Occidente','CLLE 7 CRA 12','URBANA',342,1,5.062274,-75.650427,1);
INSERT Infraestructura (infCodigoParaSSF,infCodigoParaCCF,infConsecutivoInfraestructura,infNombre,infTipoInfraestructura,infZona,infDireccion,infAreaGeografica,infMunicipio,infTipoTenencia,infLatitud,infLongitud,infActivo) VALUES ('CCF011-12-077','CCF11-12-077',77,'INSTITUCIÓN EDUCATIVA FUNDADORES',12,'Occidente','CARRERA 5 N° 11 - 25','URBANA',337,1,5.062274,-75.704075,1);
INSERT Infraestructura (infCodigoParaSSF,infCodigoParaCCF,infConsecutivoInfraestructura,infNombre,infTipoInfraestructura,infZona,infDireccion,infAreaGeografica,infMunicipio,infTipoTenencia,infLatitud,infLongitud,infActivo) VALUES ('CCF011-12-078','CCF11-12-078',78,'INSTITUCIÓN EDUCATIVA GRAN COLOMBIA',12,'Manizales','CLL 24 CRA 26 Y 27 ESQUINA','URBANA',319,1,5.062274,-75.516250,1);
INSERT Infraestructura (infCodigoParaSSF,infCodigoParaCCF,infConsecutivoInfraestructura,infNombre,infTipoInfraestructura,infZona,infDireccion,infAreaGeografica,infMunicipio,infTipoTenencia,infLatitud,infLongitud,infActivo) VALUES ('CCF011-12-079','CCF11-12-079',79,'INSTITUCIÓN EDUCATIVA GUARINOCITO',12,'MagdalenaCaldense','GUARINOCITO','URBANA',326,1,5.062274,-74.737599,1);
INSERT Infraestructura (infCodigoParaSSF,infCodigoParaCCF,infConsecutivoInfraestructura,infNombre,infTipoInfraestructura,infZona,infDireccion,infAreaGeografica,infMunicipio,infTipoTenencia,infLatitud,infLongitud,infActivo) VALUES ('CCF011-12-080','CCF11-12-080',80,'INSTITUCIÓN EDUCATIVA INEM',12,'Manizales','CRA 25 N° 55B - 150','URBANA',319,1,5.062274,-75.493418,1);
INSERT Infraestructura (infCodigoParaSSF,infCodigoParaCCF,infConsecutivoInfraestructura,infNombre,infTipoInfraestructura,infZona,infDireccion,infAreaGeografica,infMunicipio,infTipoTenencia,infLatitud,infLongitud,infActivo) VALUES ('CCF011-12-081','CCF11-12-081',81,'INSTITUCIÓN EDUCATIVA INSTITUTO MANIZALES',12,'Manizales','CLL 28 N° 16 - 27','URBANA',319,1,5.062274,-75.513278,1);
INSERT Infraestructura (infCodigoParaSSF,infCodigoParaCCF,infConsecutivoInfraestructura,infNombre,infTipoInfraestructura,infZona,infDireccion,infAreaGeografica,infMunicipio,infTipoTenencia,infLatitud,infLongitud,infActivo) VALUES ('CCF011-12-082','CCF11-12-082',82,'INSTITUCIÓN EDUCATIVA INSTITUTO UNIVERSITARIO',12,'Manizales','CRA 23 N° 35 - 58','URBANA',319,1,5.062274,-75.508691,1);
INSERT Infraestructura (infCodigoParaSSF,infCodigoParaCCF,infConsecutivoInfraestructura,infNombre,infTipoInfraestructura,infZona,infDireccion,infAreaGeografica,infMunicipio,infTipoTenencia,infLatitud,infLongitud,infActivo) VALUES ('CCF011-12-083','CCF11-12-083',83,'INSTITUCIÓN EDUCATIVA INTEGRADO LA SULTANA',12,'Manizales','CRA 9 CLL 66A','URBANA',319,1,5.062274,-75.472277,1);
INSERT Infraestructura (infCodigoParaSSF,infCodigoParaCCF,infConsecutivoInfraestructura,infNombre,infTipoInfraestructura,infZona,infDireccion,infAreaGeografica,infMunicipio,infTipoTenencia,infLatitud,infLongitud,infActivo) VALUES ('CCF011-12-084','CCF11-12-084',84,'INSTITUCIÓN EDUCATIVA JAIME DUQUE GRISALES',12,'CentroSur','CRA 3 N° 5 - 06','URBANA',344,1,5.062274,-75.513448,1);
INSERT Infraestructura (infCodigoParaSSF,infCodigoParaCCF,infConsecutivoInfraestructura,infNombre,infTipoInfraestructura,infZona,infDireccion,infAreaGeografica,infMunicipio,infTipoTenencia,infLatitud,infLongitud,infActivo) VALUES ('CCF011-12-085','CCF11-12-085',85,'INSTITUCIÓN EDUCATIVA JUAN XXIII',12,'Oriente','CRA 1 N° 2 - 47','URBANA',330,1,5.062274,-75.057296,1);
INSERT Infraestructura (infCodigoParaSSF,infCodigoParaCCF,infConsecutivoInfraestructura,infNombre,infTipoInfraestructura,infZona,infDireccion,infAreaGeografica,infMunicipio,infTipoTenencia,infLatitud,infLongitud,infActivo) VALUES ('CCF011-12-086','CCF11-12-086',86,'INSTITUCIÓN EDUCATIVA LA LINDA',12,'Manizales','VEREDA LA LINDA','URBANA',319,1,5.062274,-75.545805,1);
INSERT Infraestructura (infCodigoParaSSF,infCodigoParaCCF,infConsecutivoInfraestructura,infNombre,infTipoInfraestructura,infZona,infDireccion,infAreaGeografica,infMunicipio,infTipoTenencia,infLatitud,infLongitud,infActivo) VALUES ('CCF011-12-087','CCF11-12-087',87,'INSTITUCIÓN EDUCATIVA LA MILAGROSA',12,'SurOcc','CLL 11 N° 7 - 42','URBANA',345,1,5.062274,-75.874172,1);
INSERT Infraestructura (infCodigoParaSSF,infCodigoParaCCF,infConsecutivoInfraestructura,infNombre,infTipoInfraestructura,infZona,infDireccion,infAreaGeografica,infMunicipio,infTipoTenencia,infLatitud,infLongitud,infActivo) VALUES ('CCF011-12-088','CCF11-12-088',88,'INSTITUCIÓN EDUCATIVA LA PRESENTACIÓN',12,'Norte','CLL 7 N° 7 - 46','URBANA',339,1,5.062274,-75.486465,1);
INSERT Infraestructura (infCodigoParaSSF,infCodigoParaCCF,infConsecutivoInfraestructura,infNombre,infTipoInfraestructura,infZona,infDireccion,infAreaGeografica,infMunicipio,infTipoTenencia,infLatitud,infLongitud,infActivo) VALUES ('CCF011-12-089','CCF11-12-089',89,'INSTITUCIÓN EDUCATIVA LATINOAMERICANO',12,'Manizales','CRA 28 N° 47 - 48','URBANA',319,1,5.062274,-75.502682,1);
INSERT Infraestructura (infCodigoParaSSF,infCodigoParaCCF,infConsecutivoInfraestructura,infNombre,infTipoInfraestructura,infZona,infDireccion,infAreaGeografica,infMunicipio,infTipoTenencia,infLatitud,infLongitud,infActivo) VALUES ('CCF011-12-090','CCF11-12-090',90,'INSTITUCIÓN EDUCATIVA LEÓN DE GREIFF',12,'Manizales','CRA 24 N° 16 - 02','URBANA',319,1,5.062274,-75.521189,1);
INSERT Infraestructura (infCodigoParaSSF,infCodigoParaCCF,infConsecutivoInfraestructura,infNombre,infTipoInfraestructura,infZona,infDireccion,infAreaGeografica,infMunicipio,infTipoTenencia,infLatitud,infLongitud,infActivo) VALUES ('CCF011-12-091','CCF11-12-091',91,'INSTITUCIÓN EDUCATIVA LEONARDO DA VINCI',12,'Manizales','CLL 47 N° 35C - 65','URBANA',319,1,5.062274,-75.508561,1);
INSERT Infraestructura (infCodigoParaSSF,infCodigoParaCCF,infConsecutivoInfraestructura,infNombre,infTipoInfraestructura,infZona,infDireccion,infAreaGeografica,infMunicipio,infTipoTenencia,infLatitud,infLongitud,infActivo) VALUES ('CCF011-12-092','CCF11-12-092',92,'INSTITUCIÓN EDUCATIVA LICEO CLAUDINA MÚNERA',12,'Norte','CLL 7 N° 7 - 02','URBANA',320,1,5.062274,-75.456364,1);
INSERT Infraestructura (infCodigoParaSSF,infCodigoParaCCF,infConsecutivoInfraestructura,infNombre,infTipoInfraestructura,infZona,infDireccion,infAreaGeografica,infMunicipio,infTipoTenencia,infLatitud,infLongitud,infActivo) VALUES ('CCF011-12-093','CCF11-12-093',93,'INSTITUCIÓN EDUCATIVA LICEO ISABEL LA CATÓLICA',12,'Manizales','CRA 22 N° 32 - 21','URBANA',319,1,5.062274,-75.510827,1);
INSERT Infraestructura (infCodigoParaSSF,infCodigoParaCCF,infConsecutivoInfraestructura,infNombre,infTipoInfraestructura,infZona,infDireccion,infAreaGeografica,infMunicipio,infTipoTenencia,infLatitud,infLongitud,infActivo) VALUES ('CCF011-12-094','CCF11-12-094',94,'INSTITUCIÓN EDUCATIVA MALABAR',12,'Manizales','CLL 66E N° 40D - 09','URBANA',319,1,5.062274,-75.502318,1);
INSERT Infraestructura (infCodigoParaSSF,infCodigoParaCCF,infConsecutivoInfraestructura,infNombre,infTipoInfraestructura,infZona,infDireccion,infAreaGeografica,infMunicipio,infTipoTenencia,infLatitud,infLongitud,infActivo) VALUES ('CCF011-12-095','CCF11-12-095',95,'INSTITUCIÓN EDUCATIVA MALTERÍA',12,'Manizales','KILOMETRO 13 VIA AL MAGDALENA','URBANA',319,1,5.062274,-75.430833,1);
INSERT Infraestructura (infCodigoParaSSF,infCodigoParaCCF,infConsecutivoInfraestructura,infNombre,infTipoInfraestructura,infZona,infDireccion,infAreaGeografica,infMunicipio,infTipoTenencia,infLatitud,infLongitud,infActivo) VALUES ('CCF011-12-096','CCF11-12-096',96,'INSTITUCIÓN EDUCATIVA MANZANARES',12,'Oriente','CLL 3A N° 4 - 49','URBANA',328,1,5.062274,-75.152670,1);
INSERT Infraestructura (infCodigoParaSSF,infCodigoParaCCF,infConsecutivoInfraestructura,infNombre,infTipoInfraestructura,infZona,infDireccion,infAreaGeografica,infMunicipio,infTipoTenencia,infLatitud,infLongitud,infActivo) VALUES ('CCF011-12-097','CCF11-12-097',97,'INSTITUCIÓN EDUCATIVA MARCO FIDEL SUÁREZ (LA DORADA)',12,'MagdalenaCaldense','CLL 50 N° 1 - 05','URBANA',326,1,5.062274,-74.672358,1);
INSERT Infraestructura (infCodigoParaSSF,infCodigoParaCCF,infConsecutivoInfraestructura,infNombre,infTipoInfraestructura,infZona,infDireccion,infAreaGeografica,infMunicipio,infTipoTenencia,infLatitud,infLongitud,infActivo) VALUES ('CCF011-12-098','CCF11-12-098',98,'INSTITUCIÓN EDUCATIVA MARCO FIDEL SUÁREZ (PÁCORA)',12,'Norte','CLL 6 CRA 3 ESQUINA','URBANA',334,1,5.062274,-75.459126,1);
INSERT Infraestructura (infCodigoParaSSF,infCodigoParaCCF,infConsecutivoInfraestructura,infNombre,infTipoInfraestructura,infZona,infDireccion,infAreaGeografica,infMunicipio,infTipoTenencia,infLatitud,infLongitud,infActivo) VALUES ('CCF011-12-099','CCF11-12-099',99,'INSTITUCIÓN EDUCATIVA MARÍA GORETTI',12,'Manizales','BAJO TABLAZO','URBANA',319,1,5.062274,-75.538428,1);
INSERT Infraestructura (infCodigoParaSSF,infCodigoParaCCF,infConsecutivoInfraestructura,infNombre,infTipoInfraestructura,infZona,infDireccion,infAreaGeografica,infMunicipio,infTipoTenencia,infLatitud,infLongitud,infActivo) VALUES ('CCF011-12-100','CCF11-12-100',100,'INSTITUCIÓN EDUCATIVA MARÍA INMACULADA',12,'SurOcc','CLL 11 N° 3 - 42','URBANA',338,1,5.062274,-75.765865,1);
INSERT Infraestructura (infCodigoParaSSF,infCodigoParaCCF,infConsecutivoInfraestructura,infNombre,infTipoInfraestructura,infZona,infDireccion,infAreaGeografica,infMunicipio,infTipoTenencia,infLatitud,infLongitud,infActivo) VALUES ('CCF011-12-101','CCF11-12-101',101,'INSTITUCIÓN EDUCATIVA MARINO GÓMEZ ESTRADA',12,'Norte','CLL 17 CRA 3','URBANA',320,1,5.062274,-75.451724,1);
INSERT Infraestructura (infCodigoParaSSF,infCodigoParaCCF,infConsecutivoInfraestructura,infNombre,infTipoInfraestructura,infZona,infDireccion,infAreaGeografica,infMunicipio,infTipoTenencia,infLatitud,infLongitud,infActivo) VALUES ('CCF011-12-102','CCF11-12-102',102,'INSTITUCIÓN EDUCATIVA MARISCAL SUCRE',12,'Manizales','CRA 16 CLL 64','URBANA',319,1,5.062274,-75.481389,1);
INSERT Infraestructura (infCodigoParaSSF,infCodigoParaCCF,infConsecutivoInfraestructura,infNombre,infTipoInfraestructura,infZona,infDireccion,infAreaGeografica,infMunicipio,infTipoTenencia,infLatitud,infLongitud,infActivo) VALUES ('CCF011-12-103','CCF11-12-103',103,'INSTITUCIÓN EDUCATIVA MARMATO',12,'Occidente','SECTOR EL ARBOLITO - MARMATO','URBANA',329,1,5.062274,-75.601032,1);
INSERT Infraestructura (infCodigoParaSSF,infCodigoParaCCF,infConsecutivoInfraestructura,infNombre,infTipoInfraestructura,infZona,infDireccion,infAreaGeografica,infMunicipio,infTipoTenencia,infLatitud,infLongitud,infActivo) VALUES ('CCF011-12-104','CCF11-12-104',104,'INSTITUCIÓN EDUCATIVA MONSEÑOR ALFONSO DE LOS RÍOS',12,'CentroSur','CRA 2 N° 6 - 63','URBANA',335,1,5.062274,-75.701615,1);
INSERT Infraestructura (infCodigoParaSSF,infCodigoParaCCF,infConsecutivoInfraestructura,infNombre,infTipoInfraestructura,infZona,infDireccion,infAreaGeografica,infMunicipio,infTipoTenencia,infLatitud,infLongitud,infActivo) VALUES ('CCF011-12-106','CCF11-12-106',106,'INSTITUCIÓN EDUCATIVA MONSEÑOR ANTONIO JOSÉ GIRALDO GÓMEZ',12,'Occidente','CRA 4 N° 13 - 16','URBANA',327,1,5.062274,-75.546859,1);
INSERT Infraestructura (infCodigoParaSSF,infCodigoParaCCF,infConsecutivoInfraestructura,infNombre,infTipoInfraestructura,infZona,infDireccion,infAreaGeografica,infMunicipio,infTipoTenencia,infLatitud,infLongitud,infActivo) VALUES ('CCF011-12-107','CCF11-12-107',107,'INSTITUCIÓN EDUCATIVA MONTEBONITO',12,'Oriente','CORREGIMIENTO MONTEBONITO','URBANA',331,1,5.062274,-75.201905,1);
INSERT Infraestructura (infCodigoParaSSF,infCodigoParaCCF,infConsecutivoInfraestructura,infNombre,infTipoInfraestructura,infZona,infDireccion,infAreaGeografica,infMunicipio,infTipoTenencia,infLatitud,infLongitud,infActivo) VALUES ('CCF011-12-108','CCF11-12-108',108,'INSTITUCIÓN EDUCATIVA NAZARIO RESTREPO',12,'SurOcc','CRA 12 N° 1A - 9 ','URBANA',345,1,5.062274,-75.868124,1);
INSERT Infraestructura (infCodigoParaSSF,infCodigoParaCCF,infConsecutivoInfraestructura,infNombre,infTipoInfraestructura,infZona,infDireccion,infAreaGeografica,infMunicipio,infTipoTenencia,infLatitud,infLongitud,infActivo) VALUES ('CCF011-12-109','CCF11-12-109',109,'INSTITUCIÓN EDUCATIVA NEIRA',12,'CentroSur','CRA 5 CLL 3','URBANA',332,1,5.062274,-75.518925,1);
INSERT Infraestructura (infCodigoParaSSF,infCodigoParaCCF,infConsecutivoInfraestructura,infNombre,infTipoInfraestructura,infZona,infDireccion,infAreaGeografica,infMunicipio,infTipoTenencia,infLatitud,infLongitud,infActivo) VALUES ('CCF011-12-110','CCF11-12-110',110,'INSTITUCIÓN EDUCATIVA NORMAL NUESTRA SEÑORA DE LA CANDELARIA',12,'Oriente','CALLE LA CEBRITA','URBANA',330,1,5.062274,-75.052868,1);
INSERT Infraestructura (infCodigoParaSSF,infCodigoParaCCF,infConsecutivoInfraestructura,infNombre,infTipoInfraestructura,infZona,infDireccion,infAreaGeografica,infMunicipio,infTipoTenencia,infLatitud,infLongitud,infActivo) VALUES ('CCF011-12-111','CCF11-12-111',111,'INSTITUCIÓN EDUCATIVA NORMAL SAGRADO CORAZÓN',12,'Occidente','CRA 6 N° 5 - 08','URBANA',337,1,5.062274,-75.704953,1);
INSERT Infraestructura (infCodigoParaSSF,infCodigoParaCCF,infConsecutivoInfraestructura,infNombre,infTipoInfraestructura,infZona,infDireccion,infAreaGeografica,infMunicipio,infTipoTenencia,infLatitud,infLongitud,infActivo) VALUES ('CCF011-12-112','CCF11-12-112',112,'INSTITUCIÓN EDUCATIVA NORMAL SUPERIOR CLAUDIA MÚNERA',12,'Norte','CLL 7 N° 7 - 04','URBANA',320,1,5.062274,-75.456166,1);
INSERT Infraestructura (infCodigoParaSSF,infCodigoParaCCF,infConsecutivoInfraestructura,infNombre,infTipoInfraestructura,infZona,infDireccion,infAreaGeografica,infMunicipio,infTipoTenencia,infLatitud,infLongitud,infActivo) VALUES ('CCF011-12-113','CCF11-12-113',113,'INSTITUCIÓN EDUCATIVA NORMAL SUPERIOR DE LA PRESENTACIÓN',12,'Oriente','CLL 4 N° 7 - 42','URBANA',336,1,5.062274,-75.161314,1);
INSERT Infraestructura (infCodigoParaSSF,infCodigoParaCCF,infConsecutivoInfraestructura,infNombre,infTipoInfraestructura,infZona,infDireccion,infAreaGeografica,infMunicipio,infTipoTenencia,infLatitud,infLongitud,infActivo) VALUES ('CCF011-12-114','CCF11-12-114',114,'INSTITUCIÓN EDUCATIVA NORMAL SUPERIOR DE MANIZALES',12,'Manizales','CLL 58 N° 26 - 70','URBANA',319,1,5.062274,-75.491940,1);
INSERT Infraestructura (infCodigoParaSSF,infCodigoParaCCF,infConsecutivoInfraestructura,infNombre,infTipoInfraestructura,infZona,infDireccion,infAreaGeografica,infMunicipio,infTipoTenencia,infLatitud,infLongitud,infActivo) VALUES ('CCF011-12-115','CCF11-12-115',115,'INSTITUCIÓN EDUCATIVA NORMAL SUPERIOR MARÍA ESCOLÁSTICA',12,'Norte','CRA 9 N° 3 - 27','URBANA',339,1,5.062274,-75.486105,1);
INSERT Infraestructura (infCodigoParaSSF,infCodigoParaCCF,infConsecutivoInfraestructura,infNombre,infTipoInfraestructura,infZona,infDireccion,infAreaGeografica,infMunicipio,infTipoTenencia,infLatitud,infLongitud,infActivo) VALUES ('CCF011-12-116','CCF11-12-116',116,'INSTITUCIÓN EDUCATIVA NORMAL SUPERIOR REBECA SIERRA',12,'SurOcc','CLL 24 CRA 1E ESQUINA','URBANA',321,1,5.062274,-75.780747,1);
INSERT Infraestructura (infCodigoParaSSF,infCodigoParaCCF,infConsecutivoInfraestructura,infNombre,infTipoInfraestructura,infZona,infDireccion,infAreaGeografica,infMunicipio,infTipoTenencia,infLatitud,infLongitud,infActivo) VALUES ('CCF011-12-117','CCF11-12-117',117,'INSTITUCIÓN EDUCATIVA NORMAL SUPERIOR SAGRADO CORAZÓN',12,'Norte','CRA 6 N° 5 - 08','URBANA',322,1,5.062274,-75.491306,1);
INSERT Infraestructura (infCodigoParaSSF,infCodigoParaCCF,infConsecutivoInfraestructura,infNombre,infTipoInfraestructura,infZona,infDireccion,infAreaGeografica,infMunicipio,infTipoTenencia,infLatitud,infLongitud,infActivo) VALUES ('CCF011-12-118','CCF11-12-118',118,'INSTITUCIÓN EDUCATIVA NUESTRA SEÑORA DEL CARMEN',12,'MagdalenaCaldense','CRA 9 CLL 12','URBANA',326,1,5.062274,-74.667751,1);
INSERT Infraestructura (infCodigoParaSSF,infCodigoParaCCF,infConsecutivoInfraestructura,infNombre,infTipoInfraestructura,infZona,infDireccion,infAreaGeografica,infMunicipio,infTipoTenencia,infLatitud,infLongitud,infActivo) VALUES ('CCF011-12-119','CCF11-12-119',119,'INSTITUCIÓN EDUCATIVA NUESTRA SEÑORA DEL ROSARIO (MANZANARES)',12,'Oriente','CLL 4 N° 4 - 30','URBANA',328,1,5.062274,-75.153382,1);
INSERT Infraestructura (infCodigoParaSSF,infCodigoParaCCF,infConsecutivoInfraestructura,infNombre,infTipoInfraestructura,infZona,infDireccion,infAreaGeografica,infMunicipio,infTipoTenencia,infLatitud,infLongitud,infActivo) VALUES ('CCF011-12-120','CCF11-12-120',120,'INSTITUCIÓN EDUCATIVA NUESTRA SEÑORA DEL ROSARIO (NEIRA)',12,'CentroSur','CLL 8 N° 7 - 21','URBANA',332,1,5.062274,-75.519507,1);
INSERT Infraestructura (infCodigoParaSSF,infCodigoParaCCF,infConsecutivoInfraestructura,infNombre,infTipoInfraestructura,infZona,infDireccion,infAreaGeografica,infMunicipio,infTipoTenencia,infLatitud,infLongitud,infActivo) VALUES ('CCF011-12-121','CCF11-12-121',121,'INSTITUCIÓN EDUCATIVA NUESTRA SEÑORA DEL ROSARIO (VILLAMARÍA)',12,'CentroSur','LA FLORIDA','URBANA',344,1,5.062274,-75.484648,1);
INSERT Infraestructura (infCodigoParaSSF,infCodigoParaCCF,infConsecutivoInfraestructura,infNombre,infTipoInfraestructura,infZona,infDireccion,infAreaGeografica,infMunicipio,infTipoTenencia,infLatitud,infLongitud,infActivo) VALUES ('CCF011-12-122','CCF11-12-122',122,'INSTITUCIÓN EDUCATIVA DE OCCIDENTE',12,'SurOcc','CRA 5 N° 11 - 19','URBANA',321,1,5.062274,-75.787139,1);
INSERT Infraestructura (infCodigoParaSSF,infCodigoParaCCF,infConsecutivoInfraestructura,infNombre,infTipoInfraestructura,infZona,infDireccion,infAreaGeografica,infMunicipio,infTipoTenencia,infLatitud,infLongitud,infActivo) VALUES ('CCF011-12-123','CCF11-12-123',123,'INSTITUCIÓN EDUCATIVA OCUZCA',12,'SurOcc','KM 4 VÍA A MANIZALES VEREDA MARAPRA','URBANA',321,1,5.062274,-75.778650,1);
INSERT Infraestructura (infCodigoParaSSF,infCodigoParaCCF,infConsecutivoInfraestructura,infNombre,infTipoInfraestructura,infZona,infDireccion,infAreaGeografica,infMunicipio,infTipoTenencia,infLatitud,infLongitud,infActivo) VALUES ('CCF011-12-124','CCF11-12-124',124,'INSTITUCIÓN EDUCATIVA PABLO VI',12,'Manizales','CLL 12 N° 33 - 15','URBANA',319,1,5.062274,-75.523735,1);
INSERT Infraestructura (infCodigoParaSSF,infCodigoParaCCF,infConsecutivoInfraestructura,infNombre,infTipoInfraestructura,infZona,infDireccion,infAreaGeografica,infMunicipio,infTipoTenencia,infLatitud,infLongitud,infActivo) VALUES ('CCF011-12-125','CCF11-12-125',125,'INSTITUCIÓN EDUCATIVA PENSILVANIA',12,'Oriente','CRA 5 N° 6 - 35','URBANA',336,1,5.062274,-75.159906,1);
INSERT Infraestructura (infCodigoParaSSF,infCodigoParaCCF,infConsecutivoInfraestructura,infNombre,infTipoInfraestructura,infZona,infDireccion,infAreaGeografica,infMunicipio,infTipoTenencia,infLatitud,infLongitud,infActivo) VALUES ('CCF011-12-126','CCF11-12-126',126,'INSTITUCIÓN EDUCATIVA PERPETUO SOCORRO',12,'Manizales','CLL 30A N° 30 - 48','URBANA',319,1,5.062274,-75.511794,1);
INSERT Infraestructura (infCodigoParaSSF,infCodigoParaCCF,infConsecutivoInfraestructura,infNombre,infTipoInfraestructura,infZona,infDireccion,infAreaGeografica,infMunicipio,infTipoTenencia,infLatitud,infLongitud,infActivo) VALUES ('CCF011-12-127','CCF11-12-127',127,'INSTITUCIÓN EDUCATIVA PÍO X',12,'Manizales','CLL 105 N° 34 - 21','URBANA',319,1,5.062274,-75.459266,1);
INSERT Infraestructura (infCodigoParaSSF,infCodigoParaCCF,infConsecutivoInfraestructura,infNombre,infTipoInfraestructura,infZona,infDireccion,infAreaGeografica,infMunicipio,infTipoTenencia,infLatitud,infLongitud,infActivo) VALUES ('CCF011-12-128','CCF11-12-128',128,'INSTITUCIÓN EDUCATIVA PÍO XI',12,'Norte','CRA 6 N° 4 - 01','URBANA',322,1,5.062274,-75.491663,1);
INSERT Infraestructura (infCodigoParaSSF,infCodigoParaCCF,infConsecutivoInfraestructura,infNombre,infTipoInfraestructura,infZona,infDireccion,infAreaGeografica,infMunicipio,infTipoTenencia,infLatitud,infLongitud,infActivo) VALUES ('CCF011-12-129','CCF11-12-129',129,'INSTITUCIÓN EDUCATIVA PÍO XII (SALAMINA)',12,'Norte','CRA 7 N° 7 - 58','URBANA',339,1,5.062274,-75.487233,1);
INSERT Infraestructura (infCodigoParaSSF,infCodigoParaCCF,infConsecutivoInfraestructura,infNombre,infTipoInfraestructura,infZona,infDireccion,infAreaGeografica,infMunicipio,infTipoTenencia,infLatitud,infLongitud,infActivo) VALUES ('CCF011-12-131','CCF11-12-131',131,'INSTITUCIÓN EDUCATIVA PURNIO',12,'MagdalenaCaldense','VEREDA EL PURNIO','URBANA',326,1,5.062274,-74.683259,1);
INSERT Infraestructura (infCodigoParaSSF,infCodigoParaCCF,infConsecutivoInfraestructura,infNombre,infTipoInfraestructura,infZona,infDireccion,infAreaGeografica,infMunicipio,infTipoTenencia,infLatitud,infLongitud,infActivo) VALUES ('CCF011-12-132','CCF11-12-132',132,'INSTITUCIÓN EDUCATIVA RENÁN BARCO',12,'MagdalenaCaldense','CLL 1 N° 15 - 21 POLIDEPORTIVO','URBANA',326,1,5.062274,-74.676917,1);
INSERT Infraestructura (infCodigoParaSSF,infCodigoParaCCF,infConsecutivoInfraestructura,infNombre,infTipoInfraestructura,infZona,infDireccion,infAreaGeografica,infMunicipio,infTipoTenencia,infLatitud,infLongitud,infActivo) VALUES ('CCF011-12-133','CCF11-12-133',133,'INSTITUCIÓN EDUCATIVA RIOSUCIO',12,'Occidente','CLL 28 N° 5 - 79','URBANA',337,1,5.062274,-75.702565,1);
INSERT Infraestructura (infCodigoParaSSF,infCodigoParaCCF,infConsecutivoInfraestructura,infNombre,infTipoInfraestructura,infZona,infDireccion,infAreaGeografica,infMunicipio,infTipoTenencia,infLatitud,infLongitud,infActivo) VALUES ('CCF011-12-134','CCF11-12-134',134,'INSTITUCIÓN EDUCATIVA ROBERTO PELÁEZ',12,'Norte','CRA 3 N° 6 - 41','URBANA',320,1,5.062274,-75.458861,1);
INSERT Infraestructura (infCodigoParaSSF,infCodigoParaCCF,infConsecutivoInfraestructura,infNombre,infTipoInfraestructura,infZona,infDireccion,infAreaGeografica,infMunicipio,infTipoTenencia,infLatitud,infLongitud,infActivo) VALUES ('CCF011-12-135','CCF11-12-135',135,'INSTITUCIÓN EDUCATIVA RURAL LA TRINIDAD',12,'Manizales','VEREDA LA TRINIDAD','URBANA',319,1,5.062274,-75.585227,1);
INSERT Infraestructura (infCodigoParaSSF,infCodigoParaCCF,infConsecutivoInfraestructura,infNombre,infTipoInfraestructura,infZona,infDireccion,infAreaGeografica,infMunicipio,infTipoTenencia,infLatitud,infLongitud,infActivo) VALUES ('CCF011-12-136','CCF11-12-136',136,'INSTITUCIÓN EDUCATIVA RURAL LA VIOLETA',12,'Manizales','VEREDA LA VIOLETA','URBANA',319,1,5.062274,-75.587805,1);
INSERT Infraestructura (infCodigoParaSSF,infCodigoParaCCF,infConsecutivoInfraestructura,infNombre,infTipoInfraestructura,infZona,infDireccion,infAreaGeografica,infMunicipio,infTipoTenencia,infLatitud,infLongitud,infActivo) VALUES ('CCF011-12-137','CCF11-12-137',137,'INSTITUCIÓN EDUCATIVA RURAL MIGUEL ANTONIO CARO',12,'Manizales','VERESA CUCHILLA DEL SALADO','URBANA',319,1,5.062274,-75.537380,1);
INSERT Infraestructura (infCodigoParaSSF,infCodigoParaCCF,infConsecutivoInfraestructura,infNombre,infTipoInfraestructura,infZona,infDireccion,infAreaGeografica,infMunicipio,infTipoTenencia,infLatitud,infLongitud,infActivo) VALUES ('CCF011-12-138','CCF11-12-138',138,'INSTITUCIÓN EDUCATIVA SAGRADA FAMILIA',12,'CentroSur','CLL 10 N° 12 - 53','URBANA',335,1,5.062274,-75.621944,1);
INSERT Infraestructura (infCodigoParaSSF,infCodigoParaCCF,infConsecutivoInfraestructura,infNombre,infTipoInfraestructura,infZona,infDireccion,infAreaGeografica,infMunicipio,infTipoTenencia,infLatitud,infLongitud,infActivo) VALUES ('CCF011-12-139','CCF11-12-139',139,'INSTITUCIÓN EDUCATIVA SAN AGUSTÍN (MANIZALES)',12,'Manizales','CLL 23 CRA 14 Y 15','URBANA',319,1,5.062274,-75.517302,1);
INSERT Infraestructura (infCodigoParaSSF,infCodigoParaCCF,infConsecutivoInfraestructura,infNombre,infTipoInfraestructura,infZona,infDireccion,infAreaGeografica,infMunicipio,infTipoTenencia,infLatitud,infLongitud,infActivo) VALUES ('CCF011-12-140','CCF11-12-140',140,'INSTITUCIÓN EDUCATIVA FRANCISCO DE PAULA',12,'CentroSur','CRA 4 CLL 16','URBANA',324,1,5.062274,-75.608429,1);
INSERT Infraestructura (infCodigoParaSSF,infCodigoParaCCF,infConsecutivoInfraestructura,infNombre,infTipoInfraestructura,infZona,infDireccion,infAreaGeografica,infMunicipio,infTipoTenencia,infLatitud,infLongitud,infActivo) VALUES ('CCF011-12-141','CCF11-12-141',141,'INSTITUCIÓN EDUCATIVA SAN AGUSTÍN (SAMANÁ)',12,'MagdalenaCaldense','CLL 5 N° 8 - 60','URBANA',340,1,5.062274,-74.992445,1);
INSERT Infraestructura (infCodigoParaSSF,infCodigoParaCCF,infConsecutivoInfraestructura,infNombre,infTipoInfraestructura,infZona,infDireccion,infAreaGeografica,infMunicipio,infTipoTenencia,infLatitud,infLongitud,infActivo) VALUES ('CCF011-12-142','CCF11-12-142',142,'INSTITUCIÓN EDUCATIVA SAN GERARDO MARÍA MAYELA',12,'MagdalenaCaldense','CLL 8 ENTRE CRA 3 Y 4','URBANA',333,1,5.062274,-74.888285,1);
INSERT Infraestructura (infCodigoParaSSF,infCodigoParaCCF,infConsecutivoInfraestructura,infNombre,infTipoInfraestructura,infZona,infDireccion,infAreaGeografica,infMunicipio,infTipoTenencia,infLatitud,infLongitud,infActivo) VALUES ('CCF011-12-143','CCF11-12-143',143,'INSTITUCIÓN EDUCATIVA SAN JORGE',12,'Manizales','CRA 21 N° 49 - 30','URBANA',319,1,5.062274,-75.497723,1);
INSERT Infraestructura (infCodigoParaSSF,infCodigoParaCCF,infConsecutivoInfraestructura,infNombre,infTipoInfraestructura,infZona,infDireccion,infAreaGeografica,infMunicipio,infTipoTenencia,infLatitud,infLongitud,infActivo) VALUES ('CCF011-12-144','CCF11-12-144',144,'INSTITUCIÓN EDUCATIVA SAN JUAN BAUTISTA DE LA SALLE',12,'Manizales','CLL 48D CRA 9D','URBANA',319,1,5.062274,-75.492443,1);
INSERT Infraestructura (infCodigoParaSSF,infCodigoParaCCF,infConsecutivoInfraestructura,infNombre,infTipoInfraestructura,infZona,infDireccion,infAreaGeografica,infMunicipio,infTipoTenencia,infLatitud,infLongitud,infActivo) VALUES ('CCF011-12-145','CCF11-12-145',145,'INSTITUCIÓN EDUCATIVA SAN PABLO',12,'MagdalenaCaldense','CLL 9 N° 2 - 79','URBANA',343,1,5.062274,-74.912711,1);
INSERT Infraestructura (infCodigoParaSSF,infCodigoParaCCF,infConsecutivoInfraestructura,infNombre,infTipoInfraestructura,infZona,infDireccion,infAreaGeografica,infMunicipio,infTipoTenencia,infLatitud,infLongitud,infActivo) VALUES ('CCF011-12-146','CCF11-12-146',146,'INSTITUCIÓN EDUCATIVA SAN PEDRO CLAVER',12,'CentroSur','CLL 8 N° 04 - 08','URBANA',344,1,5.062274,-75.512656,1);
INSERT Infraestructura (infCodigoParaSSF,infCodigoParaCCF,infConsecutivoInfraestructura,infNombre,infTipoInfraestructura,infZona,infDireccion,infAreaGeografica,infMunicipio,infTipoTenencia,infLatitud,infLongitud,infActivo) VALUES ('CCF011-12-147','CCF11-12-147',147,'INSTITUCIÓN EDUCATIVA SAN PEREGRINO',12,'Manizales','VEREDA SAN PEREGRINO','URBANA',319,1,5.062274,-75.570001,1);
INSERT Infraestructura (infCodigoParaSSF,infCodigoParaCCF,infConsecutivoInfraestructura,infNombre,infTipoInfraestructura,infZona,infDireccion,infAreaGeografica,infMunicipio,infTipoTenencia,infLatitud,infLongitud,infActivo) VALUES ('CCF011-12-148','CCF11-12-148',148,'INSTITUCIÓN EDUCATIVA SAN VÍCTOR',12,'Occidente','CRA 8A CLLE 22','URBANA',342,1,5.062274,-75.651959,1);
INSERT Infraestructura (infCodigoParaSSF,infCodigoParaCCF,infConsecutivoInfraestructura,infNombre,infTipoInfraestructura,infZona,infDireccion,infAreaGeografica,infMunicipio,infTipoTenencia,infLatitud,infLongitud,infActivo) VALUES ('CCF011-12-149','CCF11-12-149',149,'INSTITUCIÓN EDUCATIVA SANTA LUISA DE MARILLAC',12,'CentroSur','CLL 5 N° 3 - 55','URBANA',344,1,5.062274,-75.514518,1);
INSERT Infraestructura (infCodigoParaSSF,infCodigoParaCCF,infConsecutivoInfraestructura,infNombre,infTipoInfraestructura,infZona,infDireccion,infAreaGeografica,infMunicipio,infTipoTenencia,infLatitud,infLongitud,infActivo) VALUES ('CCF011-12-150','CCF11-12-150',150,'INSTITUCIÓN EDUCATIVA SANTA TERESITA (CHINCHINÁ)',12,'CentroSur','CRA 5 N° 9 - 26','URBANA',324,1,5.062274,-75.603417,1);
INSERT Infraestructura (infCodigoParaSSF,infCodigoParaCCF,infConsecutivoInfraestructura,infNombre,infTipoInfraestructura,infZona,infDireccion,infAreaGeografica,infMunicipio,infTipoTenencia,infLatitud,infLongitud,infActivo) VALUES ('CCF011-12-151','CCF11-12-151',151,'INSTITUCIÓN EDUCATIVA SANTA TERESITA (SAN JOSÉ)',12,'SurOcc','BARRIO LA UNIÓN','URBANA',341,1,5.062274,-75.789424,1);
INSERT Infraestructura (infCodigoParaSSF,infCodigoParaCCF,infConsecutivoInfraestructura,infNombre,infTipoInfraestructura,infZona,infDireccion,infAreaGeografica,infMunicipio,infTipoTenencia,infLatitud,infLongitud,infActivo) VALUES ('CCF011-12-152','CCF11-12-152',152,'INSTITUCIÓN EDUCATIVA SANTÁGUEDA',12,'CentroSur','VEREDA SANTAGUEDA','URBANA',335,1,5.062274,-75.680611,1);
INSERT Infraestructura (infCodigoParaSSF,infCodigoParaCCF,infConsecutivoInfraestructura,infNombre,infTipoInfraestructura,infZona,infDireccion,infAreaGeografica,infMunicipio,infTipoTenencia,infLatitud,infLongitud,infActivo) VALUES ('CCF011-12-153','CCF11-12-153',153,'INSTITUCIÓN EDUCATIVA SANTO DOMINGO SAVIO (CHINCHINÁ)',12,'CentroSur','CLL 8A N° 15A - 23','URBANA',324,1,5.062274,-75.605499,1);
INSERT Infraestructura (infCodigoParaSSF,infCodigoParaCCF,infConsecutivoInfraestructura,infNombre,infTipoInfraestructura,infZona,infDireccion,infAreaGeografica,infMunicipio,infTipoTenencia,infLatitud,infLongitud,infActivo) VALUES ('CCF011-12-154','CCF11-12-154',154,'INSTITUCIÓN EDUCATIVA SANTO DOMINGO SAVIO (MANIZALES)',12,'Manizales','CLL 48B CRA 39','URBANA',319,1,5.062274,-75.511901,1);
INSERT Infraestructura (infCodigoParaSSF,infCodigoParaCCF,infConsecutivoInfraestructura,infNombre,infTipoInfraestructura,infZona,infDireccion,infAreaGeografica,infMunicipio,infTipoTenencia,infLatitud,infLongitud,infActivo) VALUES ('CCF011-12-155','CCF11-12-155',155,'INSTITUCIÓN EDUCATIVA SIETE DE AGOSTO',12,'Manizales','CRA 28 N° 18 - 48','URBANA',319,1,5.062274,-75.519624,1);
INSERT Infraestructura (infCodigoParaSSF,infCodigoParaCCF,infConsecutivoInfraestructura,infNombre,infTipoInfraestructura,infZona,infDireccion,infAreaGeografica,infMunicipio,infTipoTenencia,infLatitud,infLongitud,infActivo) VALUES ('CCF011-12-156','CCF11-12-156',156,'INSTITUCIÓN EDUCATIVA SINAÍ',12,'Manizales','CLLE 50 N° 7 - 19','URBANA',319,1,5.062274,-75.489071,1);
INSERT Infraestructura (infCodigoParaSSF,infCodigoParaCCF,infConsecutivoInfraestructura,infNombre,infTipoInfraestructura,infZona,infDireccion,infAreaGeografica,infMunicipio,infTipoTenencia,infLatitud,infLongitud,infActivo) VALUES ('CCF011-12-157','CCF11-12-157',157,'INSTITUCIÓN EDUCATIVA SIPIRRA',12,'Occidente','VEREDA SIPIRRA','URBANA',337,1,5.062274,-75.690725,1);
INSERT Infraestructura (infCodigoParaSSF,infCodigoParaCCF,infConsecutivoInfraestructura,infNombre,infTipoInfraestructura,infZona,infDireccion,infAreaGeografica,infMunicipio,infTipoTenencia,infLatitud,infLongitud,infActivo) VALUES ('CCF011-12-158','CCF11-12-158',158,'INSTITUCIÓN EDUCATIVA SUPÍA',12,'Occidente','CLLE 31 N° 6 - 54','URBANA',342,1,5.062274,-75.649829,1);
INSERT Infraestructura (infCodigoParaSSF,infCodigoParaCCF,infConsecutivoInfraestructura,infNombre,infTipoInfraestructura,infZona,infDireccion,infAreaGeografica,infMunicipio,infTipoTenencia,infLatitud,infLongitud,infActivo) VALUES ('CCF011-12-159','CCF11-12-159',159,'INSTITUCIÓN EDUCATIVA TÉCNICO FRANCISCO JOSÉ DE CALDAS (TECNOLÓGICO)',12,'Manizales','CRA 23 N° 35 - 58','URBANA',319,1,5.062274,-75.508034,1);
INSERT Infraestructura (infCodigoParaSSF,infCodigoParaCCF,infConsecutivoInfraestructura,infNombre,infTipoInfraestructura,infZona,infDireccion,infAreaGeografica,infMunicipio,infTipoTenencia,infLatitud,infLongitud,infActivo) VALUES ('CCF011-12-160','CCF11-12-160',160,'INSTITUCIÓN EDUCATIVA TÉCNICO MARCO FIDEL SUAREZ',12,'Manizales','CRA 10 N° 12B - 65','URBANA',319,1,5.062274,-75.523060,1);
INSERT Infraestructura (infCodigoParaSSF,infCodigoParaCCF,infConsecutivoInfraestructura,infNombre,infTipoInfraestructura,infZona,infDireccion,infAreaGeografica,infMunicipio,infTipoTenencia,infLatitud,infLongitud,infActivo) VALUES ('CCF011-12-162','CCF11-12-162',162,'INSTITUCIÓN EDUCATIVA VIBORAL',12,'Norte','VEREDA VIBORAL','URBANA',320,1,5.062274,-75.472038,1);
INSERT Infraestructura (infCodigoParaSSF,infCodigoParaCCF,infConsecutivoInfraestructura,infNombre,infTipoInfraestructura,infZona,infDireccion,infAreaGeografica,infMunicipio,infTipoTenencia,infLatitud,infLongitud,infActivo) VALUES ('CCF011-12-163','CCF11-12-163',163,'INSTITUCIÓN EDUCATIVA VILLA DEL PILAR',12,'Manizales','CLL 9 CRA 3','URBANA',319,1,5.062274,-75.525739,1);
INSERT Infraestructura (infCodigoParaSSF,infCodigoParaCCF,infConsecutivoInfraestructura,infNombre,infTipoInfraestructura,infZona,infDireccion,infAreaGeografica,infMunicipio,infTipoTenencia,infLatitud,infLongitud,infActivo) VALUES ('CCF011-12-164','CCF11-12-164',164,'INSTITUCIÓN EDUCATIVA VILLAMARÍA',12,'CentroSur','CRA 3  N° 5 - 06','URBANA',344,1,5.062274,-75.513448,1);
INSERT Infraestructura (infCodigoParaSSF,infCodigoParaCCF,infConsecutivoInfraestructura,infNombre,infTipoInfraestructura,infZona,infDireccion,infAreaGeografica,infMunicipio,infTipoTenencia,infLatitud,infLongitud,infActivo) VALUES ('CCF011-12-165','CCF11-12-165',165,'INSTITUCIÓN EDUCATIVA ELÍAS MEJÍA ANGEL',12,'Norte','CLL 5 N° 2 - 54','URBANA',334,1,5.062274,-75.458754,1);
INSERT Infraestructura (infCodigoParaSSF,infCodigoParaCCF,infConsecutivoInfraestructura,infNombre,infTipoInfraestructura,infZona,infDireccion,infAreaGeografica,infMunicipio,infTipoTenencia,infLatitud,infLongitud,infActivo) VALUES ('CCF011-12-166','CCF11-12-166',166,'INSTITUCIÓN EDUCATIVA ESCUELA NORMAL SAN JOSÉ',12,'Norte','CLL 7 N° 2 - 35','URBANA',334,1,5.062274,-75.458214,1);
INSERT Infraestructura (infCodigoParaSSF,infCodigoParaCCF,infConsecutivoInfraestructura,infNombre,infTipoInfraestructura,infZona,infDireccion,infAreaGeografica,infMunicipio,infTipoTenencia,infLatitud,infLongitud,infActivo) VALUES ('CCF011-12-167','CCF11-12-167',167,'INSTITUTO DE EDUCACIÓN CONTINUADA PARA ADULTOS SAN MARCEL',12,'Manizales','CR 30  # 93 25 AV. ALBERTO MENDOZA','URBANA',319,1,5.062274,-75.468852,1);
INSERT Infraestructura (infCodigoParaSSF,infCodigoParaCCF,infConsecutivoInfraestructura,infNombre,infTipoInfraestructura,infZona,infDireccion,infAreaGeografica,infMunicipio,infTipoTenencia,infLatitud,infLongitud,infActivo) VALUES ('CCF011-15-168','CCF11-15-168',168,'INSTITUTO MEYER',15,'Manizales','CRA 23 NO. 58A-13','URBANA',319,1,5.062274,-75.489819,1);
INSERT Infraestructura (infCodigoParaSSF,infCodigoParaCCF,infConsecutivoInfraestructura,infNombre,infTipoInfraestructura,infZona,infDireccion,infAreaGeografica,infMunicipio,infTipoTenencia,infLatitud,infLongitud,infActivo) VALUES ('CCF011-12-169','CCF11-12-169',169,'INSTITUCIÓN EDUCATIVA GERARDO ARIAS',12,'CentroSur','CRA 8 N° 5 - 58','URBANA',344,1,5.062274,-75.516314,1);
INSERT Infraestructura (infCodigoParaSSF,infCodigoParaCCF,infConsecutivoInfraestructura,infNombre,infTipoInfraestructura,infZona,infDireccion,infAreaGeografica,infMunicipio,infTipoTenencia,infLatitud,infLongitud,infActivo) VALUES ('CCF011-22-170','CCF11-22-170',170,'IPS SEDE CLÍNICA SAN MARCEL (NIVEL III)',22,'Manizales','CR 30  # 93 25 AV. ALBERTO MENDOZA','URBANA',319,1,5.062274,-75.468852,1);
INSERT Infraestructura (infCodigoParaSSF,infCodigoParaCCF,infConsecutivoInfraestructura,infNombre,infTipoInfraestructura,infZona,infDireccion,infAreaGeografica,infMunicipio,infTipoTenencia,infLatitud,infLongitud,infActivo) VALUES ('CCF011-21-171','CCF11-21-171',171,'IPS SEDE CONFAMILIARES LA 50 (NIVEL II)',21,'Manizales','CR 25 CLL 50 ESQUINA','URBANA',319,1,5.062274,-75.498748,1);
INSERT Infraestructura (infCodigoParaSSF,infCodigoParaCCF,infConsecutivoInfraestructura,infNombre,infTipoInfraestructura,infZona,infDireccion,infAreaGeografica,infMunicipio,infTipoTenencia,infLatitud,infLongitud,infActivo) VALUES ('CCF011-21-172','CCF11-21-172',172,'IPS CENTRO ESPECIALISTAS SAN MARCEL (NIVEL II)',21,'Manizales','CR 30  # 93 25 AV. ALBERTO MENDOZA','URBANA',319,1,5.062274,-75.468852,1);
INSERT Infraestructura (infCodigoParaSSF,infCodigoParaCCF,infConsecutivoInfraestructura,infNombre,infTipoInfraestructura,infZona,infDireccion,infAreaGeografica,infMunicipio,infTipoTenencia,infLatitud,infLongitud,infActivo) VALUES ('CCF011-11-173','CCF11-11-173',173,'JARDÍN INFANTIL ASUNCIÓN',11,'Manizales','CALLE 51C CRA 15B ESQUINA ','URBANA',319,1,5.062274,-75.493522,1);
INSERT Infraestructura (infCodigoParaSSF,infCodigoParaCCF,infConsecutivoInfraestructura,infNombre,infTipoInfraestructura,infZona,infDireccion,infAreaGeografica,infMunicipio,infTipoTenencia,infLatitud,infLongitud,infActivo) VALUES ('CCF011-11-174','CCF11-11-174',174,'JARDÍN INFANTIL CHINCHINÁ',11,'CentroSur','CR 6  # 8 35','URBANA',324,1,5.062274,-75.603083,1);
INSERT Infraestructura (infCodigoParaSSF,infCodigoParaCCF,infConsecutivoInfraestructura,infNombre,infTipoInfraestructura,infZona,infDireccion,infAreaGeografica,infMunicipio,infTipoTenencia,infLatitud,infLongitud,infActivo) VALUES ('CCF011-11-175','CCF11-11-175',175,'JARDÍN INFANTIL SAN MARCEL',11,'Manizales','CR 30  # 93 25 AV. ALBERTO MENDOZA','URBANA',319,1,5.062274,-75.468852,1);
INSERT Infraestructura (infCodigoParaSSF,infCodigoParaCCF,infConsecutivoInfraestructura,infNombre,infTipoInfraestructura,infZona,infDireccion,infAreaGeografica,infMunicipio,infTipoTenencia,infLatitud,infLongitud,infActivo) VALUES ('CCF011-11-176','CCF11-11-176',176,'JARDÍN INFANTIL VERSALLES',11,'Manizales','CR 25 CLL 50 ESQUINA','URBANA',319,1,5.062274,-75.498748,1);
INSERT Infraestructura (infCodigoParaSSF,infCodigoParaCCF,infConsecutivoInfraestructura,infNombre,infTipoInfraestructura,infZona,infDireccion,infAreaGeografica,infMunicipio,infTipoTenencia,infLatitud,infLongitud,infActivo) VALUES ('CCF011-15-177','CCF11-15-177',177,'PASTELIARTE',15,'Manizales','CLL 63 NO. 23C-68 LOCAL 6','URBANA',319,1,5.062274,-75.487897,1);
INSERT Infraestructura (infCodigoParaSSF,infCodigoParaCCF,infConsecutivoInfraestructura,infNombre,infTipoInfraestructura,infZona,infDireccion,infAreaGeografica,infMunicipio,infTipoTenencia,infLatitud,infLongitud,infActivo) VALUES ('CCF011-07-178','CCF11-07-178',178,'SEDE ASUNCIÓN',7,'Manizales','CALLE 51C CRA 15B ESQUINA ','URBANA',319,1,5.062274,-75.493522,1);
INSERT Infraestructura (infCodigoParaSSF,infCodigoParaCCF,infConsecutivoInfraestructura,infNombre,infTipoInfraestructura,infZona,infDireccion,infAreaGeografica,infMunicipio,infTipoTenencia,infLatitud,infLongitud,infActivo) VALUES ('CCF011-07-179','CCF11-07-179',179,'SEDE CENTRO',7,'Manizales','CRA 24 NO. 20-46','URBANA',319,1,5.062274,-75.518405,1);
INSERT Infraestructura (infCodigoParaSSF,infCodigoParaCCF,infConsecutivoInfraestructura,infNombre,infTipoInfraestructura,infZona,infDireccion,infAreaGeografica,infMunicipio,infTipoTenencia,infLatitud,infLongitud,infActivo) VALUES ('CCF011-07-180','CCF11-07-180',180,'SEDE LA DORADA',7,'MagdalenaCaldense','CRA 3 NO 14-49 PISO 2 CENTRO ','URBANA',326,1,5.062274,-74.663471,1);
INSERT Infraestructura (infCodigoParaSSF,infCodigoParaCCF,infConsecutivoInfraestructura,infNombre,infTipoInfraestructura,infZona,infDireccion,infAreaGeografica,infMunicipio,infTipoTenencia,infLatitud,infLongitud,infActivo) VALUES ('CCF011-07-181','CCF11-07-181',181,'SEDE SAN MARCEL',7,'Manizales','CR 30  # 93 25 AV. ALBERTO MENDOZA','URBANA',319,1,5.062274,-75.468852,1);
INSERT Infraestructura (infCodigoParaSSF,infCodigoParaCCF,infConsecutivoInfraestructura,infNombre,infTipoInfraestructura,infZona,infDireccion,infAreaGeografica,infMunicipio,infTipoTenencia,infLatitud,infLongitud,infActivo) VALUES ('CCF011-07-182','CCF11-07-182',182,'SEDE VERSALLES',7,'Manizales','CR 25 CLL 50 ESQUINA','URBANA',319,1,5.062274,-75.498748,1);
INSERT Infraestructura (infCodigoParaSSF,infCodigoParaCCF,infConsecutivoInfraestructura,infNombre,infTipoInfraestructura,infZona,infDireccion,infAreaGeografica,infMunicipio,infTipoTenencia,infLatitud,infLongitud,infActivo) VALUES ('CCF011-16-183','CCF11-16-183',183,'SUPERMERCADO CAMPOHERMOSO',16,'Manizales','CARRERA 15 19 - 21','URBANA',319,1,5.062274,-75.519715,1);
INSERT Infraestructura (infCodigoParaSSF,infCodigoParaCCF,infConsecutivoInfraestructura,infNombre,infTipoInfraestructura,infZona,infDireccion,infAreaGeografica,infMunicipio,infTipoTenencia,infLatitud,infLongitud,infActivo) VALUES ('CCF011-09-189','CCF11-09-189',189,'CASA DE LA CULTURA RISARALDA',9,'SurOcc','CENTRO CULTURAL Y EDUCATIVO "ANGASKA" FRENTE AL PARQUE BOLIVAR','URBANA',338,1,5.062274,-75.767569,1);
INSERT Infraestructura (infCodigoParaSSF,infCodigoParaCCF,infConsecutivoInfraestructura,infNombre,infTipoInfraestructura,infZona,infDireccion,infAreaGeografica,infMunicipio,infTipoTenencia,infLatitud,infLongitud,infActivo) VALUES ('CCF011-20-191','CCF11-20-191',191,'HOSPITAL SAN JOSÉ',20,'SurOcc','CRA 2 NO. 5-14','URBANA',341,1,5.062274,-75.791305,1);
INSERT Infraestructura (infCodigoParaSSF,infCodigoParaCCF,infConsecutivoInfraestructura,infNombre,infTipoInfraestructura,infZona,infDireccion,infAreaGeografica,infMunicipio,infTipoTenencia,infLatitud,infLongitud,infActivo) VALUES ('CCF011-20-192','CCF11-20-192',192,'HOSPITAL SAN JOSÉ DE AGUADAS',20,'Norte','CRA 3 CON CALLE 16','URBANA',320,1,5.062274,-75.452134,1);
INSERT Infraestructura (infCodigoParaSSF,infCodigoParaCCF,infConsecutivoInfraestructura,infNombre,infTipoInfraestructura,infZona,infDireccion,infAreaGeografica,infMunicipio,infTipoTenencia,infLatitud,infLongitud,infActivo) VALUES ('CCF011-20-193','CCF11-20-193',193,'HOSPITAL DE SAN CAYETANO',20,'Oriente','CALLE VERSALLES','URBANA',330,1,5.062274,-75.053950,1);
INSERT Infraestructura (infCodigoParaSSF,infCodigoParaCCF,infConsecutivoInfraestructura,infNombre,infTipoInfraestructura,infZona,infDireccion,infAreaGeografica,infMunicipio,infTipoTenencia,infLatitud,infLongitud,infActivo) VALUES ('CCF011-09-195','CCF11-09-195',195,'CASA DE LA CULTURA PÁCORA',9,'Norte','CRA 4 PARQUE PRINCIPAL','URBANA',334,1,5.062274,-75.459853,1);
INSERT Infraestructura (infCodigoParaSSF,infCodigoParaCCF,infConsecutivoInfraestructura,infNombre,infTipoInfraestructura,infZona,infDireccion,infAreaGeografica,infMunicipio,infTipoTenencia,infLatitud,infLongitud,infActivo) VALUES ('CCF011-09-196','CCF11-09-196',196,'CASA DE LA CULTURA VITERBO',9,'SurOcc','CRA 8 NO 9-37  SALA DE INFORMATICA','URBANA',345,1,5.062274,-75.873177,1);
INSERT Infraestructura (infCodigoParaSSF,infCodigoParaCCF,infConsecutivoInfraestructura,infNombre,infTipoInfraestructura,infZona,infDireccion,infAreaGeografica,infMunicipio,infTipoTenencia,infLatitud,infLongitud,infActivo) VALUES ('CCF011-12-197','CCF11-12-197',197,'INSTITUTO DE EDUCACIÓN CONTINUADA PARA ADULTOS ASUNCIÓN',12,'Manizales','CALLE 51C CRA 15B ESQUINA ','URBANA',319,1,5.062274,-75.493522,1);
INSERT Infraestructura (infCodigoParaSSF,infCodigoParaCCF,infConsecutivoInfraestructura,infNombre,infTipoInfraestructura,infZona,infDireccion,infAreaGeografica,infMunicipio,infTipoTenencia,infLatitud,infLongitud,infActivo) VALUES ('CCF011-14-198','CCF11-14-198',198,'UNIVERSIDAD DE MANIZALES',14,'Manizales','CRA 9 NO 19-03 ','URBANA',319,1,5.062274,-75.520262,1);
INSERT Infraestructura (infCodigoParaSSF,infCodigoParaCCF,infConsecutivoInfraestructura,infNombre,infTipoInfraestructura,infZona,infDireccion,infAreaGeografica,infMunicipio,infTipoTenencia,infLatitud,infLongitud,infActivo) VALUES ('CCF011-12-199','CCF11-12-199',199,'INSTITUCIÓN EDUCATIVA SANTA TERESITA DEL NIÑO JESÚS',12,'Manizales','VEREDA ALTO CORINTO','URBANA',319,1,5.062274,-75.515033,1);
INSERT Infraestructura (infCodigoParaSSF,infCodigoParaCCF,infConsecutivoInfraestructura,infNombre,infTipoInfraestructura,infZona,infDireccion,infAreaGeografica,infMunicipio,infTipoTenencia,infLatitud,infLongitud,infActivo) VALUES ('CCF011-12-200','CCF11-12-200',200,'INSTITUCIÓN EDUCATIVA JOSÉ ANTONIO GALÁN',12,'Manizales','VEREDA ALTO BONITO','URBANA',319,1,5.062274,-75.510226,1);
INSERT Infraestructura (infCodigoParaSSF,infCodigoParaCCF,infConsecutivoInfraestructura,infNombre,infTipoInfraestructura,infZona,infDireccion,infAreaGeografica,infMunicipio,infTipoTenencia,infLatitud,infLongitud,infActivo) VALUES ('CCF011-24-201','CCF11-24-201',201,'COLMENARES',24,'Manizales','CALLE 50 N° 25-65 OFI 409 - 411 - 303','URBANA',319,1,5.062274,-75.498779,1);
INSERT Infraestructura (infCodigoParaSSF,infCodigoParaCCF,infConsecutivoInfraestructura,infNombre,infTipoInfraestructura,infZona,infDireccion,infAreaGeografica,infMunicipio,infTipoTenencia,infLatitud,infLongitud,infActivo) VALUES ('CCF011-09-202','CCF11-09-202',202,'TEATRO DE BELALCÁZAR',9,'SurOcc','CALLE 14 NO. 4-12','URBANA',323,1,5.062274,-75.608462,1);
INSERT Infraestructura (infCodigoParaSSF,infCodigoParaCCF,infConsecutivoInfraestructura,infNombre,infTipoInfraestructura,infZona,infDireccion,infAreaGeografica,infMunicipio,infTipoTenencia,infLatitud,infLongitud,infActivo) VALUES ('CCF011-14-204','CCF11-14-204',204,'UNIVERSIDAD NACIONAL',14,'Manizales','CR 27 NO. 64-60','URBANA',319,1,5.062274,-75.491465,1);
INSERT Infraestructura (infCodigoParaSSF,infCodigoParaCCF,infConsecutivoInfraestructura,infNombre,infTipoInfraestructura,infZona,infDireccion,infAreaGeografica,infMunicipio,infTipoTenencia,infLatitud,infLongitud,infActivo) VALUES ('CCF011-14-205','CCF11-14-205',205,'UNIVERSIDAD CATÓLICA',14,'Manizales','CARRERA 23 NO. 60 - 63','URBANA',319,1,5.062274,-75.487377,1);
INSERT Infraestructura (infCodigoParaSSF,infCodigoParaCCF,infConsecutivoInfraestructura,infNombre,infTipoInfraestructura,infZona,infDireccion,infAreaGeografica,infMunicipio,infTipoTenencia,infLatitud,infLongitud,infActivo) VALUES ('CCF011-26-206','CCF11-26-206',206,'LIGA NATACIÓN DE CALDAS',26,'Manizales','SECTOR BOSQUE POPULAR EL PRADO LT PISCINA OLIMPICA SAN MARCEL','URBANA',319,1,5.062274,-75.478715,1);
INSERT Infraestructura (infCodigoParaSSF,infCodigoParaCCF,infConsecutivoInfraestructura,infNombre,infTipoInfraestructura,infZona,infDireccion,infAreaGeografica,infMunicipio,infTipoTenencia,infLatitud,infLongitud,infActivo) VALUES ('CCF011-26-207','CCF11-26-207',207,'IMPACTO RECREACIÓN Y EVENTO',26,'Manizales','CR 27 A 49-34','URBANA',319,1,5.062274,-75.500551,1);
INSERT Infraestructura (infCodigoParaSSF,infCodigoParaCCF,infConsecutivoInfraestructura,infNombre,infTipoInfraestructura,infZona,infDireccion,infAreaGeografica,infMunicipio,infTipoTenencia,infLatitud,infLongitud,infActivo) VALUES ('CCF011-26-208','CCF11-26-208',208,'CENTRO DE ACONDICIONAMIENTO FÍSICO CAF',26,'SurOcc','CARRERA 4 NO 2-26','URBANA',321,1,5.062274,-75.784316,1);
INSERT Infraestructura (infCodigoParaSSF,infCodigoParaCCF,infConsecutivoInfraestructura,infNombre,infTipoInfraestructura,infZona,infDireccion,infAreaGeografica,infMunicipio,infTipoTenencia,infLatitud,infLongitud,infActivo) VALUES ('CCF011-26-209','CCF11-26-209',209,'CORPORACIÓN MANATÍ',26,'Norte','CALLE 6 5-22','URBANA',339,1,5.062274,-75.488748,1);
INSERT Infraestructura (infCodigoParaSSF,infCodigoParaCCF,infConsecutivoInfraestructura,infNombre,infTipoInfraestructura,infZona,infDireccion,infAreaGeografica,infMunicipio,infTipoTenencia,infLatitud,infLongitud,infActivo) VALUES ('CCF011-26-210','CCF11-26-210',210,'CANCHA SINTÉTICA SEMENOR',26,'Manizales','CARRERA 22 NO 56- 31','URBANA',319,1,5.062274,-75.491720,1);
INSERT Infraestructura (infCodigoParaSSF,infCodigoParaCCF,infConsecutivoInfraestructura,infNombre,infTipoInfraestructura,infZona,infDireccion,infAreaGeografica,infMunicipio,infTipoTenencia,infLatitud,infLongitud,infActivo) VALUES ('CCF011-15-211','CCF11-15-211',211,'FUNDACIÓN ACESCO',15,'Oriente','CALLE 4 N° 6-73 PISO 1','URBANA',336,1,5.062274,-75.160841,1);
INSERT Infraestructura (infCodigoParaSSF,infCodigoParaCCF,infConsecutivoInfraestructura,infNombre,infTipoInfraestructura,infZona,infDireccion,infAreaGeografica,infMunicipio,infTipoTenencia,infLatitud,infLongitud,infActivo) VALUES ('CCF011-12-212','CCF11-12-212',212,'INSTITUCIÓN EDUCATIVA NUESTRA SEÑORA DE FÁTIMA',12,'Manizales','CLL 63 N° 13-23','URBANA',319,1,5.062274,-75.479710,1);
INSERT Infraestructura (infCodigoParaSSF,infCodigoParaCCF,infConsecutivoInfraestructura,infNombre,infTipoInfraestructura,infZona,infDireccion,infAreaGeografica,infMunicipio,infTipoTenencia,infLatitud,infLongitud,infActivo) VALUES ('CCF011-26-213','CCF11-26-213',213,'CENTRO DE ACONDICIONAMIENTO BODY BUILDING (VILLAMARÍA)',26,'CentroSur','CARRERA 6 NO 7 -31','URBANA',344,1,5.062274,-75.513860,1);
INSERT Infraestructura (infCodigoParaSSF,infCodigoParaCCF,infConsecutivoInfraestructura,infNombre,infTipoInfraestructura,infZona,infDireccion,infAreaGeografica,infMunicipio,infTipoTenencia,infLatitud,infLongitud,infActivo) VALUES ('CCF011-26-214','CCF11-26-214',214,'CENTRO DE ACONDICIONAMIENTO BODY BUILDING (CHINCHINÁ)',26,'CentroSur','CALLE 11 NO 11-50','URBANA',324,1,5.062274,-75.605834,1);
INSERT Infraestructura (infCodigoParaSSF,infCodigoParaCCF,infConsecutivoInfraestructura,infNombre,infTipoInfraestructura,infZona,infDireccion,infAreaGeografica,infMunicipio,infTipoTenencia,infLatitud,infLongitud,infActivo) VALUES ('CCF011-12-215','CCF11-12-215',215,'INSTITUCIÓN EDUCATIVA LA FELISA',12,'Occidente','POBLADO LA FELISA','URBANA',327,1,5.062274,-75.602043,1);
INSERT Infraestructura (infCodigoParaSSF,infCodigoParaCCF,infConsecutivoInfraestructura,infNombre,infTipoInfraestructura,infZona,infDireccion,infAreaGeografica,infMunicipio,infTipoTenencia,infLatitud,infLongitud,infActivo) VALUES ('CCF011-12-216','CCF11-12-216',216,'INSTITUCIÓN EDUCATIVA SERÁFICO SAN ANTONIO DE PADUA',12,'Manizales','VEREDA BAJO TABLAZO','URBANA',319,1,5.062274,-75.538299,1);
INSERT Infraestructura (infCodigoParaSSF,infCodigoParaCCF,infConsecutivoInfraestructura,infNombre,infTipoInfraestructura,infZona,infDireccion,infAreaGeografica,infMunicipio,infTipoTenencia,infLatitud,infLongitud,infActivo) VALUES ('CCF011-26-217','CCF11-26-217',217,'GIMNASIO MUNICIPAL DE NEIRA',26,'CentroSur','CARRERA 10 CALLE 10 ESQUINA PISO 3','URBANA',332,1,5.062274,-75.522014,1);
INSERT Infraestructura (infCodigoParaSSF,infCodigoParaCCF,infConsecutivoInfraestructura,infNombre,infTipoInfraestructura,infZona,infDireccion,infAreaGeografica,infMunicipio,infTipoTenencia,infLatitud,infLongitud,infActivo) VALUES ('CCF011-26-218','CCF11-26-218',218,'INTERCOORE (TERMINAL)',26,'Manizales','CRA 43 NO 65 – 100 SECTOR CAMBULOS','URBANA',319,1,5.062274,-75.506204,1);
INSERT Infraestructura (infCodigoParaSSF,infCodigoParaCCF,infConsecutivoInfraestructura,infNombre,infTipoInfraestructura,infZona,infDireccion,infAreaGeografica,infMunicipio,infTipoTenencia,infLatitud,infLongitud,infActivo) VALUES ('CCF011-28-219','CCF11-28-219',219,'OFICINAS COLMENARES',28,'Manizales','CALLE 50 N° 25-65 OFI 407 - 305','URBANA',319,1,5.062274,-75.498779,1);
INSERT Infraestructura (infCodigoParaSSF,infCodigoParaCCF,infConsecutivoInfraestructura,infNombre,infTipoInfraestructura,infZona,infDireccion,infAreaGeografica,infMunicipio,infTipoTenencia,infLatitud,infLongitud,infActivo) VALUES ('CCF011-26-220','CCF11-26-220',220,'CENTRO DE ACONDICINAMIENTO FÍSICO KABU',26,'MagdalenaCaldense','CRA 6 NRO.5 – 07 AV ESTUDIANTES','URBANA',326,1,5.062274,-74.662323,1);
INSERT Infraestructura (infCodigoParaSSF,infCodigoParaCCF,infConsecutivoInfraestructura,infNombre,infTipoInfraestructura,infZona,infDireccion,infAreaGeografica,infMunicipio,infTipoTenencia,infLatitud,infLongitud,infActivo) VALUES ('CCF011-26-221','CCF11-26-221',221,'CENTRO DE ACONDICINAMIENTO FÍSICO XTREME GYM',26,'Norte','CRA 6 NRO.7 – 39','URBANA',339,1,5.062274,-75.487889,1);
INSERT Infraestructura (infCodigoParaSSF,infCodigoParaCCF,infConsecutivoInfraestructura,infNombre,infTipoInfraestructura,infZona,infDireccion,infAreaGeografica,infMunicipio,infTipoTenencia,infLatitud,infLongitud,infActivo) VALUES ('CCF011-12-222','CCF11-12-222',222,'INSTITUCIÓN EDUCATIVA CRISANTO LUQUE',12,'Norte','VEREDA SAMARIA','URBANA',325,1,5.062274,-75.571178,1);
INSERT Infraestructura (infCodigoParaSSF,infCodigoParaCCF,infConsecutivoInfraestructura,infNombre,infTipoInfraestructura,infZona,infDireccion,infAreaGeografica,infMunicipio,infTipoTenencia,infLatitud,infLongitud,infActivo) VALUES ('CCF011-12-223','CCF11-12-223',223,'INSTITUCIÓN EDUCATIVA LAS COLES',12,'Norte','CORREGIMIENTO LAS COLES','URBANA',334,1,5.062274,-75.466304,1);
INSERT Infraestructura (infCodigoParaSSF,infCodigoParaCCF,infConsecutivoInfraestructura,infNombre,infTipoInfraestructura,infZona,infDireccion,infAreaGeografica,infMunicipio,infTipoTenencia,infLatitud,infLongitud,infActivo) VALUES ('CCF011-12-224','CCF11-12-224',224,'INSTITUCIÓN EDUCATIVA QUIEBRALOMO',12,'Occidente','VEREDA QUIEBRALOMO','URBANA',337,1,5.062274,-75.688013,1);
INSERT Infraestructura (infCodigoParaSSF,infCodigoParaCCF,infConsecutivoInfraestructura,infNombre,infTipoInfraestructura,infZona,infDireccion,infAreaGeografica,infMunicipio,infTipoTenencia,infLatitud,infLongitud,infActivo) VALUES ('CCF011-12-225','CCF11-12-225',225,'INSTITUCIÓN EDUCATIVA SAN JERÓNIMO',12,'Occidente','VEREDA SAN JERÓNIMO','URBANA',337,1,5.062274,-75.710614,1);
INSERT Infraestructura (infCodigoParaSSF,infCodigoParaCCF,infConsecutivoInfraestructura,infNombre,infTipoInfraestructura,infZona,infDireccion,infAreaGeografica,infMunicipio,infTipoTenencia,infLatitud,infLongitud,infActivo) VALUES ('CCF011-12-226','CCF11-12-226',226,'INSTITUCIÓN EDUCATIVA BONAFÓN',12,'Occidente','VEREDA SAN ANTONIO','URBANA',337,1,5.062274,-75.150375,1);
INSERT Infraestructura (infCodigoParaSSF,infCodigoParaCCF,infConsecutivoInfraestructura,infNombre,infTipoInfraestructura,infZona,infDireccion,infAreaGeografica,infMunicipio,infTipoTenencia,infLatitud,infLongitud,infActivo) VALUES ('CCF011-12-227','CCF11-12-227',227,'INSTITUCIÓN EDUCATIVA PÍO XII (NEIRA)',12,'CentroSur','VEREDA CANTADELICIA','URBANA',332,1,5.062274,-75.520343,1);
INSERT Infraestructura (infCodigoParaSSF,infCodigoParaCCF,infConsecutivoInfraestructura,infNombre,infTipoInfraestructura,infZona,infDireccion,infAreaGeografica,infMunicipio,infTipoTenencia,infLatitud,infLongitud,infActivo) VALUES ('CCF011-12-228','CCF11-12-228',228,'INSTITUCIÓN EDUCATIVA MIXTO EL ROBLE',12,'CentroSur','PEAJE LA QUIEBRA VÍA MANIZALES','URBANA',332,1,5.062274,-75.554570,1);
INSERT Infraestructura (infCodigoParaSSF,infCodigoParaCCF,infConsecutivoInfraestructura,infNombre,infTipoInfraestructura,infZona,infDireccion,infAreaGeografica,infMunicipio,infTipoTenencia,infLatitud,infLongitud,infActivo) VALUES ('CCF011-12-229','CCF11-12-229',229,'INSTITUCIÓN EDUCATIVA PUEBLO RICO',12,'CentroSur','VEREDA PUEBLO RICO','URBANA',332,1,5.062274,-75.520951,1);
INSERT Infraestructura (infCodigoParaSSF,infCodigoParaCCF,infConsecutivoInfraestructura,infNombre,infTipoInfraestructura,infZona,infDireccion,infAreaGeografica,infMunicipio,infTipoTenencia,infLatitud,infLongitud,infActivo) VALUES ('CCF011-12-230','CCF11-12-230',230,'INSTITUCIÓN EDUCATIVA GENERAL RAMÓN MARÍN',12,'Occidente','CORREGIMIENTO SAN JUAN','URBANA',329,1,5.062274,-75.601032,1);
INSERT Infraestructura (infCodigoParaSSF,infCodigoParaCCF,infConsecutivoInfraestructura,infNombre,infTipoInfraestructura,infZona,infDireccion,infAreaGeografica,infMunicipio,infTipoTenencia,infLatitud,infLongitud,infActivo) VALUES ('CCF011-12-231','CCF11-12-231',231,'INSTITUCIÓN EDUCATIVA SAN PEDRO ANSERMA',12,'SurOcc','VEREDA SAN PEDRO','URBANA',321,1,5.062274,-75.797891,1);
INSERT Infraestructura (infCodigoParaSSF,infCodigoParaCCF,infConsecutivoInfraestructura,infNombre,infTipoInfraestructura,infZona,infDireccion,infAreaGeografica,infMunicipio,infTipoTenencia,infLatitud,infLongitud,infActivo) VALUES ('CCF011-12-232','CCF11-12-232',232,'INSTITUCIÓN EDUCATIVA LLANADAS LA MERCED',12,'Occidente','VEREDA LLANADAS','URBANA',327,1,5.062274,-75.544270,1);
INSERT Infraestructura (infCodigoParaSSF,infCodigoParaCCF,infConsecutivoInfraestructura,infNombre,infTipoInfraestructura,infZona,infDireccion,infAreaGeografica,infMunicipio,infTipoTenencia,infLatitud,infLongitud,infActivo) VALUES ('CCF011-12-233','CCF11-12-233',233,'INSTITUCIÓN EDUCATIVA FORTUNATO GAVIRIA BOTERO',12,'CentroSur','VEREDA RIO CLARO','URBANA',344,1,5.062274,-75.551235,1);
INSERT Infraestructura (infCodigoParaSSF,infCodigoParaCCF,infConsecutivoInfraestructura,infNombre,infTipoInfraestructura,infZona,infDireccion,infAreaGeografica,infMunicipio,infTipoTenencia,infLatitud,infLongitud,infActivo) VALUES ('CCF011-12-234','CCF11-12-234',234,'INSTITUCIÓN EDUCATIVA OBISPO',12,'Occidente','VEREDA BAJO OBISPO','URBANA',342,1,5.062274,-75.629546,1);
INSERT Infraestructura (infCodigoParaSSF,infCodigoParaCCF,infConsecutivoInfraestructura,infNombre,infTipoInfraestructura,infZona,infDireccion,infAreaGeografica,infMunicipio,infTipoTenencia,infLatitud,infLongitud,infActivo) VALUES ('CCF011-26-235','CCF11-26-235',235,'GIMNASIO ENERGYM',26,'Occidente','CALLE 16A NRO. 5- 09','URBANA',337,1,5.062274,-75.702530,1);
INSERT Infraestructura (infCodigoParaSSF,infCodigoParaCCF,infConsecutivoInfraestructura,infNombre,infTipoInfraestructura,infZona,infDireccion,infAreaGeografica,infMunicipio,infTipoTenencia,infLatitud,infLongitud,infActivo) VALUES ('CCF011-15-236','CCF11-15-236',236,'FUNDACIÓN CRUZADA SOCIAL',15,'Manizales','CALLE 31 N° 20-13','URBANA',319,1,5.062274,-75.511834,1);
INSERT Infraestructura (infCodigoParaSSF,infCodigoParaCCF,infConsecutivoInfraestructura,infNombre,infTipoInfraestructura,infZona,infDireccion,infAreaGeografica,infMunicipio,infTipoTenencia,infLatitud,infLongitud,infActivo) VALUES ('CCF011-12-237','CCF11-12-237',237,'INSTITUCIÓN EDUCATIVA EL TRÉBOL',12,'CentroSur','VEREDA EL TREBOL','URBANA',324,1,5.062274,-75.699608,1);
INSERT Infraestructura (infCodigoParaSSF,infCodigoParaCCF,infConsecutivoInfraestructura,infNombre,infTipoInfraestructura,infZona,infDireccion,infAreaGeografica,infMunicipio,infTipoTenencia,infLatitud,infLongitud,infActivo) VALUES ('CCF011-12-238','CCF11-12-238',238,'INSTITUCIÓN EDUCATIVA RURAL GIOVANNI MONTINI',12,'Manizales','VEREDA COLOMBIA KILOMETRO 41','URBANA',319,1,5.062274,-75.663126,1);
INSERT Infraestructura (infCodigoParaSSF,infCodigoParaCCF,infConsecutivoInfraestructura,infNombre,infTipoInfraestructura,infZona,infDireccion,infAreaGeografica,infMunicipio,infTipoTenencia,infLatitud,infLongitud,infActivo) VALUES ('CCF011-12-239','CCF11-12-239',239,'INSTITUCIÓN EDUCATIVA JOSÉ MARÍA CARBONELL ',12,'CentroSur','VEREDA LA PLATA','URBANA',335,1,5.062274,-75.679462,1);
INSERT Infraestructura (infCodigoParaSSF,infCodigoParaCCF,infConsecutivoInfraestructura,infNombre,infTipoInfraestructura,infZona,infDireccion,infAreaGeografica,infMunicipio,infTipoTenencia,infLatitud,infLongitud,infActivo) VALUES ('CCF011-12-240','CCF11-12-240',240,'INSTITUCIÓN EDUCATIVA SAN LORENZO',12,'Occidente','CORREGIMIENTO SAN LORENZO','URBANA',337,1,5.062274,-75.693439,1);
INSERT Infraestructura (infCodigoParaSSF,infCodigoParaCCF,infConsecutivoInfraestructura,infNombre,infTipoInfraestructura,infZona,infDireccion,infAreaGeografica,infMunicipio,infTipoTenencia,infLatitud,infLongitud,infActivo) VALUES ('CCF011-12-241','CCF11-12-241',241,'INSTITUCIÓN EDUCATIVA JOHN F. KENNEDY RIOSUCIO',12,'Occidente','PUEBLO VIEJO','URBANA',337,1,5.062274,-75.719747,1);
INSERT Infraestructura (infCodigoParaSSF,infCodigoParaCCF,infConsecutivoInfraestructura,infNombre,infTipoInfraestructura,infZona,infDireccion,infAreaGeografica,infMunicipio,infTipoTenencia,infLatitud,infLongitud,infActivo) VALUES ('CCF011-12-242','CCF11-12-242',242,'INSTITUCIÓN EDUCATIVA EL AGUILA',12,'SurOcc','VEREDA EL AGUILA','URBANA',323,1,5.062274,-75.847560,1);
INSERT Infraestructura (infCodigoParaSSF,infCodigoParaCCF,infConsecutivoInfraestructura,infNombre,infTipoInfraestructura,infZona,infDireccion,infAreaGeografica,infMunicipio,infTipoTenencia,infLatitud,infLongitud,infActivo) VALUES ('CCF011-12-243','CCF11-12-243',243,'INSTITUCIÓN EDUCATIVA LLANADAS MANZANARES',12,'Oriente','VEREDA LLANADAS','URBANA',328,1,5.062274,-75.134755,1);
INSERT Infraestructura (infCodigoParaSSF,infCodigoParaCCF,infConsecutivoInfraestructura,infNombre,infTipoInfraestructura,infZona,infDireccion,infAreaGeografica,infMunicipio,infTipoTenencia,infLatitud,infLongitud,infActivo) VALUES ('CCF011-12-244','CCF11-12-244',244,'INSTITUCIÓN EDUCATIVA ANTONIO MARÍA HINCAPIE',12,'Oriente','SANTA ELENA','URBANA',330,1,5.062274,-75.006258,1);
INSERT Infraestructura (infCodigoParaSSF,infCodigoParaCCF,infConsecutivoInfraestructura,infNombre,infTipoInfraestructura,infZona,infDireccion,infAreaGeografica,infMunicipio,infTipoTenencia,infLatitud,infLongitud,infActivo) VALUES ('CCF011-12-245','CCF11-12-245',245,'INSTITUCIÓN EDUCATIVA LA FLORIDA',12,'Oriente','VEREDA LA FLORIDA','URBANA',330,1,5.062274,-75.073755,1);
INSERT Infraestructura (infCodigoParaSSF,infCodigoParaCCF,infConsecutivoInfraestructura,infNombre,infTipoInfraestructura,infZona,infDireccion,infAreaGeografica,infMunicipio,infTipoTenencia,infLatitud,infLongitud,infActivo) VALUES ('CCF011-12-246','CCF11-12-246',246,'INSTITUCIÓN EDUCATIVA JHON F. KENEDY PENSILVANIA',12,'Oriente','CORREGIMIENTO BOLIVIA','URBANA',336,1,5.062274,-75.113027,1);
INSERT Infraestructura (infCodigoParaSSF,infCodigoParaCCF,infConsecutivoInfraestructura,infNombre,infTipoInfraestructura,infZona,infDireccion,infAreaGeografica,infMunicipio,infTipoTenencia,infLatitud,infLongitud,infActivo) VALUES ('CCF011-12-247','CCF11-12-247',247,'INSTITUCIÓN EDUCATIVA SAN FÉLIX',12,'Norte','CARRERA 5TA N° 11-12','URBANA',339,1,5.062274,-75.372422,1);
INSERT Infraestructura (infCodigoParaSSF,infCodigoParaCCF,infConsecutivoInfraestructura,infNombre,infTipoInfraestructura,infZona,infDireccion,infAreaGeografica,infMunicipio,infTipoTenencia,infLatitud,infLongitud,infActivo) VALUES ('CCF011-26-248','CCF11-26-248',248,'CANCHA DEPORTIVA ASUNCIÓN',26,'Manizales','CALLE 51C CRA 15B ESQUINA ','URBANA',319,1,5.062274,-75.493522,1);
INSERT Infraestructura (infCodigoParaSSF,infCodigoParaCCF,infConsecutivoInfraestructura,infNombre,infTipoInfraestructura,infZona,infDireccion,infAreaGeografica,infMunicipio,infTipoTenencia,infLatitud,infLongitud,infActivo) VALUES ('CCF011-26-249','CCF11-26-249',249,'CLUB DEPORTIVO BUFFA',26,'Occidente','CRA 7 CLL 11','URBANA',337,1,5.062274,-75.702255,1);
INSERT Infraestructura (infCodigoParaSSF,infCodigoParaCCF,infConsecutivoInfraestructura,infNombre,infTipoInfraestructura,infZona,infDireccion,infAreaGeografica,infMunicipio,infTipoTenencia,infLatitud,infLongitud,infActivo) VALUES ('CCF011-26-250','CCF11-26-250',250,'GIMNASIO SALUD Y FIGURA',26,'MagdalenaCaldense','CRA.  6 NRO 1 - 14 AV ESTUDIANTES ','URBANA',326,1,5.062274,-74.661014,1);
INSERT Infraestructura (infCodigoParaSSF,infCodigoParaCCF,infConsecutivoInfraestructura,infNombre,infTipoInfraestructura,infZona,infDireccion,infAreaGeografica,infMunicipio,infTipoTenencia,infLatitud,infLongitud,infActivo) VALUES ('CCF011-26-251','CCF11-26-251',251,'FUNDACIÓN LUKER',26,'Manizales','CARRERA 23 64B 33 PISO 3','URBANA',319,1,5.062274,-75.486279,1);
INSERT Infraestructura (infCodigoParaSSF,infCodigoParaCCF,infConsecutivoInfraestructura,infNombre,infTipoInfraestructura,infZona,infDireccion,infAreaGeografica,infMunicipio,infTipoTenencia,infLatitud,infLongitud,infActivo) VALUES ('CCF011-26-252','CCF11-26-252',252,'POLIDEPORTIVO PENSILVANIA',26,'Oriente','VÍA A SAN DANIEL','URBANA',336,1,5.062274,-75.159441,1);
INSERT Infraestructura (infCodigoParaSSF,infCodigoParaCCF,infConsecutivoInfraestructura,infNombre,infTipoInfraestructura,infZona,infDireccion,infAreaGeografica,infMunicipio,infTipoTenencia,infLatitud,infLongitud,infActivo) VALUES ('CCF011-26-253','CCF11-26-253',253,'CLUB TORNADO SKATE',26,'MagdalenaCaldense','CARRERA 3 NRO 14 - 76','URBANA',326,1,5.062274,-74.663470,1);
INSERT Infraestructura (infCodigoParaSSF,infCodigoParaCCF,infConsecutivoInfraestructura,infNombre,infTipoInfraestructura,infZona,infDireccion,infAreaGeografica,infMunicipio,infTipoTenencia,infLatitud,infLongitud,infActivo) VALUES ('CCF011-12-254','CCF11-12-254',254,'INSTITUCIÓN EDUCATIVA PÍO XII (SAMANÁ)',12,'MagdalenaCaldense',' CORREGIMIENTO DE FLORENCIA RURAL','URBANA',340,1,5.062274,-75.033209,1);
INSERT Infraestructura (infCodigoParaSSF,infCodigoParaCCF,infConsecutivoInfraestructura,infNombre,infTipoInfraestructura,infZona,infDireccion,infAreaGeografica,infMunicipio,infTipoTenencia,infLatitud,infLongitud,infActivo) VALUES ('CCF011-12-255','CCF11-12-255',255,'INSTITUCIÓN EDUCATIVA SAN LUIS',12,'CentroSur','VEREDA CANTADELICIA','URBANA',332,1,5.062274,-75.521414,1);
INSERT Infraestructura (infCodigoParaSSF,infCodigoParaCCF,infConsecutivoInfraestructura,infNombre,infTipoInfraestructura,infZona,infDireccion,infAreaGeografica,infMunicipio,infTipoTenencia,infLatitud,infLongitud,infActivo) VALUES ('CCF011-12-256','CCF11-12-256',256,'INSTITUCIÓN EDUCATIVA MIXTO LLANO GRANDE ',12,'CentroSur','VEREDA LLANO GRANDE','URBANA',332,1,5.062274,-75.593044,1);
INSERT Infraestructura (infCodigoParaSSF,infCodigoParaCCF,infConsecutivoInfraestructura,infNombre,infTipoInfraestructura,infZona,infDireccion,infAreaGeografica,infMunicipio,infTipoTenencia,infLatitud,infLongitud,infActivo) VALUES ('CCF011-12-257','CCF11-12-257',257,'INSTITUCIÓN EDUCATIVA CAÑAVERAL',12,'MagdalenaCaldense','VEREDA CAÑAVERAL','URBANA',343,1,5.062274,-74.943222,1);
INSERT Infraestructura (infCodigoParaSSF,infCodigoParaCCF,infConsecutivoInfraestructura,infNombre,infTipoInfraestructura,infZona,infDireccion,infAreaGeografica,infMunicipio,infTipoTenencia,infLatitud,infLongitud,infActivo) VALUES ('CCF011-12-258','CCF11-12-258',258,'INSTITUCIÓN EDUCATIVA ISAZA',12,'MagdalenaCaldense','VEREDA ISAZA','URBANA',343,1,5.062274,-74.815209,1);
INSERT Infraestructura (infCodigoParaSSF,infCodigoParaCCF,infConsecutivoInfraestructura,infNombre,infTipoInfraestructura,infZona,infDireccion,infAreaGeografica,infMunicipio,infTipoTenencia,infLatitud,infLongitud,infActivo) VALUES ('CCF011-12-259','CCF11-12-259',259,'INSTITUCIÓN EDUCATIVA LA CABAÑA ',12,'Manizales','VEREDA LA CABAÑA','URBANA',319,1,5.062274,-75.603465,1);
INSERT Infraestructura (infCodigoParaSSF,infCodigoParaCCF,infConsecutivoInfraestructura,infNombre,infTipoInfraestructura,infZona,infDireccion,infAreaGeografica,infMunicipio,infTipoTenencia,infLatitud,infLongitud,infActivo) VALUES ('CCF011-26-260','CCF11-26-260',260,'LIGA PATINAJE',26,'Manizales','SEDE DEPORTIVA PALOGRANDE','URBANA',319,1,5.062274,-75.488922,1);
INSERT Infraestructura (infCodigoParaSSF,infCodigoParaCCF,infConsecutivoInfraestructura,infNombre,infTipoInfraestructura,infZona,infDireccion,infAreaGeografica,infMunicipio,infTipoTenencia,infLatitud,infLongitud,infActivo) VALUES ('CCF011-26-261','CCF11-26-261',261,'CLUB PROMOTOR SEMILLITAS',26,'Oriente','CARRERA 6 NRO 5 - 26','URBANA',328,1,5.062274,-75.154086,1);
INSERT Infraestructura (infCodigoParaSSF,infCodigoParaCCF,infConsecutivoInfraestructura,infNombre,infTipoInfraestructura,infZona,infDireccion,infAreaGeografica,infMunicipio,infTipoTenencia,infLatitud,infLongitud,infActivo) VALUES ('CCF011-12-262','CCF11-12-262',262,'AMERICAN BUSINESS SCHOOL',12,'Manizales','CRA 23 NO. 19 - 19','URBANA',319,1,5.062274,-75.519396,1);
INSERT Infraestructura (infCodigoParaSSF,infCodigoParaCCF,infConsecutivoInfraestructura,infNombre,infTipoInfraestructura,infZona,infDireccion,infAreaGeografica,infMunicipio,infTipoTenencia,infLatitud,infLongitud,infActivo) VALUES ('CCF011-26-263','CCF11-26-263',263,'GIMNASIO FLEXI SUPÍA',26,'Occidente','CALLE 34 N° 5 - 56','URBANA',342,1,5.062274,-75.648895,1);
INSERT Infraestructura (infCodigoParaSSF,infCodigoParaCCF,infConsecutivoInfraestructura,infNombre,infTipoInfraestructura,infZona,infDireccion,infAreaGeografica,infMunicipio,infTipoTenencia,infLatitud,infLongitud,infActivo) VALUES ('CCF011-26-264','CCF11-26-264',264,'GIMNASIO COOPEMAR (ARANZAZU)',26,'Norte','CRA 5 N° 5-29 BARRIO COMERCIO CENTRO','URBANA',322,1,5.062274,-75.490784,1);
INSERT Infraestructura (infCodigoParaSSF,infCodigoParaCCF,infConsecutivoInfraestructura,infNombre,infTipoInfraestructura,infZona,infDireccion,infAreaGeografica,infMunicipio,infTipoTenencia,infLatitud,infLongitud,infActivo) VALUES ('CCF011-26-265','CCF11-26-265',265,'CLUB FUTBOL MANIZALES',26,'Manizales','CALLE 59  N°24 A 41 LOCAL 1','URBANA',319,1,5.062274,-75.489352,1);
INSERT Infraestructura (infCodigoParaSSF,infCodigoParaCCF,infConsecutivoInfraestructura,infNombre,infTipoInfraestructura,infZona,infDireccion,infAreaGeografica,infMunicipio,infTipoTenencia,infLatitud,infLongitud,infActivo) VALUES ('CCF011-26-266','CCF11-26-266',266,'CLUB TENIS DROPSHOT',26,'Manizales','CALLE 62 N° 25 53','URBANA',319,1,5.062274,-75.488805,1);
INSERT Infraestructura (infCodigoParaSSF,infCodigoParaCCF,infConsecutivoInfraestructura,infNombre,infTipoInfraestructura,infZona,infDireccion,infAreaGeografica,infMunicipio,infTipoTenencia,infLatitud,infLongitud,infActivo) VALUES ('CCF011-26-267','CCF11-26-267',267,'SOCCER CLUB MANIZALES',26,'Manizales','CALLE 46 N° 21 - 25','URBANA',319,1,5.062274,-75.501868,1);
INSERT Infraestructura (infCodigoParaSSF,infCodigoParaCCF,infConsecutivoInfraestructura,infNombre,infTipoInfraestructura,infZona,infDireccion,infAreaGeografica,infMunicipio,infTipoTenencia,infLatitud,infLongitud,infActivo) VALUES ('CCF011-26-268','CCF11-26-268',268,'GIMNASIO MAURO GYM CHINCHINA',26,'CentroSur','CRA 9 N° 8 - 32','URBANA',324,1,5.062274,-75.603382,1);
INSERT Infraestructura (infCodigoParaSSF,infCodigoParaCCF,infConsecutivoInfraestructura,infNombre,infTipoInfraestructura,infZona,infDireccion,infAreaGeografica,infMunicipio,infTipoTenencia,infLatitud,infLongitud,infActivo) VALUES ('CCF011-12-269','CCF11-12-269',269,'INSTITUTO DE EDUCACIÓN CONTINUADA PARA ADULTOS CENTRO',12,'Manizales','CRA 23 N° 19 - 19 ','URBANA',319,1,5.062274,-75.519396,1);
INSERT Infraestructura (infCodigoParaSSF,infCodigoParaCCF,infConsecutivoInfraestructura,infNombre,infTipoInfraestructura,infZona,infDireccion,infAreaGeografica,infMunicipio,infTipoTenencia,infLatitud,infLongitud,infActivo) VALUES ('CCF011-15-270','CCF11-15-270',270,'CASA DE LA CULTURA CHINCHINÁ',15,'CentroSur','CALLE 11  N° 7 - 38','URBANA',324,1,5.062274,-75.605551,1);

INSERT SitioPago (sipCodigo,sipNombre,sipInfraestructura,sipActivo) VALUES ('045','PUERTO NARE',176,1);
INSERT SitioPago (sipCodigo,sipNombre,sipInfraestructura,sipActivo) VALUES ('042','PUERTO BOYACA',176,1);
INSERT SitioPago (sipCodigo,sipNombre,sipInfraestructura,sipActivo) VALUES ('002','VILLAMARIA ',43,1);
INSERT SitioPago (sipCodigo,sipNombre,sipInfraestructura,sipActivo) VALUES ('003','CHINCHINA  ',3,1);
INSERT SitioPago (sipCodigo,sipNombre,sipInfraestructura,sipActivo) VALUES ('004','SALAMINA ',6,1);
INSERT SitioPago (sipCodigo,sipNombre,sipInfraestructura,sipActivo) VALUES ('005','RIOSUCIO ',5,1);
INSERT SitioPago (sipCodigo,sipNombre,sipInfraestructura,sipActivo) VALUES ('006','ANSERMA  ',2,1);
INSERT SitioPago (sipCodigo,sipNombre,sipInfraestructura,sipActivo) VALUES ('007','AGUADAS  ',6,1);
INSERT SitioPago (sipCodigo,sipNombre,sipInfraestructura,sipActivo) VALUES ('008','PACORA ',6,1);
INSERT SitioPago (sipCodigo,sipNombre,sipInfraestructura,sipActivo) VALUES ('009','NEIRA  ',43,1);
INSERT SitioPago (sipCodigo,sipNombre,sipInfraestructura,sipActivo) VALUES ('010','SUPIA  ',42,1);
INSERT SitioPago (sipCodigo,sipNombre,sipInfraestructura,sipActivo) VALUES ('011','MARQUETALIA',41,1);
INSERT SitioPago (sipCodigo,sipNombre,sipInfraestructura,sipActivo) VALUES ('012','MANZANARES ',41,1);
INSERT SitioPago (sipCodigo,sipNombre,sipInfraestructura,sipActivo) VALUES ('013','RISARALDA',2,1);
INSERT SitioPago (sipCodigo,sipNombre,sipInfraestructura,sipActivo) VALUES ('014','MARMATO  ',42,1);
INSERT SitioPago (sipCodigo,sipNombre,sipInfraestructura,sipActivo) VALUES ('015','PENSILVANIA  ',4,1);
INSERT SitioPago (sipCodigo,sipNombre,sipInfraestructura,sipActivo) VALUES ('016','PALESTINA  ',3,1);
INSERT SitioPago (sipCodigo,sipNombre,sipInfraestructura,sipActivo) VALUES ('017','FILADELFIA ',6,1);
INSERT SitioPago (sipCodigo,sipNombre,sipInfraestructura,sipActivo) VALUES ('021','LA DORADA  ',176,1);
INSERT SitioPago (sipCodigo,sipNombre,sipInfraestructura,sipActivo) VALUES ('024','VITERBO',2,1);
INSERT SitioPago (sipCodigo,sipNombre,sipInfraestructura,sipActivo) VALUES ('026','BELALCAZAR',2,1);
INSERT SitioPago (sipCodigo,sipNombre,sipInfraestructura,sipActivo) VALUES ('027','MARULANDA',6,1);
INSERT SitioPago (sipCodigo,sipNombre,sipInfraestructura,sipActivo) VALUES ('028','SAMANA',176,1);
INSERT SitioPago (sipCodigo,sipNombre,sipInfraestructura,sipActivo) VALUES ('032','ARANZAZU ',6,1);
INSERT SitioPago (sipCodigo,sipNombre,sipInfraestructura,sipActivo) VALUES ('033','ARAUCA ',3,1);
INSERT SitioPago (sipCodigo,sipNombre,sipInfraestructura,sipActivo) VALUES ('035','LA MERCED  ',42,1);
INSERT SitioPago (sipCodigo,sipNombre,sipInfraestructura,sipActivo) VALUES ('037','VICTORIA (CALDAS)',176,1);
INSERT SitioPago (sipCodigo,sipNombre,sipInfraestructura,sipActivo) VALUES ('062','BOLIVIA',4,1);
INSERT SitioPago (sipCodigo,sipNombre,sipInfraestructura,sipActivo) VALUES ('072','NORCASIA',176,1);
INSERT SitioPago (sipCodigo,sipNombre,sipInfraestructura,sipActivo) VALUES ('075','SAN JOSE DE RISARALDA',2,1);
INSERT SitioPago (sipCodigo,sipNombre,sipInfraestructura,sipActivo) VALUES ('083','SAN FELIX',6,1);
INSERT SitioPago (sipCodigo,sipNombre,sipInfraestructura,sipActivo) VALUES ('084','FLORENCIA CALDAS',176,1);
INSERT SitioPago (sipCodigo,sipNombre,sipInfraestructura,sipActivo) VALUES ('085','ARMA',6,1);
INSERT SitioPago (sipCodigo,sipNombre,sipInfraestructura,sipActivo) VALUES ('089','CONFAMILIARES SANTAGUEDA ',39,1);
INSERT SitioPago (sipCodigo,sipNombre,sipInfraestructura,sipActivo) VALUES ('091','VERSALLES',178,1);
INSERT SitioPago (sipCodigo,sipNombre,sipInfraestructura,sipActivo) VALUES ('093','CONFAMILIARES ROCHELA  ',38,1);
INSERT SitioPago (sipCodigo,sipNombre,sipInfraestructura,sipActivo) VALUES ('095','ASUNCION',174,1);
INSERT SitioPago (sipCodigo,sipNombre,sipInfraestructura,sipActivo) VALUES ('098','CONSIGNACION',178,1);
INSERT SitioPago (sipCodigo,sipNombre,sipInfraestructura,sipActivo) VALUES ('076','UNIDAD DEL CENTRO',175,1);
INSERT SitioPago (sipCodigo,sipNombre,sipInfraestructura,sipActivo) VALUES ('094','SAN MARCEL',177,1);
INSERT SitioPago (sipCodigo,sipNombre,sipInfraestructura,sipActivo) VALUES ('096','CAMPOHERMOSO',178,1);
INSERT SitioPago (sipCodigo,sipNombre,sipInfraestructura,sipActivo) VALUES ('097','CONFAMILIARES CENTRO',175,1);
INSERT SitioPago (sipCodigo,sipNombre,sipInfraestructura,sipActivo) VALUES ('082','PUERTO SALGAR',176,1);
INSERT SitioPago (sipCodigo,sipNombre,sipInfraestructura,sipActivo) VALUES ('018','PEREIRA',178,1);
INSERT SitioPago (sipCodigo,sipNombre,sipInfraestructura,sipActivo) VALUES ('067','BALBOA',178,1);
INSERT SitioPago (sipCodigo,sipNombre,sipInfraestructura,sipActivo) VALUES ('070','GUATICA',178,1);
INSERT SitioPago (sipCodigo,sipNombre,sipInfraestructura,sipActivo) VALUES ('073','PUEBLO RICO',178,1);
INSERT SitioPago (sipCodigo,sipNombre,sipInfraestructura,sipActivo) VALUES ('079','MISTRATO',178,1);
INSERT SitioPago (sipCodigo,sipNombre,sipInfraestructura,sipActivo) VALUES ('038','FALAN',178,1);
INSERT SitioPago (sipCodigo,sipNombre,sipInfraestructura,sipActivo) VALUES ('047','HERVEO',178,1);
INSERT SitioPago (sipCodigo,sipNombre,sipInfraestructura,sipActivo) VALUES ('048','LA UNION (VALLE)',178,1);
INSERT SitioPago (sipCodigo,sipNombre,sipInfraestructura,sipActivo) VALUES ('077','SEVILLA (VALLE)',178,1);
