--liquibase formatted sql

--changeSET mamonroy:01
--comment: Actualizacion tabla PlantillaComunicado
UPDATE PlantillaComunicado
SET pcoCuerpo = '<p style="text-align: justify;">${contenido}</p><p style="text-align: justify;"><p><strong>Declaraci&oacute;n:</strong></p><p style="text-align: justify;">En calidad de jefe de hogar postulante declaro que la informaci&oacute;n registrada en este formulario es cierta y tiene por objeto solicitar la postulaci&oacute;n al subsidio de vivienda FOVIS de <strong>${nombreCcf}</strong>. En caso de ser aceptados como postulantes nos comprometemos a cumplir y a respetar la legislaci&oacute;n vigente,al igual que los estatutos y reglamentos de <strong>${nombreCcf}</strong>.Cualquier falsedad u omisi&oacute;n voluntaria conlleva a la anulaci&oacute;n de esta solicitud</p><p style="text-align: justify;">Si requiere m&aacute;s informaci&oacute;n sobre los resultados de validaci&oacute;n, por favor comun&iacute;quese con la caja de compensaci&oacute;n.</p><p style="text-align: justify;">Nota: La solicitud ser&aacute; radicada, lo cual no implica aceptaci&oacute;n debido a que quedar&aacute; pendiente la revisi&oacute;n de los requisitos documentales, por parte de la caja de compensaci&oacute;n familiar. En caso de hallar inconsistencias la postulaci&oacute;n puede ser rechazada.</p><p style="text-align: justify;">Acepto los t&eacute;rminos y condiciones de postulaci&oacute;n descritos en la anterior declaraci&oacute;n<span class="glyphicon glyphicon-info-sign" aria-hidden="true" role="button" data-toggle="tooltip" title="" data-original-title="Haga click aquí, si usted está de acuerdo con la información registrada"></span><input id="aceptacionDeclaracion" name="aceptacionDeclaracion" type="checkbox" /></p>'
WHERE pcoEtiqueta = 'ACRDS_TRMS_CDNES_WEB_FOVIS';

--changeSET squintero:02
--comment: Insert tabla Constante
INSERT INTO Constante (cnsNombre, cnsValor, cnsDescripcion) VALUES ('ANIBOL_USUARIO', '73109673', 'Usuario para la invocación del servicio web de ANIBOL');
INSERT INTO Constante (cnsNombre, cnsValor, cnsDescripcion) VALUES ('ANIBOL_CLAVE', 'default', 'Clave del usuario con el cual se invoca el servicio web de ANIBOL');

--changeSET jocorrea:03
--comment: Nuevos campos pedPersonaPadre y pedPersonaMadre
ALTER TABLE PersonaDetalle ADD pedPersonaPadre BIGINT;
ALTER TABLE PersonaDetalle ADD pedPersonaMadre BIGINT;
ALTER TABLE aud.PersonaDetalle_aud ADD pedPersonaPadre BIGINT;
ALTER TABLE aud.PersonaDetalle_aud ADD pedPersonaMadre BIGINT;

--changeSET jocorrea:04
--comment: Configuraciones ParametrizacionNovedad

INSERT INTO ParametrizacionNovedad(novTipoTransaccion, novPuntoResolucion, novRutaCualificada, novTipoNovedad, novProceso) VALUES 
('ACTUALIZAR_INFORMACION_PADRE_MADRE_BIOLOGICO_PERSONA_PRESENCIAL','BACK','com.asopagos.novedades.convertidores.persona.ActualizarPersonaNovedadPersona','GENERAL','NOVEDADES_PERSONAS_PRESENCIAL'),
('ACTUALIZAR_INFORMACION_PADRE_MADRE_BIOLOGICO_PERSONA_WEB','BACK','com.asopagos.novedades.convertidores.persona.ActualizarPersonaNovedadPersona','GENERAL','NOVEDADES_PERSONAS_WEB'),
('ACTUALIZAR_INFORMACION_PADRE_MADRE_BIOLOGICO_PERSONA_DEPWEB','BACK','com.asopagos.novedades.convertidores.persona.ActualizarPersonaNovedadPersona','GENERAL','NOVEDADES_DEPENDIENTE_WEB');


INSERT ValidacionProceso (vapBloque, vapValidacion, vapProceso, vapEstadoProceso, vapOrden, vapObjetoValidacion, vapInversa) VALUES
('NOVEDAD_ACTUALIZAR_INFORMACION_PADRE_MADRE_BIOLOGICO_PERSONA_DEPWEB',NULL, 'NOVEDADES_DEPENDIENTE_WEB', 'ACTIVO', '1', 'BENEFICIARIO_EN_CUSTODIA', 0),
('NOVEDAD_ACTUALIZAR_INFORMACION_PADRE_MADRE_BIOLOGICO_PERSONA_DEPWEB',NULL, 'NOVEDADES_DEPENDIENTE_WEB', 'ACTIVO', '1', 'CONYUGE', 0),
('NOVEDAD_ACTUALIZAR_INFORMACION_PADRE_MADRE_BIOLOGICO_PERSONA_DEPWEB',NULL, 'NOVEDADES_DEPENDIENTE_WEB', 'ACTIVO', '1', 'HERMANO_HUERFANO_DE_PADRES', 0),
('NOVEDAD_ACTUALIZAR_INFORMACION_PADRE_MADRE_BIOLOGICO_PERSONA_DEPWEB',NULL, 'NOVEDADES_DEPENDIENTE_WEB', 'ACTIVO', '1', 'HIJASTRO', 0),
('NOVEDAD_ACTUALIZAR_INFORMACION_PADRE_MADRE_BIOLOGICO_PERSONA_DEPWEB',NULL, 'NOVEDADES_DEPENDIENTE_WEB', 'ACTIVO', '1', 'HIJO_ADOPTIVO', 0),
('NOVEDAD_ACTUALIZAR_INFORMACION_PADRE_MADRE_BIOLOGICO_PERSONA_DEPWEB',NULL, 'NOVEDADES_DEPENDIENTE_WEB', 'ACTIVO', '1', 'HIJO_BIOLOGICO', 0),
('NOVEDAD_ACTUALIZAR_INFORMACION_PADRE_MADRE_BIOLOGICO_PERSONA_DEPWEB',NULL, 'NOVEDADES_DEPENDIENTE_WEB', 'ACTIVO', '1', 'MADRE', 0),
('NOVEDAD_ACTUALIZAR_INFORMACION_PADRE_MADRE_BIOLOGICO_PERSONA_DEPWEB',NULL, 'NOVEDADES_DEPENDIENTE_WEB', 'ACTIVO', '1', 'PADRE', 0),
('NOVEDAD_ACTUALIZAR_INFORMACION_PADRE_MADRE_BIOLOGICO_PERSONA_DEPWEB',NULL, 'NOVEDADES_DEPENDIENTE_WEB', 'ACTIVO', '1', 'FIDELIDAD_25_ANIOS', 0),
('NOVEDAD_ACTUALIZAR_INFORMACION_PADRE_MADRE_BIOLOGICO_PERSONA_DEPWEB',NULL, 'NOVEDADES_DEPENDIENTE_WEB', 'ACTIVO', '1', 'MAS_1_5_SM_0_6_POR_CIENTO', 0),
('NOVEDAD_ACTUALIZAR_INFORMACION_PADRE_MADRE_BIOLOGICO_PERSONA_DEPWEB',NULL, 'NOVEDADES_DEPENDIENTE_WEB', 'ACTIVO', '1', 'MAS_1_5_SM_2_POR_CIENTO', 0),
('NOVEDAD_ACTUALIZAR_INFORMACION_PADRE_MADRE_BIOLOGICO_PERSONA_DEPWEB',NULL, 'NOVEDADES_DEPENDIENTE_WEB', 'ACTIVO', '1', 'MENOS_1_5_SM_0_6_POR_CIENTO', 0),
('NOVEDAD_ACTUALIZAR_INFORMACION_PADRE_MADRE_BIOLOGICO_PERSONA_DEPWEB',NULL, 'NOVEDADES_DEPENDIENTE_WEB', 'ACTIVO', '1', 'MENOS_1_5_SM_0_POR_CIENTO', 0),
('NOVEDAD_ACTUALIZAR_INFORMACION_PADRE_MADRE_BIOLOGICO_PERSONA_DEPWEB',NULL, 'NOVEDADES_DEPENDIENTE_WEB', 'ACTIVO', '1', 'MENOS_1_5_SM_2_POR_CIENTO', 0),
('NOVEDAD_ACTUALIZAR_INFORMACION_PADRE_MADRE_BIOLOGICO_PERSONA_DEPWEB',NULL, 'NOVEDADES_DEPENDIENTE_WEB', 'ACTIVO', '1', 'PENSION_FAMILIAR', 0),
('NOVEDAD_ACTUALIZAR_INFORMACION_PADRE_MADRE_BIOLOGICO_PERSONA_DEPWEB',NULL, 'NOVEDADES_DEPENDIENTE_WEB', 'ACTIVO', '1', 'TRABAJADOR_DEPENDIENTE', 0),
('NOVEDAD_ACTUALIZAR_INFORMACION_PADRE_MADRE_BIOLOGICO_PERSONA_DEPWEB',NULL, 'NOVEDADES_DEPENDIENTE_WEB', 'ACTIVO', '1', 'TRABAJADOR_INDEPENDIENTE', 0),
('NOVEDAD_ACTUALIZAR_INFORMACION_PADRE_MADRE_BIOLOGICO_PERSONA_DEPWEB',NULL, 'NOVEDADES_DEPENDIENTE_WEB', 'ACTIVO', '1', 'PERSONA', 0),
('NOVEDAD_ACTUALIZAR_INFORMACION_PADRE_MADRE_BIOLOGICO_PERSONA_PRESENCIAL',NULL, 'NOVEDADES_PERSONAS_PRESENCIAL', 'ACTIVO', '1', 'BENEFICIARIO_EN_CUSTODIA', 0),
('NOVEDAD_ACTUALIZAR_INFORMACION_PADRE_MADRE_BIOLOGICO_PERSONA_PRESENCIAL',NULL, 'NOVEDADES_PERSONAS_PRESENCIAL', 'ACTIVO', '1', 'CONYUGE', 0),
('NOVEDAD_ACTUALIZAR_INFORMACION_PADRE_MADRE_BIOLOGICO_PERSONA_PRESENCIAL',NULL, 'NOVEDADES_PERSONAS_PRESENCIAL', 'ACTIVO', '1', 'HERMANO_HUERFANO_DE_PADRES', 0),
('NOVEDAD_ACTUALIZAR_INFORMACION_PADRE_MADRE_BIOLOGICO_PERSONA_PRESENCIAL',NULL, 'NOVEDADES_PERSONAS_PRESENCIAL', 'ACTIVO', '1', 'HIJASTRO', 0),
('NOVEDAD_ACTUALIZAR_INFORMACION_PADRE_MADRE_BIOLOGICO_PERSONA_PRESENCIAL',NULL, 'NOVEDADES_PERSONAS_PRESENCIAL', 'ACTIVO', '1', 'HIJO_ADOPTIVO', 0),
('NOVEDAD_ACTUALIZAR_INFORMACION_PADRE_MADRE_BIOLOGICO_PERSONA_PRESENCIAL',NULL, 'NOVEDADES_PERSONAS_PRESENCIAL', 'ACTIVO', '1', 'HIJO_BIOLOGICO', 0),
('NOVEDAD_ACTUALIZAR_INFORMACION_PADRE_MADRE_BIOLOGICO_PERSONA_PRESENCIAL',NULL, 'NOVEDADES_PERSONAS_PRESENCIAL', 'ACTIVO', '1', 'MADRE', 0),
('NOVEDAD_ACTUALIZAR_INFORMACION_PADRE_MADRE_BIOLOGICO_PERSONA_PRESENCIAL',NULL, 'NOVEDADES_PERSONAS_PRESENCIAL', 'ACTIVO', '1', 'PADRE', 0),
('NOVEDAD_ACTUALIZAR_INFORMACION_PADRE_MADRE_BIOLOGICO_PERSONA_PRESENCIAL',NULL, 'NOVEDADES_PERSONAS_PRESENCIAL', 'ACTIVO', '1', 'FIDELIDAD_25_ANIOS', 0),
('NOVEDAD_ACTUALIZAR_INFORMACION_PADRE_MADRE_BIOLOGICO_PERSONA_PRESENCIAL',NULL, 'NOVEDADES_PERSONAS_PRESENCIAL', 'ACTIVO', '1', 'MAS_1_5_SM_0_6_POR_CIENTO', 0),
('NOVEDAD_ACTUALIZAR_INFORMACION_PADRE_MADRE_BIOLOGICO_PERSONA_PRESENCIAL',NULL, 'NOVEDADES_PERSONAS_PRESENCIAL', 'ACTIVO', '1', 'MAS_1_5_SM_2_POR_CIENTO', 0),
('NOVEDAD_ACTUALIZAR_INFORMACION_PADRE_MADRE_BIOLOGICO_PERSONA_PRESENCIAL',NULL, 'NOVEDADES_PERSONAS_PRESENCIAL', 'ACTIVO', '1', 'MENOS_1_5_SM_0_6_POR_CIENTO', 0),
('NOVEDAD_ACTUALIZAR_INFORMACION_PADRE_MADRE_BIOLOGICO_PERSONA_PRESENCIAL',NULL, 'NOVEDADES_PERSONAS_PRESENCIAL', 'ACTIVO', '1', 'MENOS_1_5_SM_0_POR_CIENTO', 0),
('NOVEDAD_ACTUALIZAR_INFORMACION_PADRE_MADRE_BIOLOGICO_PERSONA_PRESENCIAL',NULL, 'NOVEDADES_PERSONAS_PRESENCIAL', 'ACTIVO', '1', 'MENOS_1_5_SM_2_POR_CIENTO', 0),
('NOVEDAD_ACTUALIZAR_INFORMACION_PADRE_MADRE_BIOLOGICO_PERSONA_PRESENCIAL',NULL, 'NOVEDADES_PERSONAS_PRESENCIAL', 'ACTIVO', '1', 'PENSION_FAMILIAR', 0),
('NOVEDAD_ACTUALIZAR_INFORMACION_PADRE_MADRE_BIOLOGICO_PERSONA_PRESENCIAL',NULL, 'NOVEDADES_PERSONAS_PRESENCIAL', 'ACTIVO', '1', 'TRABAJADOR_DEPENDIENTE', 0),
('NOVEDAD_ACTUALIZAR_INFORMACION_PADRE_MADRE_BIOLOGICO_PERSONA_PRESENCIAL',NULL, 'NOVEDADES_PERSONAS_PRESENCIAL', 'ACTIVO', '1', 'TRABAJADOR_INDEPENDIENTE', 0),
('NOVEDAD_ACTUALIZAR_INFORMACION_PADRE_MADRE_BIOLOGICO_PERSONA_PRESENCIAL',NULL, 'NOVEDADES_PERSONAS_PRESENCIAL', 'ACTIVO', '1', 'PERSONA', 0),
('NOVEDAD_ACTUALIZAR_INFORMACION_PADRE_MADRE_BIOLOGICO_PERSONA_WEB',NULL, 'NOVEDADES_PERSONAS_WEB', 'ACTIVO', '1', 'BENEFICIARIO_EN_CUSTODIA', 0),
('NOVEDAD_ACTUALIZAR_INFORMACION_PADRE_MADRE_BIOLOGICO_PERSONA_WEB',NULL, 'NOVEDADES_PERSONAS_WEB', 'ACTIVO', '1', 'CONYUGE', 0),
('NOVEDAD_ACTUALIZAR_INFORMACION_PADRE_MADRE_BIOLOGICO_PERSONA_WEB',NULL, 'NOVEDADES_PERSONAS_WEB', 'ACTIVO', '1', 'HERMANO_HUERFANO_DE_PADRES', 0),
('NOVEDAD_ACTUALIZAR_INFORMACION_PADRE_MADRE_BIOLOGICO_PERSONA_WEB',NULL, 'NOVEDADES_PERSONAS_WEB', 'ACTIVO', '1', 'HIJASTRO', 0),
('NOVEDAD_ACTUALIZAR_INFORMACION_PADRE_MADRE_BIOLOGICO_PERSONA_WEB',NULL, 'NOVEDADES_PERSONAS_WEB', 'ACTIVO', '1', 'HIJO_ADOPTIVO', 0),
('NOVEDAD_ACTUALIZAR_INFORMACION_PADRE_MADRE_BIOLOGICO_PERSONA_WEB',NULL, 'NOVEDADES_PERSONAS_WEB', 'ACTIVO', '1', 'HIJO_BIOLOGICO', 0),
('NOVEDAD_ACTUALIZAR_INFORMACION_PADRE_MADRE_BIOLOGICO_PERSONA_WEB',NULL, 'NOVEDADES_PERSONAS_WEB', 'ACTIVO', '1', 'MADRE', 0),
('NOVEDAD_ACTUALIZAR_INFORMACION_PADRE_MADRE_BIOLOGICO_PERSONA_WEB',NULL, 'NOVEDADES_PERSONAS_WEB', 'ACTIVO', '1', 'PADRE', 0),
('NOVEDAD_ACTUALIZAR_INFORMACION_PADRE_MADRE_BIOLOGICO_PERSONA_WEB',NULL, 'NOVEDADES_PERSONAS_WEB', 'ACTIVO', '1', 'FIDELIDAD_25_ANIOS', 0),
('NOVEDAD_ACTUALIZAR_INFORMACION_PADRE_MADRE_BIOLOGICO_PERSONA_WEB',NULL, 'NOVEDADES_PERSONAS_WEB', 'ACTIVO', '1', 'MAS_1_5_SM_0_6_POR_CIENTO', 0),
('NOVEDAD_ACTUALIZAR_INFORMACION_PADRE_MADRE_BIOLOGICO_PERSONA_WEB',NULL, 'NOVEDADES_PERSONAS_WEB', 'ACTIVO', '1', 'MAS_1_5_SM_2_POR_CIENTO', 0),
('NOVEDAD_ACTUALIZAR_INFORMACION_PADRE_MADRE_BIOLOGICO_PERSONA_WEB',NULL, 'NOVEDADES_PERSONAS_WEB', 'ACTIVO', '1', 'MENOS_1_5_SM_0_6_POR_CIENTO', 0),
('NOVEDAD_ACTUALIZAR_INFORMACION_PADRE_MADRE_BIOLOGICO_PERSONA_WEB',NULL, 'NOVEDADES_PERSONAS_WEB', 'ACTIVO', '1', 'MENOS_1_5_SM_0_POR_CIENTO', 0),
('NOVEDAD_ACTUALIZAR_INFORMACION_PADRE_MADRE_BIOLOGICO_PERSONA_WEB',NULL, 'NOVEDADES_PERSONAS_WEB', 'ACTIVO', '1', 'MENOS_1_5_SM_2_POR_CIENTO', 0),
('NOVEDAD_ACTUALIZAR_INFORMACION_PADRE_MADRE_BIOLOGICO_PERSONA_WEB',NULL, 'NOVEDADES_PERSONAS_WEB', 'ACTIVO', '1', 'PENSION_FAMILIAR', 0),
('NOVEDAD_ACTUALIZAR_INFORMACION_PADRE_MADRE_BIOLOGICO_PERSONA_WEB',NULL, 'NOVEDADES_PERSONAS_WEB', 'ACTIVO', '1', 'TRABAJADOR_DEPENDIENTE', 0),
('NOVEDAD_ACTUALIZAR_INFORMACION_PADRE_MADRE_BIOLOGICO_PERSONA_WEB',NULL, 'NOVEDADES_PERSONAS_WEB', 'ACTIVO', '1', 'TRABAJADOR_INDEPENDIENTE', 0),
('NOVEDAD_ACTUALIZAR_INFORMACION_PADRE_MADRE_BIOLOGICO_PERSONA_WEB',NULL, 'NOVEDADES_PERSONAS_WEB', 'ACTIVO', '1', 'PERSONA', 0);


INSERT ValidacionProceso (vapBloque, vapValidacion, vapProceso, vapEstadoProceso, vapOrden, vapObjetoValidacion, vapInversa) VALUES
('ACTUALIZAR_INFORMACION_PADRE_MADRE_BIOLOGICO_PERSONA_DEPWEB', 'VALIDACION_PERSONA_TIENE_NOVEDAD_PERSONA_EN_CURSO', 'NOVEDADES_DEPENDIENTE_WEB', 'ACTIVO', '1', 'BENEFICIARIO_EN_CUSTODIA', 0),
('ACTUALIZAR_INFORMACION_PADRE_MADRE_BIOLOGICO_PERSONA_DEPWEB', 'VALIDACION_PERSONA_TIENE_NOVEDAD_PERSONA_EN_CURSO', 'NOVEDADES_DEPENDIENTE_WEB', 'ACTIVO', '1', 'CONYUGE', 0),
('ACTUALIZAR_INFORMACION_PADRE_MADRE_BIOLOGICO_PERSONA_DEPWEB', 'VALIDACION_PERSONA_TIENE_NOVEDAD_PERSONA_EN_CURSO', 'NOVEDADES_DEPENDIENTE_WEB', 'ACTIVO', '1', 'HERMANO_HUERFANO_DE_PADRES', 0),
('ACTUALIZAR_INFORMACION_PADRE_MADRE_BIOLOGICO_PERSONA_DEPWEB', 'VALIDACION_PERSONA_TIENE_NOVEDAD_PERSONA_EN_CURSO', 'NOVEDADES_DEPENDIENTE_WEB', 'ACTIVO', '1', 'HIJASTRO', 0),
('ACTUALIZAR_INFORMACION_PADRE_MADRE_BIOLOGICO_PERSONA_DEPWEB', 'VALIDACION_PERSONA_TIENE_NOVEDAD_PERSONA_EN_CURSO', 'NOVEDADES_DEPENDIENTE_WEB', 'ACTIVO', '1', 'HIJO_ADOPTIVO', 0),
('ACTUALIZAR_INFORMACION_PADRE_MADRE_BIOLOGICO_PERSONA_DEPWEB', 'VALIDACION_PERSONA_TIENE_NOVEDAD_PERSONA_EN_CURSO', 'NOVEDADES_DEPENDIENTE_WEB', 'ACTIVO', '1', 'HIJO_BIOLOGICO', 0),
('ACTUALIZAR_INFORMACION_PADRE_MADRE_BIOLOGICO_PERSONA_DEPWEB', 'VALIDACION_PERSONA_TIENE_NOVEDAD_PERSONA_EN_CURSO', 'NOVEDADES_DEPENDIENTE_WEB', 'ACTIVO', '1', 'MADRE', 0),
('ACTUALIZAR_INFORMACION_PADRE_MADRE_BIOLOGICO_PERSONA_DEPWEB', 'VALIDACION_PERSONA_TIENE_NOVEDAD_PERSONA_EN_CURSO', 'NOVEDADES_DEPENDIENTE_WEB', 'ACTIVO', '1', 'PADRE', 0),
('ACTUALIZAR_INFORMACION_PADRE_MADRE_BIOLOGICO_PERSONA_DEPWEB', 'VALIDACION_PERSONA_TIENE_NOVEDAD_PERSONA_EN_CURSO', 'NOVEDADES_DEPENDIENTE_WEB', 'ACTIVO', '1', 'FIDELIDAD_25_ANIOS', 0),
('ACTUALIZAR_INFORMACION_PADRE_MADRE_BIOLOGICO_PERSONA_DEPWEB', 'VALIDACION_PERSONA_TIENE_NOVEDAD_PERSONA_EN_CURSO', 'NOVEDADES_DEPENDIENTE_WEB', 'ACTIVO', '1', 'MAS_1_5_SM_0_6_POR_CIENTO', 0),
('ACTUALIZAR_INFORMACION_PADRE_MADRE_BIOLOGICO_PERSONA_DEPWEB', 'VALIDACION_PERSONA_TIENE_NOVEDAD_PERSONA_EN_CURSO', 'NOVEDADES_DEPENDIENTE_WEB', 'ACTIVO', '1', 'MAS_1_5_SM_2_POR_CIENTO', 0),
('ACTUALIZAR_INFORMACION_PADRE_MADRE_BIOLOGICO_PERSONA_DEPWEB', 'VALIDACION_PERSONA_TIENE_NOVEDAD_PERSONA_EN_CURSO', 'NOVEDADES_DEPENDIENTE_WEB', 'ACTIVO', '1', 'MENOS_1_5_SM_0_6_POR_CIENTO', 0),
('ACTUALIZAR_INFORMACION_PADRE_MADRE_BIOLOGICO_PERSONA_DEPWEB', 'VALIDACION_PERSONA_TIENE_NOVEDAD_PERSONA_EN_CURSO', 'NOVEDADES_DEPENDIENTE_WEB', 'ACTIVO', '1', 'MENOS_1_5_SM_0_POR_CIENTO', 0),
('ACTUALIZAR_INFORMACION_PADRE_MADRE_BIOLOGICO_PERSONA_DEPWEB', 'VALIDACION_PERSONA_TIENE_NOVEDAD_PERSONA_EN_CURSO', 'NOVEDADES_DEPENDIENTE_WEB', 'ACTIVO', '1', 'MENOS_1_5_SM_2_POR_CIENTO', 0),
('ACTUALIZAR_INFORMACION_PADRE_MADRE_BIOLOGICO_PERSONA_DEPWEB', 'VALIDACION_PERSONA_TIENE_NOVEDAD_PERSONA_EN_CURSO', 'NOVEDADES_DEPENDIENTE_WEB', 'ACTIVO', '1', 'PENSION_FAMILIAR', 0),
('ACTUALIZAR_INFORMACION_PADRE_MADRE_BIOLOGICO_PERSONA_DEPWEB', 'VALIDACION_PERSONA_TIENE_NOVEDAD_PERSONA_EN_CURSO', 'NOVEDADES_DEPENDIENTE_WEB', 'ACTIVO', '1', 'TRABAJADOR_DEPENDIENTE', 0),
('ACTUALIZAR_INFORMACION_PADRE_MADRE_BIOLOGICO_PERSONA_DEPWEB', 'VALIDACION_PERSONA_TIENE_NOVEDAD_PERSONA_EN_CURSO', 'NOVEDADES_DEPENDIENTE_WEB', 'ACTIVO', '1', 'TRABAJADOR_INDEPENDIENTE', 0),
('ACTUALIZAR_INFORMACION_PADRE_MADRE_BIOLOGICO_PERSONA_DEPWEB', 'VALIDACION_PERSONA_TIENE_NOVEDAD_PERSONA_EN_CURSO', 'NOVEDADES_DEPENDIENTE_WEB', 'ACTIVO', '1', 'PERSONA', 0),
('ACTUALIZAR_INFORMACION_PADRE_MADRE_BIOLOGICO_PERSONA_PRESENCIAL', 'VALIDACION_PERSONA_TIENE_NOVEDAD_PERSONA_EN_CURSO', 'NOVEDADES_PERSONAS_PRESENCIAL', 'ACTIVO', '1', 'BENEFICIARIO_EN_CUSTODIA', 0),
('ACTUALIZAR_INFORMACION_PADRE_MADRE_BIOLOGICO_PERSONA_PRESENCIAL', 'VALIDACION_PERSONA_TIENE_NOVEDAD_PERSONA_EN_CURSO', 'NOVEDADES_PERSONAS_PRESENCIAL', 'ACTIVO', '1', 'CONYUGE', 0),
('ACTUALIZAR_INFORMACION_PADRE_MADRE_BIOLOGICO_PERSONA_PRESENCIAL', 'VALIDACION_PERSONA_TIENE_NOVEDAD_PERSONA_EN_CURSO', 'NOVEDADES_PERSONAS_PRESENCIAL', 'ACTIVO', '1', 'HERMANO_HUERFANO_DE_PADRES', 0),
('ACTUALIZAR_INFORMACION_PADRE_MADRE_BIOLOGICO_PERSONA_PRESENCIAL', 'VALIDACION_PERSONA_TIENE_NOVEDAD_PERSONA_EN_CURSO', 'NOVEDADES_PERSONAS_PRESENCIAL', 'ACTIVO', '1', 'HIJASTRO', 0),
('ACTUALIZAR_INFORMACION_PADRE_MADRE_BIOLOGICO_PERSONA_PRESENCIAL', 'VALIDACION_PERSONA_TIENE_NOVEDAD_PERSONA_EN_CURSO', 'NOVEDADES_PERSONAS_PRESENCIAL', 'ACTIVO', '1', 'HIJO_ADOPTIVO', 0),
('ACTUALIZAR_INFORMACION_PADRE_MADRE_BIOLOGICO_PERSONA_PRESENCIAL', 'VALIDACION_PERSONA_TIENE_NOVEDAD_PERSONA_EN_CURSO', 'NOVEDADES_PERSONAS_PRESENCIAL', 'ACTIVO', '1', 'HIJO_BIOLOGICO', 0),
('ACTUALIZAR_INFORMACION_PADRE_MADRE_BIOLOGICO_PERSONA_PRESENCIAL', 'VALIDACION_PERSONA_TIENE_NOVEDAD_PERSONA_EN_CURSO', 'NOVEDADES_PERSONAS_PRESENCIAL', 'ACTIVO', '1', 'MADRE', 0),
('ACTUALIZAR_INFORMACION_PADRE_MADRE_BIOLOGICO_PERSONA_PRESENCIAL', 'VALIDACION_PERSONA_TIENE_NOVEDAD_PERSONA_EN_CURSO', 'NOVEDADES_PERSONAS_PRESENCIAL', 'ACTIVO', '1', 'PADRE', 0),
('ACTUALIZAR_INFORMACION_PADRE_MADRE_BIOLOGICO_PERSONA_PRESENCIAL', 'VALIDACION_PERSONA_TIENE_NOVEDAD_PERSONA_EN_CURSO', 'NOVEDADES_PERSONAS_PRESENCIAL', 'ACTIVO', '1', 'FIDELIDAD_25_ANIOS', 0),
('ACTUALIZAR_INFORMACION_PADRE_MADRE_BIOLOGICO_PERSONA_PRESENCIAL', 'VALIDACION_PERSONA_TIENE_NOVEDAD_PERSONA_EN_CURSO', 'NOVEDADES_PERSONAS_PRESENCIAL', 'ACTIVO', '1', 'MAS_1_5_SM_0_6_POR_CIENTO', 0),
('ACTUALIZAR_INFORMACION_PADRE_MADRE_BIOLOGICO_PERSONA_PRESENCIAL', 'VALIDACION_PERSONA_TIENE_NOVEDAD_PERSONA_EN_CURSO', 'NOVEDADES_PERSONAS_PRESENCIAL', 'ACTIVO', '1', 'MAS_1_5_SM_2_POR_CIENTO', 0),
('ACTUALIZAR_INFORMACION_PADRE_MADRE_BIOLOGICO_PERSONA_PRESENCIAL', 'VALIDACION_PERSONA_TIENE_NOVEDAD_PERSONA_EN_CURSO', 'NOVEDADES_PERSONAS_PRESENCIAL', 'ACTIVO', '1', 'MENOS_1_5_SM_0_6_POR_CIENTO', 0),
('ACTUALIZAR_INFORMACION_PADRE_MADRE_BIOLOGICO_PERSONA_PRESENCIAL', 'VALIDACION_PERSONA_TIENE_NOVEDAD_PERSONA_EN_CURSO', 'NOVEDADES_PERSONAS_PRESENCIAL', 'ACTIVO', '1', 'MENOS_1_5_SM_0_POR_CIENTO', 0),
('ACTUALIZAR_INFORMACION_PADRE_MADRE_BIOLOGICO_PERSONA_PRESENCIAL', 'VALIDACION_PERSONA_TIENE_NOVEDAD_PERSONA_EN_CURSO', 'NOVEDADES_PERSONAS_PRESENCIAL', 'ACTIVO', '1', 'MENOS_1_5_SM_2_POR_CIENTO', 0),
('ACTUALIZAR_INFORMACION_PADRE_MADRE_BIOLOGICO_PERSONA_PRESENCIAL', 'VALIDACION_PERSONA_TIENE_NOVEDAD_PERSONA_EN_CURSO', 'NOVEDADES_PERSONAS_PRESENCIAL', 'ACTIVO', '1', 'PENSION_FAMILIAR', 0),
('ACTUALIZAR_INFORMACION_PADRE_MADRE_BIOLOGICO_PERSONA_PRESENCIAL', 'VALIDACION_PERSONA_TIENE_NOVEDAD_PERSONA_EN_CURSO', 'NOVEDADES_PERSONAS_PRESENCIAL', 'ACTIVO', '1', 'TRABAJADOR_DEPENDIENTE', 0),
('ACTUALIZAR_INFORMACION_PADRE_MADRE_BIOLOGICO_PERSONA_PRESENCIAL', 'VALIDACION_PERSONA_TIENE_NOVEDAD_PERSONA_EN_CURSO', 'NOVEDADES_PERSONAS_PRESENCIAL', 'ACTIVO', '1', 'TRABAJADOR_INDEPENDIENTE', 0),
('ACTUALIZAR_INFORMACION_PADRE_MADRE_BIOLOGICO_PERSONA_PRESENCIAL', 'VALIDACION_PERSONA_TIENE_NOVEDAD_PERSONA_EN_CURSO', 'NOVEDADES_PERSONAS_PRESENCIAL', 'ACTIVO', '1', 'PERSONA', 0),
('ACTUALIZAR_INFORMACION_PADRE_MADRE_BIOLOGICO_PERSONA_WEB', 'VALIDACION_PERSONA_TIENE_NOVEDAD_PERSONA_EN_CURSO', 'NOVEDADES_PERSONAS_WEB', 'ACTIVO', '1', 'BENEFICIARIO_EN_CUSTODIA', 0),
('ACTUALIZAR_INFORMACION_PADRE_MADRE_BIOLOGICO_PERSONA_WEB', 'VALIDACION_PERSONA_TIENE_NOVEDAD_PERSONA_EN_CURSO', 'NOVEDADES_PERSONAS_WEB', 'ACTIVO', '1', 'CONYUGE', 0),
('ACTUALIZAR_INFORMACION_PADRE_MADRE_BIOLOGICO_PERSONA_WEB', 'VALIDACION_PERSONA_TIENE_NOVEDAD_PERSONA_EN_CURSO', 'NOVEDADES_PERSONAS_WEB', 'ACTIVO', '1', 'HERMANO_HUERFANO_DE_PADRES', 0),
('ACTUALIZAR_INFORMACION_PADRE_MADRE_BIOLOGICO_PERSONA_WEB', 'VALIDACION_PERSONA_TIENE_NOVEDAD_PERSONA_EN_CURSO', 'NOVEDADES_PERSONAS_WEB', 'ACTIVO', '1', 'HIJASTRO', 0),
('ACTUALIZAR_INFORMACION_PADRE_MADRE_BIOLOGICO_PERSONA_WEB', 'VALIDACION_PERSONA_TIENE_NOVEDAD_PERSONA_EN_CURSO', 'NOVEDADES_PERSONAS_WEB', 'ACTIVO', '1', 'HIJO_ADOPTIVO', 0),
('ACTUALIZAR_INFORMACION_PADRE_MADRE_BIOLOGICO_PERSONA_WEB', 'VALIDACION_PERSONA_TIENE_NOVEDAD_PERSONA_EN_CURSO', 'NOVEDADES_PERSONAS_WEB', 'ACTIVO', '1', 'HIJO_BIOLOGICO', 0),
('ACTUALIZAR_INFORMACION_PADRE_MADRE_BIOLOGICO_PERSONA_WEB', 'VALIDACION_PERSONA_TIENE_NOVEDAD_PERSONA_EN_CURSO', 'NOVEDADES_PERSONAS_WEB', 'ACTIVO', '1', 'MADRE', 0),
('ACTUALIZAR_INFORMACION_PADRE_MADRE_BIOLOGICO_PERSONA_WEB', 'VALIDACION_PERSONA_TIENE_NOVEDAD_PERSONA_EN_CURSO', 'NOVEDADES_PERSONAS_WEB', 'ACTIVO', '1', 'PADRE', 0),
('ACTUALIZAR_INFORMACION_PADRE_MADRE_BIOLOGICO_PERSONA_WEB', 'VALIDACION_PERSONA_TIENE_NOVEDAD_PERSONA_EN_CURSO', 'NOVEDADES_PERSONAS_WEB', 'ACTIVO', '1', 'FIDELIDAD_25_ANIOS', 0),
('ACTUALIZAR_INFORMACION_PADRE_MADRE_BIOLOGICO_PERSONA_WEB', 'VALIDACION_PERSONA_TIENE_NOVEDAD_PERSONA_EN_CURSO', 'NOVEDADES_PERSONAS_WEB', 'ACTIVO', '1', 'MAS_1_5_SM_0_6_POR_CIENTO', 0),
('ACTUALIZAR_INFORMACION_PADRE_MADRE_BIOLOGICO_PERSONA_WEB', 'VALIDACION_PERSONA_TIENE_NOVEDAD_PERSONA_EN_CURSO', 'NOVEDADES_PERSONAS_WEB', 'ACTIVO', '1', 'MAS_1_5_SM_2_POR_CIENTO', 0),
('ACTUALIZAR_INFORMACION_PADRE_MADRE_BIOLOGICO_PERSONA_WEB', 'VALIDACION_PERSONA_TIENE_NOVEDAD_PERSONA_EN_CURSO', 'NOVEDADES_PERSONAS_WEB', 'ACTIVO', '1', 'MENOS_1_5_SM_0_6_POR_CIENTO', 0),
('ACTUALIZAR_INFORMACION_PADRE_MADRE_BIOLOGICO_PERSONA_WEB', 'VALIDACION_PERSONA_TIENE_NOVEDAD_PERSONA_EN_CURSO', 'NOVEDADES_PERSONAS_WEB', 'ACTIVO', '1', 'MENOS_1_5_SM_0_POR_CIENTO', 0),
('ACTUALIZAR_INFORMACION_PADRE_MADRE_BIOLOGICO_PERSONA_WEB', 'VALIDACION_PERSONA_TIENE_NOVEDAD_PERSONA_EN_CURSO', 'NOVEDADES_PERSONAS_WEB', 'ACTIVO', '1', 'MENOS_1_5_SM_2_POR_CIENTO', 0),
('ACTUALIZAR_INFORMACION_PADRE_MADRE_BIOLOGICO_PERSONA_WEB', 'VALIDACION_PERSONA_TIENE_NOVEDAD_PERSONA_EN_CURSO', 'NOVEDADES_PERSONAS_WEB', 'ACTIVO', '1', 'PENSION_FAMILIAR', 0),
('ACTUALIZAR_INFORMACION_PADRE_MADRE_BIOLOGICO_PERSONA_WEB', 'VALIDACION_PERSONA_TIENE_NOVEDAD_PERSONA_EN_CURSO', 'NOVEDADES_PERSONAS_WEB', 'ACTIVO', '1', 'TRABAJADOR_DEPENDIENTE', 0),
('ACTUALIZAR_INFORMACION_PADRE_MADRE_BIOLOGICO_PERSONA_WEB', 'VALIDACION_PERSONA_TIENE_NOVEDAD_PERSONA_EN_CURSO', 'NOVEDADES_PERSONAS_WEB', 'ACTIVO', '1', 'TRABAJADOR_INDEPENDIENTE', 0),
('ACTUALIZAR_INFORMACION_PADRE_MADRE_BIOLOGICO_PERSONA_WEB', 'VALIDACION_PERSONA_TIENE_NOVEDAD_PERSONA_EN_CURSO', 'NOVEDADES_PERSONAS_WEB', 'ACTIVO', '1', 'PERSONA', 0);


INSERT INTO RequisitoCajaClasificacion (rtsEstado, rtsRequisito, rtsClasificacion, rtsTipoTransaccion, rtsCajaCompensacion, rtsTextoAyuda, rtsTipoRequisito) VALUES
('OBLIGATORIO', (SELECT reqId FROM Requisito WHERE reqDescripcion = 'Copia registro civil de nacimiento del afiliado principal'), 'BENEFICIARIO_EN_CUSTODIA', 'ACTUALIZAR_INFORMACION_PADRE_MADRE_BIOLOGICO_PERSONA_DEPWEB', 1, 'Se revisa: - No debe tener tachones o enmendaduras - El tipo y número de documento de los padres deben coincidir con los registrados en el formulario de  afiliación - Los nombres y apellidos del afiliado principal y sus padres deben corresponder a los registrados en los demás documentos soporte', 'ESTANDAR'),
('OBLIGATORIO', (SELECT reqId FROM Requisito WHERE reqDescripcion = 'Copia registro civil de nacimiento del afiliado principal'), 'CONYUGE', 'ACTUALIZAR_INFORMACION_PADRE_MADRE_BIOLOGICO_PERSONA_DEPWEB', 1, 'Se revisa: - No debe tener tachones o enmendaduras - El tipo y número de documento de los padres deben coincidir con los registrados en el formulario de  afiliación - Los nombres y apellidos del afiliado principal y sus padres deben corresponder a los registrados en los demás documentos soporte', 'ESTANDAR'),
('OBLIGATORIO', (SELECT reqId FROM Requisito WHERE reqDescripcion = 'Copia registro civil de nacimiento del afiliado principal'), 'FIDELIDAD_25_ANIOS', 'ACTUALIZAR_INFORMACION_PADRE_MADRE_BIOLOGICO_PERSONA_DEPWEB', 1, 'Se revisa: - No debe tener tachones o enmendaduras - El tipo y número de documento de los padres deben coincidir con los registrados en el formulario de  afiliación - Los nombres y apellidos del afiliado principal y sus padres deben corresponder a los registrados en los demás documentos soporte', 'ESTANDAR'),
('OBLIGATORIO', (SELECT reqId FROM Requisito WHERE reqDescripcion = 'Copia registro civil de nacimiento del afiliado principal'), 'HERMANO_HUERFANO_DE_PADRES', 'ACTUALIZAR_INFORMACION_PADRE_MADRE_BIOLOGICO_PERSONA_DEPWEB', 1, 'Se revisa: - No debe tener tachones o enmendaduras - El tipo y número de documento de los padres deben coincidir con los registrados en el formulario de  afiliación - Los nombres y apellidos del afiliado principal y sus padres deben corresponder a los registrados en los demás documentos soporte', 'ESTANDAR'),
('OBLIGATORIO', (SELECT reqId FROM Requisito WHERE reqDescripcion = 'Copia registro civil de nacimiento del afiliado principal'), 'HIJASTRO', 'ACTUALIZAR_INFORMACION_PADRE_MADRE_BIOLOGICO_PERSONA_DEPWEB', 1, 'Se revisa: - No debe tener tachones o enmendaduras - El tipo y número de documento de los padres deben coincidir con los registrados en el formulario de  afiliación - Los nombres y apellidos del afiliado principal y sus padres deben corresponder a los registrados en los demás documentos soporte', 'ESTANDAR'),
('OBLIGATORIO', (SELECT reqId FROM Requisito WHERE reqDescripcion = 'Copia registro civil de nacimiento del afiliado principal'), 'HIJO_ADOPTIVO', 'ACTUALIZAR_INFORMACION_PADRE_MADRE_BIOLOGICO_PERSONA_DEPWEB', 1, 'Se revisa: - No debe tener tachones o enmendaduras - El tipo y número de documento de los padres deben coincidir con los registrados en el formulario de  afiliación - Los nombres y apellidos del afiliado principal y sus padres deben corresponder a los registrados en los demás documentos soporte', 'ESTANDAR'),
('OBLIGATORIO', (SELECT reqId FROM Requisito WHERE reqDescripcion = 'Copia registro civil de nacimiento del afiliado principal'), 'HIJO_BIOLOGICO', 'ACTUALIZAR_INFORMACION_PADRE_MADRE_BIOLOGICO_PERSONA_DEPWEB', 1, 'Se revisa: - No debe tener tachones o enmendaduras - El tipo y número de documento de los padres deben coincidir con los registrados en el formulario de  afiliación - Los nombres y apellidos del afiliado principal y sus padres deben corresponder a los registrados en los demás documentos soporte', 'ESTANDAR'),
('OBLIGATORIO', (SELECT reqId FROM Requisito WHERE reqDescripcion = 'Copia registro civil de nacimiento del afiliado principal'), 'MADRE', 'ACTUALIZAR_INFORMACION_PADRE_MADRE_BIOLOGICO_PERSONA_DEPWEB', 1, 'Se revisa: - No debe tener tachones o enmendaduras - El tipo y número de documento de los padres deben coincidir con los registrados en el formulario de  afiliación - Los nombres y apellidos del afiliado principal y sus padres deben corresponder a los registrados en los demás documentos soporte', 'ESTANDAR'),
('OBLIGATORIO', (SELECT reqId FROM Requisito WHERE reqDescripcion = 'Copia registro civil de nacimiento del afiliado principal'), 'MAS_1_5_SM_0_6_POR_CIENTO', 'ACTUALIZAR_INFORMACION_PADRE_MADRE_BIOLOGICO_PERSONA_DEPWEB', 1, 'Se revisa: - No debe tener tachones o enmendaduras - El tipo y número de documento de los padres deben coincidir con los registrados en el formulario de  afiliación - Los nombres y apellidos del afiliado principal y sus padres deben corresponder a los registrados en los demás documentos soporte', 'ESTANDAR'),
('OBLIGATORIO', (SELECT reqId FROM Requisito WHERE reqDescripcion = 'Copia registro civil de nacimiento del afiliado principal'), 'MAS_1_5_SM_2_POR_CIENTO', 'ACTUALIZAR_INFORMACION_PADRE_MADRE_BIOLOGICO_PERSONA_DEPWEB', 1, 'Se revisa: - No debe tener tachones o enmendaduras - El tipo y número de documento de los padres deben coincidir con los registrados en el formulario de  afiliación - Los nombres y apellidos del afiliado principal y sus padres deben corresponder a los registrados en los demás documentos soporte', 'ESTANDAR'),
('OBLIGATORIO', (SELECT reqId FROM Requisito WHERE reqDescripcion = 'Copia registro civil de nacimiento del afiliado principal'), 'MENOS_1_5_SM_0_6_POR_CIENTO', 'ACTUALIZAR_INFORMACION_PADRE_MADRE_BIOLOGICO_PERSONA_DEPWEB', 1, 'Se revisa: - No debe tener tachones o enmendaduras - El tipo y número de documento de los padres deben coincidir con los registrados en el formulario de  afiliación - Los nombres y apellidos del afiliado principal y sus padres deben corresponder a los registrados en los demás documentos soporte', 'ESTANDAR'),
('OBLIGATORIO', (SELECT reqId FROM Requisito WHERE reqDescripcion = 'Copia registro civil de nacimiento del afiliado principal'), 'MENOS_1_5_SM_0_POR_CIENTO', 'ACTUALIZAR_INFORMACION_PADRE_MADRE_BIOLOGICO_PERSONA_DEPWEB', 1, 'Se revisa: - No debe tener tachones o enmendaduras - El tipo y número de documento de los padres deben coincidir con los registrados en el formulario de  afiliación - Los nombres y apellidos del afiliado principal y sus padres deben corresponder a los registrados en los demás documentos soporte', 'ESTANDAR'),
('OBLIGATORIO', (SELECT reqId FROM Requisito WHERE reqDescripcion = 'Copia registro civil de nacimiento del afiliado principal'), 'MENOS_1_5_SM_2_POR_CIENTO', 'ACTUALIZAR_INFORMACION_PADRE_MADRE_BIOLOGICO_PERSONA_DEPWEB', 1, 'Se revisa: - No debe tener tachones o enmendaduras - El tipo y número de documento de los padres deben coincidir con los registrados en el formulario de  afiliación - Los nombres y apellidos del afiliado principal y sus padres deben corresponder a los registrados en los demás documentos soporte', 'ESTANDAR'),
('OBLIGATORIO', (SELECT reqId FROM Requisito WHERE reqDescripcion = 'Copia registro civil de nacimiento del afiliado principal'), 'PADRE', 'ACTUALIZAR_INFORMACION_PADRE_MADRE_BIOLOGICO_PERSONA_DEPWEB', 1, 'Se revisa: - No debe tener tachones o enmendaduras - El tipo y número de documento de los padres deben coincidir con los registrados en el formulario de  afiliación - Los nombres y apellidos del afiliado principal y sus padres deben corresponder a los registrados en los demás documentos soporte', 'ESTANDAR'),
('OBLIGATORIO', (SELECT reqId FROM Requisito WHERE reqDescripcion = 'Copia registro civil de nacimiento del afiliado principal'), 'PENSION_FAMILIAR', 'ACTUALIZAR_INFORMACION_PADRE_MADRE_BIOLOGICO_PERSONA_DEPWEB', 1, 'Se revisa: - No debe tener tachones o enmendaduras - El tipo y número de documento de los padres deben coincidir con los registrados en el formulario de  afiliación - Los nombres y apellidos del afiliado principal y sus padres deben corresponder a los registrados en los demás documentos soporte', 'ESTANDAR'),
('OBLIGATORIO', (SELECT reqId FROM Requisito WHERE reqDescripcion = 'Copia registro civil de nacimiento del afiliado principal'), 'TRABAJADOR_DEPENDIENTE', 'ACTUALIZAR_INFORMACION_PADRE_MADRE_BIOLOGICO_PERSONA_DEPWEB', 1, 'Se revisa: - No debe tener tachones o enmendaduras - El tipo y número de documento de los padres deben coincidir con los registrados en el formulario de  afiliación - Los nombres y apellidos del afiliado principal y sus padres deben corresponder a los registrados en los demás documentos soporte', 'ESTANDAR'),
('OBLIGATORIO', (SELECT reqId FROM Requisito WHERE reqDescripcion = 'Copia registro civil de nacimiento del afiliado principal'), 'TRABAJADOR_INDEPENDIENTE_0_6_POR_CIENTO', 'ACTUALIZAR_INFORMACION_PADRE_MADRE_BIOLOGICO_PERSONA_DEPWEB', 1, 'Se revisa: - No debe tener tachones o enmendaduras - El tipo y número de documento de los padres deben coincidir con los registrados en el formulario de  afiliación - Los nombres y apellidos del afiliado principal y sus padres deben corresponder a los registrados en los demás documentos soporte', 'ESTANDAR'),
('OBLIGATORIO', (SELECT reqId FROM Requisito WHERE reqDescripcion = 'Copia registro civil de nacimiento del afiliado principal'), 'TRABAJADOR_INDEPENDIENTE_2_POR_CIENTO', 'ACTUALIZAR_INFORMACION_PADRE_MADRE_BIOLOGICO_PERSONA_DEPWEB', 1, 'Se revisa: - No debe tener tachones o enmendaduras - El tipo y número de documento de los padres deben coincidir con los registrados en el formulario de  afiliación - Los nombres y apellidos del afiliado principal y sus padres deben corresponder a los registrados en los demás documentos soporte', 'ESTANDAR'),
('OBLIGATORIO', (SELECT reqId FROM Requisito WHERE reqDescripcion = 'Copia registro civil de nacimiento del afiliado principal'), 'PERSONA', 'ACTUALIZAR_INFORMACION_PADRE_MADRE_BIOLOGICO_PERSONA_DEPWEB', 1, 'Se revisa: - No debe tener tachones o enmendaduras - El tipo y número de documento de los padres deben coincidir con los registrados en el formulario de  afiliación - Los nombres y apellidos del afiliado principal y sus padres deben corresponder a los registrados en los demás documentos soporte', 'ESTANDAR'),
('OPCIONAL', (SELECT reqId FROM Requisito WHERE reqDescripcion = 'Copia de registro civil de defunción de la persona objeto de la novedad'), 'BENEFICIARIO_EN_CUSTODIA', 'ACTUALIZAR_INFORMACION_PADRE_MADRE_BIOLOGICO_PERSONA_DEPWEB', 1, 'Se revisa: - No debe tener tachones o enmendaduras - El nombre y apellido de la persona relacionada en el documento debe corresponder con la información del afiliado principal (nombres, apellidos, tipo y número de documento de identificación) - Que la fecha del registro civil de defunción sea válida (no futura) - Emitido por la Registraduría Nacional del Estado Civil', 'ESTANDAR'),
('OPCIONAL', (SELECT reqId FROM Requisito WHERE reqDescripcion = 'Copia de registro civil de defunción de la persona objeto de la novedad'), 'CONYUGE', 'ACTUALIZAR_INFORMACION_PADRE_MADRE_BIOLOGICO_PERSONA_DEPWEB', 1, 'Se revisa: - No debe tener tachones o enmendaduras - El nombre y apellido de la persona relacionada en el documento debe corresponder con la información del afiliado principal (nombres, apellidos, tipo y número de documento de identificación) - Que la fecha del registro civil de defunción sea válida (no futura) - Emitido por la Registraduría Nacional del Estado Civil', 'ESTANDAR'),
('OPCIONAL', (SELECT reqId FROM Requisito WHERE reqDescripcion = 'Copia de registro civil de defunción de la persona objeto de la novedad'), 'FIDELIDAD_25_ANIOS', 'ACTUALIZAR_INFORMACION_PADRE_MADRE_BIOLOGICO_PERSONA_DEPWEB', 1, 'Se revisa: - No debe tener tachones o enmendaduras - El nombre y apellido de la persona relacionada en el documento debe corresponder con la información del afiliado principal (nombres, apellidos, tipo y número de documento de identificación) - Que la fecha del registro civil de defunción sea válida (no futura) - Emitido por la Registraduría Nacional del Estado Civil', 'ESTANDAR'),
('OPCIONAL', (SELECT reqId FROM Requisito WHERE reqDescripcion = 'Copia de registro civil de defunción de la persona objeto de la novedad'), 'HERMANO_HUERFANO_DE_PADRES', 'ACTUALIZAR_INFORMACION_PADRE_MADRE_BIOLOGICO_PERSONA_DEPWEB', 1, 'Se revisa: - No debe tener tachones o enmendaduras - El nombre y apellido de la persona relacionada en el documento debe corresponder con la información del afiliado principal (nombres, apellidos, tipo y número de documento de identificación) - Que la fecha del registro civil de defunción sea válida (no futura) - Emitido por la Registraduría Nacional del Estado Civil', 'ESTANDAR'),
('OPCIONAL', (SELECT reqId FROM Requisito WHERE reqDescripcion = 'Copia de registro civil de defunción de la persona objeto de la novedad'), 'HIJASTRO', 'ACTUALIZAR_INFORMACION_PADRE_MADRE_BIOLOGICO_PERSONA_DEPWEB', 1, 'Se revisa: - No debe tener tachones o enmendaduras - El nombre y apellido de la persona relacionada en el documento debe corresponder con la información del afiliado principal (nombres, apellidos, tipo y número de documento de identificación) - Que la fecha del registro civil de defunción sea válida (no futura) - Emitido por la Registraduría Nacional del Estado Civil', 'ESTANDAR'),
('OPCIONAL', (SELECT reqId FROM Requisito WHERE reqDescripcion = 'Copia de registro civil de defunción de la persona objeto de la novedad'), 'HIJO_ADOPTIVO', 'ACTUALIZAR_INFORMACION_PADRE_MADRE_BIOLOGICO_PERSONA_DEPWEB', 1, 'Se revisa: - No debe tener tachones o enmendaduras - El nombre y apellido de la persona relacionada en el documento debe corresponder con la información del afiliado principal (nombres, apellidos, tipo y número de documento de identificación) - Que la fecha del registro civil de defunción sea válida (no futura) - Emitido por la Registraduría Nacional del Estado Civil', 'ESTANDAR'),
('OPCIONAL', (SELECT reqId FROM Requisito WHERE reqDescripcion = 'Copia de registro civil de defunción de la persona objeto de la novedad'), 'HIJO_BIOLOGICO', 'ACTUALIZAR_INFORMACION_PADRE_MADRE_BIOLOGICO_PERSONA_DEPWEB', 1, 'Se revisa: - No debe tener tachones o enmendaduras - El nombre y apellido de la persona relacionada en el documento debe corresponder con la información del afiliado principal (nombres, apellidos, tipo y número de documento de identificación) - Que la fecha del registro civil de defunción sea válida (no futura) - Emitido por la Registraduría Nacional del Estado Civil', 'ESTANDAR'),
('OPCIONAL', (SELECT reqId FROM Requisito WHERE reqDescripcion = 'Copia de registro civil de defunción de la persona objeto de la novedad'), 'MADRE', 'ACTUALIZAR_INFORMACION_PADRE_MADRE_BIOLOGICO_PERSONA_DEPWEB', 1, 'Se revisa: - No debe tener tachones o enmendaduras - El nombre y apellido de la persona relacionada en el documento debe corresponder con la información del afiliado principal (nombres, apellidos, tipo y número de documento de identificación) - Que la fecha del registro civil de defunción sea válida (no futura) - Emitido por la Registraduría Nacional del Estado Civil', 'ESTANDAR'),
('OPCIONAL', (SELECT reqId FROM Requisito WHERE reqDescripcion = 'Copia de registro civil de defunción de la persona objeto de la novedad'), 'MAS_1_5_SM_0_6_POR_CIENTO', 'ACTUALIZAR_INFORMACION_PADRE_MADRE_BIOLOGICO_PERSONA_DEPWEB', 1, 'Se revisa: - No debe tener tachones o enmendaduras - El nombre y apellido de la persona relacionada en el documento debe corresponder con la información del afiliado principal (nombres, apellidos, tipo y número de documento de identificación) - Que la fecha del registro civil de defunción sea válida (no futura) - Emitido por la Registraduría Nacional del Estado Civil', 'ESTANDAR'),
('OPCIONAL', (SELECT reqId FROM Requisito WHERE reqDescripcion = 'Copia de registro civil de defunción de la persona objeto de la novedad'), 'MAS_1_5_SM_2_POR_CIENTO', 'ACTUALIZAR_INFORMACION_PADRE_MADRE_BIOLOGICO_PERSONA_DEPWEB', 1, 'Se revisa: - No debe tener tachones o enmendaduras - El nombre y apellido de la persona relacionada en el documento debe corresponder con la información del afiliado principal (nombres, apellidos, tipo y número de documento de identificación) - Que la fecha del registro civil de defunción sea válida (no futura) - Emitido por la Registraduría Nacional del Estado Civil', 'ESTANDAR'),
('OPCIONAL', (SELECT reqId FROM Requisito WHERE reqDescripcion = 'Copia de registro civil de defunción de la persona objeto de la novedad'), 'MENOS_1_5_SM_0_6_POR_CIENTO', 'ACTUALIZAR_INFORMACION_PADRE_MADRE_BIOLOGICO_PERSONA_DEPWEB', 1, 'Se revisa: - No debe tener tachones o enmendaduras - El nombre y apellido de la persona relacionada en el documento debe corresponder con la información del afiliado principal (nombres, apellidos, tipo y número de documento de identificación) - Que la fecha del registro civil de defunción sea válida (no futura) - Emitido por la Registraduría Nacional del Estado Civil', 'ESTANDAR'),
('OPCIONAL', (SELECT reqId FROM Requisito WHERE reqDescripcion = 'Copia de registro civil de defunción de la persona objeto de la novedad'), 'MENOS_1_5_SM_0_POR_CIENTO', 'ACTUALIZAR_INFORMACION_PADRE_MADRE_BIOLOGICO_PERSONA_DEPWEB', 1, 'Se revisa: - No debe tener tachones o enmendaduras - El nombre y apellido de la persona relacionada en el documento debe corresponder con la información del afiliado principal (nombres, apellidos, tipo y número de documento de identificación) - Que la fecha del registro civil de defunción sea válida (no futura) - Emitido por la Registraduría Nacional del Estado Civil', 'ESTANDAR'),
('OPCIONAL', (SELECT reqId FROM Requisito WHERE reqDescripcion = 'Copia de registro civil de defunción de la persona objeto de la novedad'), 'MENOS_1_5_SM_2_POR_CIENTO', 'ACTUALIZAR_INFORMACION_PADRE_MADRE_BIOLOGICO_PERSONA_DEPWEB', 1, 'Se revisa: - No debe tener tachones o enmendaduras - El nombre y apellido de la persona relacionada en el documento debe corresponder con la información del afiliado principal (nombres, apellidos, tipo y número de documento de identificación) - Que la fecha del registro civil de defunción sea válida (no futura) - Emitido por la Registraduría Nacional del Estado Civil', 'ESTANDAR'),
('OPCIONAL', (SELECT reqId FROM Requisito WHERE reqDescripcion = 'Copia de registro civil de defunción de la persona objeto de la novedad'), 'PADRE', 'ACTUALIZAR_INFORMACION_PADRE_MADRE_BIOLOGICO_PERSONA_DEPWEB', 1, 'Se revisa: - No debe tener tachones o enmendaduras - El nombre y apellido de la persona relacionada en el documento debe corresponder con la información del afiliado principal (nombres, apellidos, tipo y número de documento de identificación) - Que la fecha del registro civil de defunción sea válida (no futura) - Emitido por la Registraduría Nacional del Estado Civil', 'ESTANDAR'),
('OPCIONAL', (SELECT reqId FROM Requisito WHERE reqDescripcion = 'Copia de registro civil de defunción de la persona objeto de la novedad'), 'PENSION_FAMILIAR', 'ACTUALIZAR_INFORMACION_PADRE_MADRE_BIOLOGICO_PERSONA_DEPWEB', 1, 'Se revisa: - No debe tener tachones o enmendaduras - El nombre y apellido de la persona relacionada en el documento debe corresponder con la información del afiliado principal (nombres, apellidos, tipo y número de documento de identificación) - Que la fecha del registro civil de defunción sea válida (no futura) - Emitido por la Registraduría Nacional del Estado Civil', 'ESTANDAR'),
('OPCIONAL', (SELECT reqId FROM Requisito WHERE reqDescripcion = 'Copia de registro civil de defunción de la persona objeto de la novedad'), 'TRABAJADOR_DEPENDIENTE', 'ACTUALIZAR_INFORMACION_PADRE_MADRE_BIOLOGICO_PERSONA_DEPWEB', 1, 'Se revisa: - No debe tener tachones o enmendaduras - El nombre y apellido de la persona relacionada en el documento debe corresponder con la información del afiliado principal (nombres, apellidos, tipo y número de documento de identificación) - Que la fecha del registro civil de defunción sea válida (no futura) - Emitido por la Registraduría Nacional del Estado Civil', 'ESTANDAR'),
('OPCIONAL', (SELECT reqId FROM Requisito WHERE reqDescripcion = 'Copia de registro civil de defunción de la persona objeto de la novedad'), 'TRABAJADOR_INDEPENDIENTE_0_6_POR_CIENTO', 'ACTUALIZAR_INFORMACION_PADRE_MADRE_BIOLOGICO_PERSONA_DEPWEB', 1, 'Se revisa: - No debe tener tachones o enmendaduras - El nombre y apellido de la persona relacionada en el documento debe corresponder con la información del afiliado principal (nombres, apellidos, tipo y número de documento de identificación) - Que la fecha del registro civil de defunción sea válida (no futura) - Emitido por la Registraduría Nacional del Estado Civil', 'ESTANDAR'),
('OPCIONAL', (SELECT reqId FROM Requisito WHERE reqDescripcion = 'Copia de registro civil de defunción de la persona objeto de la novedad'), 'TRABAJADOR_INDEPENDIENTE_2_POR_CIENTO', 'ACTUALIZAR_INFORMACION_PADRE_MADRE_BIOLOGICO_PERSONA_DEPWEB', 1, 'Se revisa: - No debe tener tachones o enmendaduras - El nombre y apellido de la persona relacionada en el documento debe corresponder con la información del afiliado principal (nombres, apellidos, tipo y número de documento de identificación) - Que la fecha del registro civil de defunción sea válida (no futura) - Emitido por la Registraduría Nacional del Estado Civil', 'ESTANDAR'),
('OPCIONAL', (SELECT reqId FROM Requisito WHERE reqDescripcion = 'Copia de registro civil de defunción de la persona objeto de la novedad'), 'PERSONA', 'ACTUALIZAR_INFORMACION_PADRE_MADRE_BIOLOGICO_PERSONA_DEPWEB', 1, 'Se revisa: - No debe tener tachones o enmendaduras - El nombre y apellido de la persona relacionada en el documento debe corresponder con la información del afiliado principal (nombres, apellidos, tipo y número de documento de identificación) - Que la fecha del registro civil de defunción sea válida (no futura) - Emitido por la Registraduría Nacional del Estado Civil', 'ESTANDAR'),
('OBLIGATORIO', (SELECT reqId FROM Requisito WHERE reqDescripcion = 'Copia registro civil de nacimiento del afiliado principal'), 'BENEFICIARIO_EN_CUSTODIA', 'ACTUALIZAR_INFORMACION_PADRE_MADRE_BIOLOGICO_PERSONA_PRESENCIAL', 1, 'Se revisa: - No debe tener tachones o enmendaduras - El tipo y número de documento de los padres deben coincidir con los registrados en el formulario de  afiliación - Los nombres y apellidos del afiliado principal y sus padres deben corresponder a los registrados en los demás documentos soporte', 'ESTANDAR'),
('OBLIGATORIO', (SELECT reqId FROM Requisito WHERE reqDescripcion = 'Copia registro civil de nacimiento del afiliado principal'), 'CONYUGE', 'ACTUALIZAR_INFORMACION_PADRE_MADRE_BIOLOGICO_PERSONA_PRESENCIAL', 1, 'Se revisa: - No debe tener tachones o enmendaduras - El tipo y número de documento de los padres deben coincidir con los registrados en el formulario de  afiliación - Los nombres y apellidos del afiliado principal y sus padres deben corresponder a los registrados en los demás documentos soporte', 'ESTANDAR'),
('OBLIGATORIO', (SELECT reqId FROM Requisito WHERE reqDescripcion = 'Copia registro civil de nacimiento del afiliado principal'), 'FIDELIDAD_25_ANIOS', 'ACTUALIZAR_INFORMACION_PADRE_MADRE_BIOLOGICO_PERSONA_PRESENCIAL', 1, 'Se revisa: - No debe tener tachones o enmendaduras - El tipo y número de documento de los padres deben coincidir con los registrados en el formulario de  afiliación - Los nombres y apellidos del afiliado principal y sus padres deben corresponder a los registrados en los demás documentos soporte', 'ESTANDAR'),
('OBLIGATORIO', (SELECT reqId FROM Requisito WHERE reqDescripcion = 'Copia registro civil de nacimiento del afiliado principal'), 'HERMANO_HUERFANO_DE_PADRES', 'ACTUALIZAR_INFORMACION_PADRE_MADRE_BIOLOGICO_PERSONA_PRESENCIAL', 1, 'Se revisa: - No debe tener tachones o enmendaduras - El tipo y número de documento de los padres deben coincidir con los registrados en el formulario de  afiliación - Los nombres y apellidos del afiliado principal y sus padres deben corresponder a los registrados en los demás documentos soporte', 'ESTANDAR'),
('OBLIGATORIO', (SELECT reqId FROM Requisito WHERE reqDescripcion = 'Copia registro civil de nacimiento del afiliado principal'), 'HIJASTRO', 'ACTUALIZAR_INFORMACION_PADRE_MADRE_BIOLOGICO_PERSONA_PRESENCIAL', 1, 'Se revisa: - No debe tener tachones o enmendaduras - El tipo y número de documento de los padres deben coincidir con los registrados en el formulario de  afiliación - Los nombres y apellidos del afiliado principal y sus padres deben corresponder a los registrados en los demás documentos soporte', 'ESTANDAR'),
('OBLIGATORIO', (SELECT reqId FROM Requisito WHERE reqDescripcion = 'Copia registro civil de nacimiento del afiliado principal'), 'HIJO_ADOPTIVO', 'ACTUALIZAR_INFORMACION_PADRE_MADRE_BIOLOGICO_PERSONA_PRESENCIAL', 1, 'Se revisa: - No debe tener tachones o enmendaduras - El tipo y número de documento de los padres deben coincidir con los registrados en el formulario de  afiliación - Los nombres y apellidos del afiliado principal y sus padres deben corresponder a los registrados en los demás documentos soporte', 'ESTANDAR'),
('OBLIGATORIO', (SELECT reqId FROM Requisito WHERE reqDescripcion = 'Copia registro civil de nacimiento del afiliado principal'), 'HIJO_BIOLOGICO', 'ACTUALIZAR_INFORMACION_PADRE_MADRE_BIOLOGICO_PERSONA_PRESENCIAL', 1, 'Se revisa: - No debe tener tachones o enmendaduras - El tipo y número de documento de los padres deben coincidir con los registrados en el formulario de  afiliación - Los nombres y apellidos del afiliado principal y sus padres deben corresponder a los registrados en los demás documentos soporte', 'ESTANDAR'),
('OBLIGATORIO', (SELECT reqId FROM Requisito WHERE reqDescripcion = 'Copia registro civil de nacimiento del afiliado principal'), 'MADRE', 'ACTUALIZAR_INFORMACION_PADRE_MADRE_BIOLOGICO_PERSONA_PRESENCIAL', 1, 'Se revisa: - No debe tener tachones o enmendaduras - El tipo y número de documento de los padres deben coincidir con los registrados en el formulario de  afiliación - Los nombres y apellidos del afiliado principal y sus padres deben corresponder a los registrados en los demás documentos soporte', 'ESTANDAR'),
('OBLIGATORIO', (SELECT reqId FROM Requisito WHERE reqDescripcion = 'Copia registro civil de nacimiento del afiliado principal'), 'MAS_1_5_SM_0_6_POR_CIENTO', 'ACTUALIZAR_INFORMACION_PADRE_MADRE_BIOLOGICO_PERSONA_PRESENCIAL', 1, 'Se revisa: - No debe tener tachones o enmendaduras - El tipo y número de documento de los padres deben coincidir con los registrados en el formulario de  afiliación - Los nombres y apellidos del afiliado principal y sus padres deben corresponder a los registrados en los demás documentos soporte', 'ESTANDAR'),
('OBLIGATORIO', (SELECT reqId FROM Requisito WHERE reqDescripcion = 'Copia registro civil de nacimiento del afiliado principal'), 'MAS_1_5_SM_2_POR_CIENTO', 'ACTUALIZAR_INFORMACION_PADRE_MADRE_BIOLOGICO_PERSONA_PRESENCIAL', 1, 'Se revisa: - No debe tener tachones o enmendaduras - El tipo y número de documento de los padres deben coincidir con los registrados en el formulario de  afiliación - Los nombres y apellidos del afiliado principal y sus padres deben corresponder a los registrados en los demás documentos soporte', 'ESTANDAR'),
('OBLIGATORIO', (SELECT reqId FROM Requisito WHERE reqDescripcion = 'Copia registro civil de nacimiento del afiliado principal'), 'MENOS_1_5_SM_0_6_POR_CIENTO', 'ACTUALIZAR_INFORMACION_PADRE_MADRE_BIOLOGICO_PERSONA_PRESENCIAL', 1, 'Se revisa: - No debe tener tachones o enmendaduras - El tipo y número de documento de los padres deben coincidir con los registrados en el formulario de  afiliación - Los nombres y apellidos del afiliado principal y sus padres deben corresponder a los registrados en los demás documentos soporte', 'ESTANDAR'),
('OBLIGATORIO', (SELECT reqId FROM Requisito WHERE reqDescripcion = 'Copia registro civil de nacimiento del afiliado principal'), 'MENOS_1_5_SM_0_POR_CIENTO', 'ACTUALIZAR_INFORMACION_PADRE_MADRE_BIOLOGICO_PERSONA_PRESENCIAL', 1, 'Se revisa: - No debe tener tachones o enmendaduras - El tipo y número de documento de los padres deben coincidir con los registrados en el formulario de  afiliación - Los nombres y apellidos del afiliado principal y sus padres deben corresponder a los registrados en los demás documentos soporte', 'ESTANDAR'),
('OBLIGATORIO', (SELECT reqId FROM Requisito WHERE reqDescripcion = 'Copia registro civil de nacimiento del afiliado principal'), 'MENOS_1_5_SM_2_POR_CIENTO', 'ACTUALIZAR_INFORMACION_PADRE_MADRE_BIOLOGICO_PERSONA_PRESENCIAL', 1, 'Se revisa: - No debe tener tachones o enmendaduras - El tipo y número de documento de los padres deben coincidir con los registrados en el formulario de  afiliación - Los nombres y apellidos del afiliado principal y sus padres deben corresponder a los registrados en los demás documentos soporte', 'ESTANDAR'),
('OBLIGATORIO', (SELECT reqId FROM Requisito WHERE reqDescripcion = 'Copia registro civil de nacimiento del afiliado principal'), 'PADRE', 'ACTUALIZAR_INFORMACION_PADRE_MADRE_BIOLOGICO_PERSONA_PRESENCIAL', 1, 'Se revisa: - No debe tener tachones o enmendaduras - El tipo y número de documento de los padres deben coincidir con los registrados en el formulario de  afiliación - Los nombres y apellidos del afiliado principal y sus padres deben corresponder a los registrados en los demás documentos soporte', 'ESTANDAR'),
('OBLIGATORIO', (SELECT reqId FROM Requisito WHERE reqDescripcion = 'Copia registro civil de nacimiento del afiliado principal'), 'PENSION_FAMILIAR', 'ACTUALIZAR_INFORMACION_PADRE_MADRE_BIOLOGICO_PERSONA_PRESENCIAL', 1, 'Se revisa: - No debe tener tachones o enmendaduras - El tipo y número de documento de los padres deben coincidir con los registrados en el formulario de  afiliación - Los nombres y apellidos del afiliado principal y sus padres deben corresponder a los registrados en los demás documentos soporte', 'ESTANDAR'),
('OBLIGATORIO', (SELECT reqId FROM Requisito WHERE reqDescripcion = 'Copia registro civil de nacimiento del afiliado principal'), 'TRABAJADOR_DEPENDIENTE', 'ACTUALIZAR_INFORMACION_PADRE_MADRE_BIOLOGICO_PERSONA_PRESENCIAL', 1, 'Se revisa: - No debe tener tachones o enmendaduras - El tipo y número de documento de los padres deben coincidir con los registrados en el formulario de  afiliación - Los nombres y apellidos del afiliado principal y sus padres deben corresponder a los registrados en los demás documentos soporte', 'ESTANDAR'),
('OBLIGATORIO', (SELECT reqId FROM Requisito WHERE reqDescripcion = 'Copia registro civil de nacimiento del afiliado principal'), 'TRABAJADOR_INDEPENDIENTE_0_6_POR_CIENTO', 'ACTUALIZAR_INFORMACION_PADRE_MADRE_BIOLOGICO_PERSONA_PRESENCIAL', 1, 'Se revisa: - No debe tener tachones o enmendaduras - El tipo y número de documento de los padres deben coincidir con los registrados en el formulario de  afiliación - Los nombres y apellidos del afiliado principal y sus padres deben corresponder a los registrados en los demás documentos soporte', 'ESTANDAR'),
('OBLIGATORIO', (SELECT reqId FROM Requisito WHERE reqDescripcion = 'Copia registro civil de nacimiento del afiliado principal'), 'TRABAJADOR_INDEPENDIENTE_2_POR_CIENTO', 'ACTUALIZAR_INFORMACION_PADRE_MADRE_BIOLOGICO_PERSONA_PRESENCIAL', 1, 'Se revisa: - No debe tener tachones o enmendaduras - El tipo y número de documento de los padres deben coincidir con los registrados en el formulario de  afiliación - Los nombres y apellidos del afiliado principal y sus padres deben corresponder a los registrados en los demás documentos soporte', 'ESTANDAR'),
('OBLIGATORIO', (SELECT reqId FROM Requisito WHERE reqDescripcion = 'Copia registro civil de nacimiento del afiliado principal'), 'PERSONA', 'ACTUALIZAR_INFORMACION_PADRE_MADRE_BIOLOGICO_PERSONA_PRESENCIAL', 1, 'Se revisa: - No debe tener tachones o enmendaduras - El tipo y número de documento de los padres deben coincidir con los registrados en el formulario de  afiliación - Los nombres y apellidos del afiliado principal y sus padres deben corresponder a los registrados en los demás documentos soporte', 'ESTANDAR'),
('OPCIONAL', (SELECT reqId FROM Requisito WHERE reqDescripcion = 'Copia de registro civil de defunción de la persona objeto de la novedad'), 'BENEFICIARIO_EN_CUSTODIA', 'ACTUALIZAR_INFORMACION_PADRE_MADRE_BIOLOGICO_PERSONA_PRESENCIAL', 1, 'Se revisa: - No debe tener tachones o enmendaduras - El nombre y apellido de la persona relacionada en el documento debe corresponder con la información del afiliado principal (nombres, apellidos, tipo y número de documento de identificación) - Que la fecha del registro civil de defunción sea válida (no futura) - Emitido por la Registraduría Nacional del Estado Civil', 'ESTANDAR'),
('OPCIONAL', (SELECT reqId FROM Requisito WHERE reqDescripcion = 'Copia de registro civil de defunción de la persona objeto de la novedad'), 'CONYUGE', 'ACTUALIZAR_INFORMACION_PADRE_MADRE_BIOLOGICO_PERSONA_PRESENCIAL', 1, 'Se revisa: - No debe tener tachones o enmendaduras - El nombre y apellido de la persona relacionada en el documento debe corresponder con la información del afiliado principal (nombres, apellidos, tipo y número de documento de identificación) - Que la fecha del registro civil de defunción sea válida (no futura) - Emitido por la Registraduría Nacional del Estado Civil', 'ESTANDAR'),
('OPCIONAL', (SELECT reqId FROM Requisito WHERE reqDescripcion = 'Copia de registro civil de defunción de la persona objeto de la novedad'), 'FIDELIDAD_25_ANIOS', 'ACTUALIZAR_INFORMACION_PADRE_MADRE_BIOLOGICO_PERSONA_PRESENCIAL', 1, 'Se revisa: - No debe tener tachones o enmendaduras - El nombre y apellido de la persona relacionada en el documento debe corresponder con la información del afiliado principal (nombres, apellidos, tipo y número de documento de identificación) - Que la fecha del registro civil de defunción sea válida (no futura) - Emitido por la Registraduría Nacional del Estado Civil', 'ESTANDAR'),
('OPCIONAL', (SELECT reqId FROM Requisito WHERE reqDescripcion = 'Copia de registro civil de defunción de la persona objeto de la novedad'), 'HERMANO_HUERFANO_DE_PADRES', 'ACTUALIZAR_INFORMACION_PADRE_MADRE_BIOLOGICO_PERSONA_PRESENCIAL', 1, 'Se revisa: - No debe tener tachones o enmendaduras - El nombre y apellido de la persona relacionada en el documento debe corresponder con la información del afiliado principal (nombres, apellidos, tipo y número de documento de identificación) - Que la fecha del registro civil de defunción sea válida (no futura) - Emitido por la Registraduría Nacional del Estado Civil', 'ESTANDAR'),
('OPCIONAL', (SELECT reqId FROM Requisito WHERE reqDescripcion = 'Copia de registro civil de defunción de la persona objeto de la novedad'), 'HIJASTRO', 'ACTUALIZAR_INFORMACION_PADRE_MADRE_BIOLOGICO_PERSONA_PRESENCIAL', 1, 'Se revisa: - No debe tener tachones o enmendaduras - El nombre y apellido de la persona relacionada en el documento debe corresponder con la información del afiliado principal (nombres, apellidos, tipo y número de documento de identificación) - Que la fecha del registro civil de defunción sea válida (no futura) - Emitido por la Registraduría Nacional del Estado Civil', 'ESTANDAR'),
('OPCIONAL', (SELECT reqId FROM Requisito WHERE reqDescripcion = 'Copia de registro civil de defunción de la persona objeto de la novedad'), 'HIJO_ADOPTIVO', 'ACTUALIZAR_INFORMACION_PADRE_MADRE_BIOLOGICO_PERSONA_PRESENCIAL', 1, 'Se revisa: - No debe tener tachones o enmendaduras - El nombre y apellido de la persona relacionada en el documento debe corresponder con la información del afiliado principal (nombres, apellidos, tipo y número de documento de identificación) - Que la fecha del registro civil de defunción sea válida (no futura) - Emitido por la Registraduría Nacional del Estado Civil', 'ESTANDAR'),
('OPCIONAL', (SELECT reqId FROM Requisito WHERE reqDescripcion = 'Copia de registro civil de defunción de la persona objeto de la novedad'), 'HIJO_BIOLOGICO', 'ACTUALIZAR_INFORMACION_PADRE_MADRE_BIOLOGICO_PERSONA_PRESENCIAL', 1, 'Se revisa: - No debe tener tachones o enmendaduras - El nombre y apellido de la persona relacionada en el documento debe corresponder con la información del afiliado principal (nombres, apellidos, tipo y número de documento de identificación) - Que la fecha del registro civil de defunción sea válida (no futura) - Emitido por la Registraduría Nacional del Estado Civil', 'ESTANDAR'),
('OPCIONAL', (SELECT reqId FROM Requisito WHERE reqDescripcion = 'Copia de registro civil de defunción de la persona objeto de la novedad'), 'MADRE', 'ACTUALIZAR_INFORMACION_PADRE_MADRE_BIOLOGICO_PERSONA_PRESENCIAL', 1, 'Se revisa: - No debe tener tachones o enmendaduras - El nombre y apellido de la persona relacionada en el documento debe corresponder con la información del afiliado principal (nombres, apellidos, tipo y número de documento de identificación) - Que la fecha del registro civil de defunción sea válida (no futura) - Emitido por la Registraduría Nacional del Estado Civil', 'ESTANDAR'),
('OPCIONAL', (SELECT reqId FROM Requisito WHERE reqDescripcion = 'Copia de registro civil de defunción de la persona objeto de la novedad'), 'MAS_1_5_SM_0_6_POR_CIENTO', 'ACTUALIZAR_INFORMACION_PADRE_MADRE_BIOLOGICO_PERSONA_PRESENCIAL', 1, 'Se revisa: - No debe tener tachones o enmendaduras - El nombre y apellido de la persona relacionada en el documento debe corresponder con la información del afiliado principal (nombres, apellidos, tipo y número de documento de identificación) - Que la fecha del registro civil de defunción sea válida (no futura) - Emitido por la Registraduría Nacional del Estado Civil', 'ESTANDAR'),
('OPCIONAL', (SELECT reqId FROM Requisito WHERE reqDescripcion = 'Copia de registro civil de defunción de la persona objeto de la novedad'), 'MAS_1_5_SM_2_POR_CIENTO', 'ACTUALIZAR_INFORMACION_PADRE_MADRE_BIOLOGICO_PERSONA_PRESENCIAL', 1, 'Se revisa: - No debe tener tachones o enmendaduras - El nombre y apellido de la persona relacionada en el documento debe corresponder con la información del afiliado principal (nombres, apellidos, tipo y número de documento de identificación) - Que la fecha del registro civil de defunción sea válida (no futura) - Emitido por la Registraduría Nacional del Estado Civil', 'ESTANDAR'),
('OPCIONAL', (SELECT reqId FROM Requisito WHERE reqDescripcion = 'Copia de registro civil de defunción de la persona objeto de la novedad'), 'MENOS_1_5_SM_0_6_POR_CIENTO', 'ACTUALIZAR_INFORMACION_PADRE_MADRE_BIOLOGICO_PERSONA_PRESENCIAL', 1, 'Se revisa: - No debe tener tachones o enmendaduras - El nombre y apellido de la persona relacionada en el documento debe corresponder con la información del afiliado principal (nombres, apellidos, tipo y número de documento de identificación) - Que la fecha del registro civil de defunción sea válida (no futura) - Emitido por la Registraduría Nacional del Estado Civil', 'ESTANDAR'),
('OPCIONAL', (SELECT reqId FROM Requisito WHERE reqDescripcion = 'Copia de registro civil de defunción de la persona objeto de la novedad'), 'MENOS_1_5_SM_0_POR_CIENTO', 'ACTUALIZAR_INFORMACION_PADRE_MADRE_BIOLOGICO_PERSONA_PRESENCIAL', 1, 'Se revisa: - No debe tener tachones o enmendaduras - El nombre y apellido de la persona relacionada en el documento debe corresponder con la información del afiliado principal (nombres, apellidos, tipo y número de documento de identificación) - Que la fecha del registro civil de defunción sea válida (no futura) - Emitido por la Registraduría Nacional del Estado Civil', 'ESTANDAR'),
('OPCIONAL', (SELECT reqId FROM Requisito WHERE reqDescripcion = 'Copia de registro civil de defunción de la persona objeto de la novedad'), 'MENOS_1_5_SM_2_POR_CIENTO', 'ACTUALIZAR_INFORMACION_PADRE_MADRE_BIOLOGICO_PERSONA_PRESENCIAL', 1, 'Se revisa: - No debe tener tachones o enmendaduras - El nombre y apellido de la persona relacionada en el documento debe corresponder con la información del afiliado principal (nombres, apellidos, tipo y número de documento de identificación) - Que la fecha del registro civil de defunción sea válida (no futura) - Emitido por la Registraduría Nacional del Estado Civil', 'ESTANDAR'),
('OPCIONAL', (SELECT reqId FROM Requisito WHERE reqDescripcion = 'Copia de registro civil de defunción de la persona objeto de la novedad'), 'PADRE', 'ACTUALIZAR_INFORMACION_PADRE_MADRE_BIOLOGICO_PERSONA_PRESENCIAL', 1, 'Se revisa: - No debe tener tachones o enmendaduras - El nombre y apellido de la persona relacionada en el documento debe corresponder con la información del afiliado principal (nombres, apellidos, tipo y número de documento de identificación) - Que la fecha del registro civil de defunción sea válida (no futura) - Emitido por la Registraduría Nacional del Estado Civil', 'ESTANDAR'),
('OPCIONAL', (SELECT reqId FROM Requisito WHERE reqDescripcion = 'Copia de registro civil de defunción de la persona objeto de la novedad'), 'PENSION_FAMILIAR', 'ACTUALIZAR_INFORMACION_PADRE_MADRE_BIOLOGICO_PERSONA_PRESENCIAL', 1, 'Se revisa: - No debe tener tachones o enmendaduras - El nombre y apellido de la persona relacionada en el documento debe corresponder con la información del afiliado principal (nombres, apellidos, tipo y número de documento de identificación) - Que la fecha del registro civil de defunción sea válida (no futura) - Emitido por la Registraduría Nacional del Estado Civil', 'ESTANDAR'),
('OPCIONAL', (SELECT reqId FROM Requisito WHERE reqDescripcion = 'Copia de registro civil de defunción de la persona objeto de la novedad'), 'TRABAJADOR_DEPENDIENTE', 'ACTUALIZAR_INFORMACION_PADRE_MADRE_BIOLOGICO_PERSONA_PRESENCIAL', 1, 'Se revisa: - No debe tener tachones o enmendaduras - El nombre y apellido de la persona relacionada en el documento debe corresponder con la información del afiliado principal (nombres, apellidos, tipo y número de documento de identificación) - Que la fecha del registro civil de defunción sea válida (no futura) - Emitido por la Registraduría Nacional del Estado Civil', 'ESTANDAR'),
('OPCIONAL', (SELECT reqId FROM Requisito WHERE reqDescripcion = 'Copia de registro civil de defunción de la persona objeto de la novedad'), 'TRABAJADOR_INDEPENDIENTE_0_6_POR_CIENTO', 'ACTUALIZAR_INFORMACION_PADRE_MADRE_BIOLOGICO_PERSONA_PRESENCIAL', 1, 'Se revisa: - No debe tener tachones o enmendaduras - El nombre y apellido de la persona relacionada en el documento debe corresponder con la información del afiliado principal (nombres, apellidos, tipo y número de documento de identificación) - Que la fecha del registro civil de defunción sea válida (no futura) - Emitido por la Registraduría Nacional del Estado Civil', 'ESTANDAR'),
('OPCIONAL', (SELECT reqId FROM Requisito WHERE reqDescripcion = 'Copia de registro civil de defunción de la persona objeto de la novedad'), 'TRABAJADOR_INDEPENDIENTE_2_POR_CIENTO', 'ACTUALIZAR_INFORMACION_PADRE_MADRE_BIOLOGICO_PERSONA_PRESENCIAL', 1, 'Se revisa: - No debe tener tachones o enmendaduras - El nombre y apellido de la persona relacionada en el documento debe corresponder con la información del afiliado principal (nombres, apellidos, tipo y número de documento de identificación) - Que la fecha del registro civil de defunción sea válida (no futura) - Emitido por la Registraduría Nacional del Estado Civil', 'ESTANDAR'),
('OPCIONAL', (SELECT reqId FROM Requisito WHERE reqDescripcion = 'Copia de registro civil de defunción de la persona objeto de la novedad'), 'PERSONA', 'ACTUALIZAR_INFORMACION_PADRE_MADRE_BIOLOGICO_PERSONA_PRESENCIAL', 1, 'Se revisa: - No debe tener tachones o enmendaduras - El nombre y apellido de la persona relacionada en el documento debe corresponder con la información del afiliado principal (nombres, apellidos, tipo y número de documento de identificación) - Que la fecha del registro civil de defunción sea válida (no futura) - Emitido por la Registraduría Nacional del Estado Civil', 'ESTANDAR'),
('OBLIGATORIO', (SELECT reqId FROM Requisito WHERE reqDescripcion = 'Copia registro civil de nacimiento del afiliado principal'), 'BENEFICIARIO_EN_CUSTODIA', 'ACTUALIZAR_INFORMACION_PADRE_MADRE_BIOLOGICO_PERSONA_WEB', 1, 'Se revisa: - No debe tener tachones o enmendaduras - El tipo y número de documento de los padres deben coincidir con los registrados en el formulario de  afiliación - Los nombres y apellidos del afiliado principal y sus padres deben corresponder a los registrados en los demás documentos soporte', 'ESTANDAR'),
('OBLIGATORIO', (SELECT reqId FROM Requisito WHERE reqDescripcion = 'Copia registro civil de nacimiento del afiliado principal'), 'CONYUGE', 'ACTUALIZAR_INFORMACION_PADRE_MADRE_BIOLOGICO_PERSONA_WEB', 1, 'Se revisa: - No debe tener tachones o enmendaduras - El tipo y número de documento de los padres deben coincidir con los registrados en el formulario de  afiliación - Los nombres y apellidos del afiliado principal y sus padres deben corresponder a los registrados en los demás documentos soporte', 'ESTANDAR'),
('OBLIGATORIO', (SELECT reqId FROM Requisito WHERE reqDescripcion = 'Copia registro civil de nacimiento del afiliado principal'), 'FIDELIDAD_25_ANIOS', 'ACTUALIZAR_INFORMACION_PADRE_MADRE_BIOLOGICO_PERSONA_WEB', 1, 'Se revisa: - No debe tener tachones o enmendaduras - El tipo y número de documento de los padres deben coincidir con los registrados en el formulario de  afiliación - Los nombres y apellidos del afiliado principal y sus padres deben corresponder a los registrados en los demás documentos soporte', 'ESTANDAR'),
('OBLIGATORIO', (SELECT reqId FROM Requisito WHERE reqDescripcion = 'Copia registro civil de nacimiento del afiliado principal'), 'HERMANO_HUERFANO_DE_PADRES', 'ACTUALIZAR_INFORMACION_PADRE_MADRE_BIOLOGICO_PERSONA_WEB', 1, 'Se revisa: - No debe tener tachones o enmendaduras - El tipo y número de documento de los padres deben coincidir con los registrados en el formulario de  afiliación - Los nombres y apellidos del afiliado principal y sus padres deben corresponder a los registrados en los demás documentos soporte', 'ESTANDAR'),
('OBLIGATORIO', (SELECT reqId FROM Requisito WHERE reqDescripcion = 'Copia registro civil de nacimiento del afiliado principal'), 'HIJASTRO', 'ACTUALIZAR_INFORMACION_PADRE_MADRE_BIOLOGICO_PERSONA_WEB', 1, 'Se revisa: - No debe tener tachones o enmendaduras - El tipo y número de documento de los padres deben coincidir con los registrados en el formulario de  afiliación - Los nombres y apellidos del afiliado principal y sus padres deben corresponder a los registrados en los demás documentos soporte', 'ESTANDAR'),
('OBLIGATORIO', (SELECT reqId FROM Requisito WHERE reqDescripcion = 'Copia registro civil de nacimiento del afiliado principal'), 'HIJO_ADOPTIVO', 'ACTUALIZAR_INFORMACION_PADRE_MADRE_BIOLOGICO_PERSONA_WEB', 1, 'Se revisa: - No debe tener tachones o enmendaduras - El tipo y número de documento de los padres deben coincidir con los registrados en el formulario de  afiliación - Los nombres y apellidos del afiliado principal y sus padres deben corresponder a los registrados en los demás documentos soporte', 'ESTANDAR'),
('OBLIGATORIO', (SELECT reqId FROM Requisito WHERE reqDescripcion = 'Copia registro civil de nacimiento del afiliado principal'), 'HIJO_BIOLOGICO', 'ACTUALIZAR_INFORMACION_PADRE_MADRE_BIOLOGICO_PERSONA_WEB', 1, 'Se revisa: - No debe tener tachones o enmendaduras - El tipo y número de documento de los padres deben coincidir con los registrados en el formulario de  afiliación - Los nombres y apellidos del afiliado principal y sus padres deben corresponder a los registrados en los demás documentos soporte', 'ESTANDAR'),
('OBLIGATORIO', (SELECT reqId FROM Requisito WHERE reqDescripcion = 'Copia registro civil de nacimiento del afiliado principal'), 'MADRE', 'ACTUALIZAR_INFORMACION_PADRE_MADRE_BIOLOGICO_PERSONA_WEB', 1, 'Se revisa: - No debe tener tachones o enmendaduras - El tipo y número de documento de los padres deben coincidir con los registrados en el formulario de  afiliación - Los nombres y apellidos del afiliado principal y sus padres deben corresponder a los registrados en los demás documentos soporte', 'ESTANDAR'),
('OBLIGATORIO', (SELECT reqId FROM Requisito WHERE reqDescripcion = 'Copia registro civil de nacimiento del afiliado principal'), 'MAS_1_5_SM_0_6_POR_CIENTO', 'ACTUALIZAR_INFORMACION_PADRE_MADRE_BIOLOGICO_PERSONA_WEB', 1, 'Se revisa: - No debe tener tachones o enmendaduras - El tipo y número de documento de los padres deben coincidir con los registrados en el formulario de  afiliación - Los nombres y apellidos del afiliado principal y sus padres deben corresponder a los registrados en los demás documentos soporte', 'ESTANDAR'),
('OBLIGATORIO', (SELECT reqId FROM Requisito WHERE reqDescripcion = 'Copia registro civil de nacimiento del afiliado principal'), 'MAS_1_5_SM_2_POR_CIENTO', 'ACTUALIZAR_INFORMACION_PADRE_MADRE_BIOLOGICO_PERSONA_WEB', 1, 'Se revisa: - No debe tener tachones o enmendaduras - El tipo y número de documento de los padres deben coincidir con los registrados en el formulario de  afiliación - Los nombres y apellidos del afiliado principal y sus padres deben corresponder a los registrados en los demás documentos soporte', 'ESTANDAR'),
('OBLIGATORIO', (SELECT reqId FROM Requisito WHERE reqDescripcion = 'Copia registro civil de nacimiento del afiliado principal'), 'MENOS_1_5_SM_0_6_POR_CIENTO', 'ACTUALIZAR_INFORMACION_PADRE_MADRE_BIOLOGICO_PERSONA_WEB', 1, 'Se revisa: - No debe tener tachones o enmendaduras - El tipo y número de documento de los padres deben coincidir con los registrados en el formulario de  afiliación - Los nombres y apellidos del afiliado principal y sus padres deben corresponder a los registrados en los demás documentos soporte', 'ESTANDAR'),
('OBLIGATORIO', (SELECT reqId FROM Requisito WHERE reqDescripcion = 'Copia registro civil de nacimiento del afiliado principal'), 'MENOS_1_5_SM_0_POR_CIENTO', 'ACTUALIZAR_INFORMACION_PADRE_MADRE_BIOLOGICO_PERSONA_WEB', 1, 'Se revisa: - No debe tener tachones o enmendaduras - El tipo y número de documento de los padres deben coincidir con los registrados en el formulario de  afiliación - Los nombres y apellidos del afiliado principal y sus padres deben corresponder a los registrados en los demás documentos soporte', 'ESTANDAR'),
('OBLIGATORIO', (SELECT reqId FROM Requisito WHERE reqDescripcion = 'Copia registro civil de nacimiento del afiliado principal'), 'MENOS_1_5_SM_2_POR_CIENTO', 'ACTUALIZAR_INFORMACION_PADRE_MADRE_BIOLOGICO_PERSONA_WEB', 1, 'Se revisa: - No debe tener tachones o enmendaduras - El tipo y número de documento de los padres deben coincidir con los registrados en el formulario de  afiliación - Los nombres y apellidos del afiliado principal y sus padres deben corresponder a los registrados en los demás documentos soporte', 'ESTANDAR'),
('OBLIGATORIO', (SELECT reqId FROM Requisito WHERE reqDescripcion = 'Copia registro civil de nacimiento del afiliado principal'), 'PADRE', 'ACTUALIZAR_INFORMACION_PADRE_MADRE_BIOLOGICO_PERSONA_WEB', 1, 'Se revisa: - No debe tener tachones o enmendaduras - El tipo y número de documento de los padres deben coincidir con los registrados en el formulario de  afiliación - Los nombres y apellidos del afiliado principal y sus padres deben corresponder a los registrados en los demás documentos soporte', 'ESTANDAR'),
('OBLIGATORIO', (SELECT reqId FROM Requisito WHERE reqDescripcion = 'Copia registro civil de nacimiento del afiliado principal'), 'PENSION_FAMILIAR', 'ACTUALIZAR_INFORMACION_PADRE_MADRE_BIOLOGICO_PERSONA_WEB', 1, 'Se revisa: - No debe tener tachones o enmendaduras - El tipo y número de documento de los padres deben coincidir con los registrados en el formulario de  afiliación - Los nombres y apellidos del afiliado principal y sus padres deben corresponder a los registrados en los demás documentos soporte', 'ESTANDAR'),
('OBLIGATORIO', (SELECT reqId FROM Requisito WHERE reqDescripcion = 'Copia registro civil de nacimiento del afiliado principal'), 'TRABAJADOR_DEPENDIENTE', 'ACTUALIZAR_INFORMACION_PADRE_MADRE_BIOLOGICO_PERSONA_WEB', 1, 'Se revisa: - No debe tener tachones o enmendaduras - El tipo y número de documento de los padres deben coincidir con los registrados en el formulario de  afiliación - Los nombres y apellidos del afiliado principal y sus padres deben corresponder a los registrados en los demás documentos soporte', 'ESTANDAR'),
('OBLIGATORIO', (SELECT reqId FROM Requisito WHERE reqDescripcion = 'Copia registro civil de nacimiento del afiliado principal'), 'TRABAJADOR_INDEPENDIENTE_0_6_POR_CIENTO', 'ACTUALIZAR_INFORMACION_PADRE_MADRE_BIOLOGICO_PERSONA_WEB', 1, 'Se revisa: - No debe tener tachones o enmendaduras - El tipo y número de documento de los padres deben coincidir con los registrados en el formulario de  afiliación - Los nombres y apellidos del afiliado principal y sus padres deben corresponder a los registrados en los demás documentos soporte', 'ESTANDAR'),
('OBLIGATORIO', (SELECT reqId FROM Requisito WHERE reqDescripcion = 'Copia registro civil de nacimiento del afiliado principal'), 'TRABAJADOR_INDEPENDIENTE_2_POR_CIENTO', 'ACTUALIZAR_INFORMACION_PADRE_MADRE_BIOLOGICO_PERSONA_WEB', 1, 'Se revisa: - No debe tener tachones o enmendaduras - El tipo y número de documento de los padres deben coincidir con los registrados en el formulario de  afiliación - Los nombres y apellidos del afiliado principal y sus padres deben corresponder a los registrados en los demás documentos soporte', 'ESTANDAR'),
('OBLIGATORIO', (SELECT reqId FROM Requisito WHERE reqDescripcion = 'Copia registro civil de nacimiento del afiliado principal'), 'PERSONA', 'ACTUALIZAR_INFORMACION_PADRE_MADRE_BIOLOGICO_PERSONA_WEB', 1, 'Se revisa: - No debe tener tachones o enmendaduras - El tipo y número de documento de los padres deben coincidir con los registrados en el formulario de  afiliación - Los nombres y apellidos del afiliado principal y sus padres deben corresponder a los registrados en los demás documentos soporte', 'ESTANDAR'),
('OPCIONAL', (SELECT reqId FROM Requisito WHERE reqDescripcion = 'Copia de registro civil de defunción de la persona objeto de la novedad'), 'BENEFICIARIO_EN_CUSTODIA', 'ACTUALIZAR_INFORMACION_PADRE_MADRE_BIOLOGICO_PERSONA_WEB', 1, 'Se revisa: - No debe tener tachones o enmendaduras - El nombre y apellido de la persona relacionada en el documento debe corresponder con la información del afiliado principal (nombres, apellidos, tipo y número de documento de identificación) - Que la fecha del registro civil de defunción sea válida (no futura) - Emitido por la Registraduría Nacional del Estado Civil', 'ESTANDAR'),
('OPCIONAL', (SELECT reqId FROM Requisito WHERE reqDescripcion = 'Copia de registro civil de defunción de la persona objeto de la novedad'), 'CONYUGE', 'ACTUALIZAR_INFORMACION_PADRE_MADRE_BIOLOGICO_PERSONA_WEB', 1, 'Se revisa: - No debe tener tachones o enmendaduras - El nombre y apellido de la persona relacionada en el documento debe corresponder con la información del afiliado principal (nombres, apellidos, tipo y número de documento de identificación) - Que la fecha del registro civil de defunción sea válida (no futura) - Emitido por la Registraduría Nacional del Estado Civil', 'ESTANDAR'),
('OPCIONAL', (SELECT reqId FROM Requisito WHERE reqDescripcion = 'Copia de registro civil de defunción de la persona objeto de la novedad'), 'FIDELIDAD_25_ANIOS', 'ACTUALIZAR_INFORMACION_PADRE_MADRE_BIOLOGICO_PERSONA_WEB', 1, 'Se revisa: - No debe tener tachones o enmendaduras - El nombre y apellido de la persona relacionada en el documento debe corresponder con la información del afiliado principal (nombres, apellidos, tipo y número de documento de identificación) - Que la fecha del registro civil de defunción sea válida (no futura) - Emitido por la Registraduría Nacional del Estado Civil', 'ESTANDAR'),
('OPCIONAL', (SELECT reqId FROM Requisito WHERE reqDescripcion = 'Copia de registro civil de defunción de la persona objeto de la novedad'), 'HERMANO_HUERFANO_DE_PADRES', 'ACTUALIZAR_INFORMACION_PADRE_MADRE_BIOLOGICO_PERSONA_WEB', 1, 'Se revisa: - No debe tener tachones o enmendaduras - El nombre y apellido de la persona relacionada en el documento debe corresponder con la información del afiliado principal (nombres, apellidos, tipo y número de documento de identificación) - Que la fecha del registro civil de defunción sea válida (no futura) - Emitido por la Registraduría Nacional del Estado Civil', 'ESTANDAR'),
('OPCIONAL', (SELECT reqId FROM Requisito WHERE reqDescripcion = 'Copia de registro civil de defunción de la persona objeto de la novedad'), 'HIJASTRO', 'ACTUALIZAR_INFORMACION_PADRE_MADRE_BIOLOGICO_PERSONA_WEB', 1, 'Se revisa: - No debe tener tachones o enmendaduras - El nombre y apellido de la persona relacionada en el documento debe corresponder con la información del afiliado principal (nombres, apellidos, tipo y número de documento de identificación) - Que la fecha del registro civil de defunción sea válida (no futura) - Emitido por la Registraduría Nacional del Estado Civil', 'ESTANDAR'),
('OPCIONAL', (SELECT reqId FROM Requisito WHERE reqDescripcion = 'Copia de registro civil de defunción de la persona objeto de la novedad'), 'HIJO_ADOPTIVO', 'ACTUALIZAR_INFORMACION_PADRE_MADRE_BIOLOGICO_PERSONA_WEB', 1, 'Se revisa: - No debe tener tachones o enmendaduras - El nombre y apellido de la persona relacionada en el documento debe corresponder con la información del afiliado principal (nombres, apellidos, tipo y número de documento de identificación) - Que la fecha del registro civil de defunción sea válida (no futura) - Emitido por la Registraduría Nacional del Estado Civil', 'ESTANDAR'),
('OPCIONAL', (SELECT reqId FROM Requisito WHERE reqDescripcion = 'Copia de registro civil de defunción de la persona objeto de la novedad'), 'HIJO_BIOLOGICO', 'ACTUALIZAR_INFORMACION_PADRE_MADRE_BIOLOGICO_PERSONA_WEB', 1, 'Se revisa: - No debe tener tachones o enmendaduras - El nombre y apellido de la persona relacionada en el documento debe corresponder con la información del afiliado principal (nombres, apellidos, tipo y número de documento de identificación) - Que la fecha del registro civil de defunción sea válida (no futura) - Emitido por la Registraduría Nacional del Estado Civil', 'ESTANDAR'),
('OPCIONAL', (SELECT reqId FROM Requisito WHERE reqDescripcion = 'Copia de registro civil de defunción de la persona objeto de la novedad'), 'MADRE', 'ACTUALIZAR_INFORMACION_PADRE_MADRE_BIOLOGICO_PERSONA_WEB', 1, 'Se revisa: - No debe tener tachones o enmendaduras - El nombre y apellido de la persona relacionada en el documento debe corresponder con la información del afiliado principal (nombres, apellidos, tipo y número de documento de identificación) - Que la fecha del registro civil de defunción sea válida (no futura) - Emitido por la Registraduría Nacional del Estado Civil', 'ESTANDAR'),
('OPCIONAL', (SELECT reqId FROM Requisito WHERE reqDescripcion = 'Copia de registro civil de defunción de la persona objeto de la novedad'), 'MAS_1_5_SM_0_6_POR_CIENTO', 'ACTUALIZAR_INFORMACION_PADRE_MADRE_BIOLOGICO_PERSONA_WEB', 1, 'Se revisa: - No debe tener tachones o enmendaduras - El nombre y apellido de la persona relacionada en el documento debe corresponder con la información del afiliado principal (nombres, apellidos, tipo y número de documento de identificación) - Que la fecha del registro civil de defunción sea válida (no futura) - Emitido por la Registraduría Nacional del Estado Civil', 'ESTANDAR'),
('OPCIONAL', (SELECT reqId FROM Requisito WHERE reqDescripcion = 'Copia de registro civil de defunción de la persona objeto de la novedad'), 'MAS_1_5_SM_2_POR_CIENTO', 'ACTUALIZAR_INFORMACION_PADRE_MADRE_BIOLOGICO_PERSONA_WEB', 1, 'Se revisa: - No debe tener tachones o enmendaduras - El nombre y apellido de la persona relacionada en el documento debe corresponder con la información del afiliado principal (nombres, apellidos, tipo y número de documento de identificación) - Que la fecha del registro civil de defunción sea válida (no futura) - Emitido por la Registraduría Nacional del Estado Civil', 'ESTANDAR'),
('OPCIONAL', (SELECT reqId FROM Requisito WHERE reqDescripcion = 'Copia de registro civil de defunción de la persona objeto de la novedad'), 'MENOS_1_5_SM_0_6_POR_CIENTO', 'ACTUALIZAR_INFORMACION_PADRE_MADRE_BIOLOGICO_PERSONA_WEB', 1, 'Se revisa: - No debe tener tachones o enmendaduras - El nombre y apellido de la persona relacionada en el documento debe corresponder con la información del afiliado principal (nombres, apellidos, tipo y número de documento de identificación) - Que la fecha del registro civil de defunción sea válida (no futura) - Emitido por la Registraduría Nacional del Estado Civil', 'ESTANDAR'),
('OPCIONAL', (SELECT reqId FROM Requisito WHERE reqDescripcion = 'Copia de registro civil de defunción de la persona objeto de la novedad'), 'MENOS_1_5_SM_0_POR_CIENTO', 'ACTUALIZAR_INFORMACION_PADRE_MADRE_BIOLOGICO_PERSONA_WEB', 1, 'Se revisa: - No debe tener tachones o enmendaduras - El nombre y apellido de la persona relacionada en el documento debe corresponder con la información del afiliado principal (nombres, apellidos, tipo y número de documento de identificación) - Que la fecha del registro civil de defunción sea válida (no futura) - Emitido por la Registraduría Nacional del Estado Civil', 'ESTANDAR'),
('OPCIONAL', (SELECT reqId FROM Requisito WHERE reqDescripcion = 'Copia de registro civil de defunción de la persona objeto de la novedad'), 'MENOS_1_5_SM_2_POR_CIENTO', 'ACTUALIZAR_INFORMACION_PADRE_MADRE_BIOLOGICO_PERSONA_WEB', 1, 'Se revisa: - No debe tener tachones o enmendaduras - El nombre y apellido de la persona relacionada en el documento debe corresponder con la información del afiliado principal (nombres, apellidos, tipo y número de documento de identificación) - Que la fecha del registro civil de defunción sea válida (no futura) - Emitido por la Registraduría Nacional del Estado Civil', 'ESTANDAR'),
('OPCIONAL', (SELECT reqId FROM Requisito WHERE reqDescripcion = 'Copia de registro civil de defunción de la persona objeto de la novedad'), 'PADRE', 'ACTUALIZAR_INFORMACION_PADRE_MADRE_BIOLOGICO_PERSONA_WEB', 1, 'Se revisa: - No debe tener tachones o enmendaduras - El nombre y apellido de la persona relacionada en el documento debe corresponder con la información del afiliado principal (nombres, apellidos, tipo y número de documento de identificación) - Que la fecha del registro civil de defunción sea válida (no futura) - Emitido por la Registraduría Nacional del Estado Civil', 'ESTANDAR'),
('OPCIONAL', (SELECT reqId FROM Requisito WHERE reqDescripcion = 'Copia de registro civil de defunción de la persona objeto de la novedad'), 'PENSION_FAMILIAR', 'ACTUALIZAR_INFORMACION_PADRE_MADRE_BIOLOGICO_PERSONA_WEB', 1, 'Se revisa: - No debe tener tachones o enmendaduras - El nombre y apellido de la persona relacionada en el documento debe corresponder con la información del afiliado principal (nombres, apellidos, tipo y número de documento de identificación) - Que la fecha del registro civil de defunción sea válida (no futura) - Emitido por la Registraduría Nacional del Estado Civil', 'ESTANDAR'),
('OPCIONAL', (SELECT reqId FROM Requisito WHERE reqDescripcion = 'Copia de registro civil de defunción de la persona objeto de la novedad'), 'TRABAJADOR_DEPENDIENTE', 'ACTUALIZAR_INFORMACION_PADRE_MADRE_BIOLOGICO_PERSONA_WEB', 1, 'Se revisa: - No debe tener tachones o enmendaduras - El nombre y apellido de la persona relacionada en el documento debe corresponder con la información del afiliado principal (nombres, apellidos, tipo y número de documento de identificación) - Que la fecha del registro civil de defunción sea válida (no futura) - Emitido por la Registraduría Nacional del Estado Civil', 'ESTANDAR'),
('OPCIONAL', (SELECT reqId FROM Requisito WHERE reqDescripcion = 'Copia de registro civil de defunción de la persona objeto de la novedad'), 'TRABAJADOR_INDEPENDIENTE_0_6_POR_CIENTO', 'ACTUALIZAR_INFORMACION_PADRE_MADRE_BIOLOGICO_PERSONA_WEB', 1, 'Se revisa: - No debe tener tachones o enmendaduras - El nombre y apellido de la persona relacionada en el documento debe corresponder con la información del afiliado principal (nombres, apellidos, tipo y número de documento de identificación) - Que la fecha del registro civil de defunción sea válida (no futura) - Emitido por la Registraduría Nacional del Estado Civil', 'ESTANDAR'),
('OPCIONAL', (SELECT reqId FROM Requisito WHERE reqDescripcion = 'Copia de registro civil de defunción de la persona objeto de la novedad'), 'TRABAJADOR_INDEPENDIENTE_2_POR_CIENTO', 'ACTUALIZAR_INFORMACION_PADRE_MADRE_BIOLOGICO_PERSONA_WEB', 1, 'Se revisa: - No debe tener tachones o enmendaduras - El nombre y apellido de la persona relacionada en el documento debe corresponder con la información del afiliado principal (nombres, apellidos, tipo y número de documento de identificación) - Que la fecha del registro civil de defunción sea válida (no futura) - Emitido por la Registraduría Nacional del Estado Civil', 'ESTANDAR'),
('OPCIONAL', (SELECT reqId FROM Requisito WHERE reqDescripcion = 'Copia de registro civil de defunción de la persona objeto de la novedad'), 'PERSONA', 'ACTUALIZAR_INFORMACION_PADRE_MADRE_BIOLOGICO_PERSONA_WEB', 1, 'Se revisa: - No debe tener tachones o enmendaduras - El nombre y apellido de la persona relacionada en el documento debe corresponder con la información del afiliado principal (nombres, apellidos, tipo y número de documento de identificación) - Que la fecha del registro civil de defunción sea válida (no futura) - Emitido por la Registraduría Nacional del Estado Civil', 'ESTANDAR');

--changeSET anbuitrago:05
--comment: 
CREATE TABLE HistoricoActivacionAcceso(
haaId BIGINT NOT NULL IDENTITY(1,1),
haatipoMovimiento VARCHAR(60),
haaFechaMovimiento DATETIME,
haaCanal VARCHAR(40),
haaEstado VARCHAR(10),
haaTipoVista VARCHAR(60),
haaPersonaResponsable BIGINT NOT NULL,
haaPersona BIGINT NOT NULL,
CONSTRAINT PK_HistoricoActivacionAcceso_haaId PRIMARY KEY(haaId)
);

--changeSET anbuitrago:06
--comment: 
ALTER TABLE	HistoricoActivacionAcceso ADD CONSTRAINT FK_HistoricoActivacionAcceso_haaPersonaResponsable FOREIGN KEY(haaPersonaResponsable) REFERENCES Persona(perId);
ALTER TABLE	HistoricoActivacionAcceso ADD CONSTRAINT FK_HistoricoActivacionAcceso_haaPersona FOREIGN KEY(haaPersona) REFERENCES Persona(perId);
